posting_id,image,image_phash,title,label_group,category
train_816089570,f9f15204772a6f66a10fd004d0ac0051.jpg,958daa23c31ec5ec,Mukena Anak Karakter LOL Paris Pink Cantik Usia 2-12 Tahun PAUD TK SD Bahan Katun Adem Motif Sajadah,1569494229,Nhà cửa & Đời sống
train_3205943724,0713b8ea0f09d938895250bf4867eb6a.jpg,e58e1e71da6c8895,\xe2\x9c\x94COD\xe2\x9c\x94 Mouse Wireless Bluetooth Banda AP-01 With Battery Mouse Bluetooth,1843178462,Điện tử
train_3544629667,9a12aa13d329a5f03abf42ef851e4233.jpg,eac69d3d9033c269,TAS RANSEL / TAS SEKOLAH / TAS BERANAK / TAS ANAK / TAS RANSEL WANITA RABBIT SET MULTIFUNGSI STYLISH,1030199315,Phụ kiện thời trang
train_2067597102,b0fc18946dd11e6e2d84d60300dd6178.jpg,f339f1b08e9d8131,Sandal Wudhu Masjid Musholla ( 9 PASANG ) | Sendal Sodakoh Sedekah Kantor Mushola Musala Mesjid,98063691,Phụ kiện thời trang
train_900519743,dc8485a36ab73721be216aae97edbe0c.jpg,fb8990b9843e8747,"Habbatussauda ""KURMA AJWA"" 120 Kapsul",1082203745,Thực phẩm & Đồ uống
train_2446614659,235cdd72d82da00e9b260ff275a3e877.jpg,eca193169e6b21f4,Speaker Universal SPK-S080 Subwoofer Speaker 2.1 Channel Design Speaker Audio for PC / Laptop New,1333574565,Điện tử
train_3727010165,5205dd18c0c32540e58848ef8418f77f.jpg,e2719d8c6263b5a5,ACNOC ACNESER Spot Gel 15g,3375312423,Sắc đẹp
train_1261404451,0ee29d56042b2ff25d171b0f090463a8.jpg,b62c2bc37b5e1486,Scarlett Whitening Brightly Ever After Serum,1163569239,Sắc đẹp
train_2300905677,764cb47c65893b999fa7c08c17689bc7.jpg,f626cf9cdc0c9039,Bantal Hamil bahan lembut dan nyaman (Free Tas),3475174996,Phụ kiện thời trang
train_1113629960,1a7bf2d886075d7491faf138e861c4d1.jpg,cc909b6f5e3830e3,Cairan Wiper Pembersih Kaca Mobil / Tablet Cairan Wiper Pembersih Kaca Mobil,1689755103,Sức khỏe
train_2275982538,1c163f465acc7e3e74a6af0b0be1b45d.jpg,ae23cef03d4f8234,Mika Lampu Stop Nmax NEMO/ Kaca Mika StopLamp Rem Belakang Smoke Yamaha NMAX,832305221,Nhà cửa & Đời sống
train_722294539,4ed9474e49a722d90e05361b4cba7a03.jpg,eca0915dbaea64e1,Tempat Bedak Double Susun Reliable FREE Cotton Ball & Cotton Bud,1813765221,Thực phẩm & Đồ uống
train_4084569444,3ac9e74c32a4932df2cca5c33742e17e.jpg,c0bcad63b70849d7,VIVA Milk Cleanser Face Tonic Susu Pembersih Toner Penyegar Air Mawar 100ml,562358068,Thực phẩm & Đồ uống
train_303149329,2d0e0fa66dfaf4e7ccaaa30ead15dd77.jpg,80706f0f78c26beb,ORIGINAL Cussons Baby Hair Lotion 100ml+100ml & 50ml+50ml / Cusson Hair Lotion Bayi / LEDI MART,1344355875,Sắc đẹp
train_1403175086,e543ee6605e3c1472edd39633f40e752.jpg,bf91c06e3e93c14c,ortuseight sepatu lari harvard black white,2980580336,Phụ kiện thời trang
train_81718756,2cb0c75f0d11ad13017f824fc703b325.jpg,bba43e243e35843b,Tutup Pentil LED / Pentil Ban LED ban motor mobil sepeda FREE BATERAI,1575763518,Nhà cửa & Đời sống
train_1790673756,4c4b4fed19737fbb96cba628e1745f07.jpg,a5a547d662cb3c8a,Selimut Kintakun Micro Flannel SS Star - Ukuran 160x200cm,3234804620,Điện tử
train_333799052,a955b90565409a948502ddd77620c438.jpg,fbe0c8f980d8a5a3,\xe2\x98\x85 Cayman \xe2\x98\x85 GT Jam Tangan Pria Sport Chrono Korea Fashion Quartz Men Silikon Analog Watch SW035,1146489799,Phụ kiện thời trang
train_2919450156,ad6c40376dbf10cbd35cf3638f3a5650.jpg,c2212dde3e2d92e9,Pompa ASI Breast Pump Feeding Bottle Pam Susu Electric USB Milk Pumps Kit Susu +Milk Bottles,3336202419,Thực phẩm & Đồ uống
train_3145079693,ac478e39ee44983468e50673e3f33d1e.jpg,f26f0c0287e8e1af,Nacific Phyto Niacin Whitening Toner 150ml,3599684856,Sắc đẹp
train_3635090822,e27d489613b618298961dbc29073abc1.jpg,e960de9617e38c4c,Charger Vooc ORIGINAL 100% FAST CHARGING Charger Vooc oppo segel merah,4277040433,Điện tử
train_1922106403,c1cbaef08caa469c405c8b7617c68022.jpg,bb9038b33999363a,[FREEONGKIR] FLASHDISK SANDISK USB 3.1 OTG TYPE C 16GB UP TO 130 MBs,1258162988,Điện tử
train_1314620120,f24ef3410870519f52e0563681565044.jpg,bb0f9198c2e18f63,Celana Jeans Anak Soft Jeans Rib Dark Blue 2-8 Tahun,1999386573,Mẹ & Bé
train_1564616217,4209b52befc54ed7897dbe0a0cc07ba9.jpg,f35ccc48984dcbc9,YANG LAGI HITS Celana Chino Pria Army Loreng Ufc Venum Mma Pantai CELANA 506EE Celana / TERLARIS,2981164480,Thời trang
train_1684178078,10c1be30244297206018a660a4f65b81.jpg,9be6e0e0e413ea1b,((COD)) CATHERINE Cutbray Palazo Import  With Zipper / Fashion Korea/Celana Wanita,3695290182,Thời trang
train_3922632308,542e0186fca47fa47a474e8fb5025724.jpg,aad4c53ad26f6a90,Colatta Dark Compound Chocolate 250 gr,1826855584,Thực phẩm & Đồ uống
train_928051538,1cae427fc47147a4774f07cbfbf6a514.jpg,b3138c8c3c31cd77,SomeByMi Galactomyces Pure Vitamin C Glow Toner - Some By Mi,4174239330,Sắc đẹp
train_3298561049,2c2d0dc0a6c68d2cfdd49a414fdb6482.jpg,ade0d22f2d9af007,Garlic press bawang putih walnut presure,2717135091,Nhà cửa & Đời sống
train_2209892224,aaa45b9aa9534ac8bbd224d5b0529ea0.jpg,f9d8c6c3d4c6990c,Serum Tabita Dot Putih,1561051272,Sắc đẹp
train_4230621514,56897de38b5dced7e82e7e38f8e9af6c.jpg,ebcb912619730f92,Kabel Charger Data Sync Quick Charge Tipe C 5A 90 Derajat Panjang 1M,3565634603,Điện tử
train_1066583882,484b1e9724db0a1d7e0f59f2d482bf24.jpg,b71c34173c373986,"b""Leivy Body Lotion Goat'S Milk - 270ml""",3255687143,Thực phẩm & Đồ uống
train_535526365,9efddad2c2ceb636e28c804959a92f8a.jpg,eec4b41e96368e64,Pulpen Kipas - pen kipas,3430179282,Gia dụng
train_172019243,98471eea989988c6bab8611fedd8bce4.jpg,a61ec91d1e61e599,Minyak Kayu Putih CapLang 210 Ml,911448401,Nhà cửa & Đời sống
train_2496970001,224420cd71adc3353e09482be80a749f.jpg,e68a945db04727bc,TopOne88 Jaket Sweater Basic Polos Pria Wanita Unisex,381150737,Thời trang
train_2855329700,1e8f09fca97fca7c88a25afa618a10ff.jpg,b90ee0f1c6733b12,[READY SIAP KIRIM] GLUTA COLLAGEN SOAP,159351600,Thực phẩm & Đồ uống
train_1814893817,94d1362cfe46faa0bfe496b64e9a739a.jpg,bf09c1f4f2c13e09,Aruchi Setelan Pendek Piyama Bayi S M L Part 2,819592998,Mẹ & Bé
train_438442613,9c5042aeef2fba3a138c6f86cf7654f7.jpg,bc1dd0b2c2e0e64f,BLUETOOTH MAGNET HEADSET HANDSFREE EARPHONE MURAH,1744240905,Điện tử
train_3170203919,d689826266bcadd4ace46136eedc39de.jpg,b9d0c04b870f97bc,Baju Muslim Anak Perempuan Cantik Usia 5-11 Th / Model Syari Bunga Pita Lucu / Maxi LETICIA KIDS,3510018093,Mẹ & Bé
train_3254279425,de927a662efbdd095c5e1ab96b78b2b1.jpg,ef93449a6a749174,AM488 - (2Pcs) Tutup Pentil LED Nyala Lampu Roda Ban Mobil Sepeda Variasi Motor Honda,1575763518,Nhà cửa & Đời sống
train_90031968,2a16ecdf318a58c96cbd6de27fba0472.jpg,e49d9b639b632464,Rak Susun putar Multifungsi 4 tingkat - Rak susun serbaguna,2323091356,Thực phẩm & Đồ uống
train_847268663,7dafac82906cd3f41c147fe90cfde5a0.jpg,8e25d11a7b622ecd,[102 GR] C32 Tas Sepatu Olahraga Fitness Gym Sport Shoes Bag Organizer / Storage Bag,237632340,Phụ kiện thời trang
train_657024444,28a6829fa356b99d9efd4055d48309ee.jpg,8909fdb4a063cfc6,EDW R30 Set 3Pcs Jepit Rambut Hairclip Model Hairpin Barrette Dengan Mutiara Korea Untuk Wanita,3398918370,Sắc đẹp
train_2465941424,28945708575fafc20c4395e815441b0a.jpg,b8b7c61ccdc63870,Acnol lotion untuk jerawat 10 ml,1746655739,Sắc đẹp
train_101672665,1f80cb7b1531dbb1013b8088fb698fae.jpg,af96c32dd8491cf0,Tanaman Artifisial Model Imitasi untuk Dekorasi,2942228500,Phụ kiện thời trang
train_2049432974,ca63eaa82510e914534fe75d814b2225.jpg,bc3dd0b0c2c2e64f,Earphone Headset Bluetooth Wireless Magnetic Sport Stereo,1744240905,Điện tử
train_2753302588,87be315ed6286563a1688024d58bfbf2.jpg,b169cfc6c6c98331,Lagi Probation : Menikmati Perjalanan Mencari Kerja Samuel Ray,3173071687,Sức khỏe
train_38277177,198352be11ff4ecf2fcdb905686e9bbf.jpg,cad2071f25d23df0,Gom 8ml - Obat Sariawan,4145072649,Sức khỏe
train_2689605755,468656fb43e2704297d1a59f76021e63.jpg,eb5079fa548a48e6,Oh Ma Grain Keripik beras 50gr,787574364,Nhà cửa & Đời sống
train_3825207617,a74e34492c5b644b7b5c745163e595e4.jpg,afc9d0350b733d48,Maspion Ultra grill / Pemanggang / BBQ 25 cm Ultra Grill Maxim Alat Panggang,1513043749,Gia dụng
train_1553120502,e00837b2182b98a68b362d0a3e374567.jpg,9e0bd2d6a142a9ed,"b""Jilbab Khimar jumbo KAMILLA | Khimar kamilla jumbo rempel | kamilla Khimar hijab | jilbab syar'i""",210057602,Thời trang
train_3386251259,8c9954de1652f9b7f12917c6eadb33f5.jpg,e6c6996d8698cb64,Holder Hp Motor Spion 5.5 - 6.3 Inch Waterproof USB Charger,1482517630,Điện tử
train_976757318,1459364795175377281a9d7029606cc2.jpg,ed6696249e9a9692,FION Hair Treatment Serum - Vitamin Rambut 135ml,3147726258,Sắc đẹp
train_3563710829,35b356622ba5b2df363857921fcdc62b.jpg,b46c9133ceca1ec9,Kedok Las Auto Darkening Topeng Las Goggles Kacamata Otomatis Welding,2011358459,Phụ kiện thời trang
train_654919792,9ef9b98dd72dd9a6beea4e48447412b9.jpg,8b9d647896c36d61,"Sabun Susu, sabun arbutin, sabun pemutih susu.",2397699357,Thực phẩm & Đồ uống
train_2855557790,512280ec94125dabb92746617584b0cf.jpg,b364cd9bcc714c31,jas hujan setelan JAKET+CELANA taslan,236883729,Thời trang
train_3237804390,a016f53b794dd8d2f6f39bde0c69d932.jpg,c61ae6db66862636,LAMPU LED STRIP SELANG 5050 SMD AC 220V METERAN (1M-100M) OUTDOOR AND INDOOR (LAMPU TIK TOK),4094593850,Nhà cửa & Đời sống
train_2314221198,217a1539a1836eb7ad5371b563449765.jpg,bbc4c437c42fc04f,BIOAQUA 3 STEP IN 1 SACHET REMOVE BLACK HEAD / BIO AQUA MASKER KOMEDO / BLACKHEAD,1238910730,Sắc đẹp
train_1520289828,47442d17c6101604f1019d176b68b206.jpg,eab5854a9165936e,Masker organik by Poupeepou 25g[ FREE KUAS PEMBELIAN 5 PCS ],692289450,Sắc đẹp
train_291079980,77a7ff29bd0457355dc0e9c205ff0179.jpg,d0d2eea9a40e5e55,Sendok Teh STG 50pcs Es krim Puding Besar Ice Cream Jelly Murah Trifinity,3446176643,Sắc đẹp
train_1284417028,7a5545deda1c9083c4bfd73829f0fcf1.jpg,99b06563963e23ce,Mukena anak katun Rayon Melinda,1591589417,Mẹ & Bé
train_1832318270,53143f000c38d9b5b1b01a086bae64d3.jpg,8affb1d25c68c407,Dot Huki Dot Regular 1 Pcs (Tanpa Box) Dot Bulat / Huki Baby Nipple Regular Silicone / ALORA,414776066,Mẹ & Bé
train_3950918355,301066059114bda3408971946a09ccfa.jpg,f970d6dac80e832b,(DIST.RESMI) Masker Organik Petals by Aconeskin 15 gram,3979333992,Sắc đẹp
train_1478586683,b26f40ff52e08a79d1702a1b9314e3ff.jpg,cbeb2c2c2458cf3c,Flucat 30ml obat flu kucing,2760014177,Sức khỏe
train_293028051,8f8f4f84e0c66d5ce43055b3cd583125.jpg,ebd8b66d4952c429,\xe2\x9c\xa8COD\xe2\x9c\xa8Jam Tangan Wanita :Harajuku Korean Simple Fashion Casual Jelly pria + wanita arloji,628096071,Phụ kiện thời trang
train_967335012,4c2cd8c227772a0b3d712d6b1e98b694.jpg,8fa17aa9d81f1272,MMTOYS TAMAGOTCHI Binatang 90s Game / Mainan Jadul JD-388,2714821158,Mẹ & Bé
train_3007550671,33581d5f1383c780f193dc23bec4bcd8.jpg,b3df7f341485c490,Misua bumbu rasa ayam bawang cap burung layang 65g,2632542736,Thực phẩm & Đồ uống
train_48512173,7afde0773d577b57880c4e755ff1c7ea.jpg,bb91cbccccce844c,GAMIS WOLFIS LIST RENDA//GAMIS SYARIFAH,2178028877,Thời trang
train_3894911408,17ac147543b9a56b9f33c8b6324cce29.jpg,d9b4c74797a530c1,[ORIGINAL 100%] [BPOM] Salsa Dynamatte Lipcream Matte / Lip Cream Matte - Long Lasting Matte,1201602115,Sắc đẹp
train_1484200628,5affc4e3cab8151d6f8fde4a699db433.jpg,eb34a4cc944b556b,Kuas Masker Silikon Silicone Facial Face Mask,2253967885,Sắc đẹp
train_3662625177,bf79d7bb5cee025a2972ca5ccdac0e8c.jpg,ec935b1c7348174e,Pompa Galon Air Minum Elektrik Water Dispenser Smart Pumping Wireless pompa air,3666201360,Nhà cửa & Đời sống
train_1975085675,9820551e2107e3c0f00df430ea664870.jpg,e152c89acecec669,Joyko Correction Tape CT-561 plus Refill / Tip Ex Kertas Murah,1429693735,Phụ kiện thời trang
train_4025094834,df179314a0ad029f91ef4372aa2b1459.jpg,bfc03e2fc11d8c91,Souvenir Korek Gas Kemasan Mika Motif Souvernir Hadiah Pernikahan Murah Sovenir Unik,2564841627,Gia dụng
train_3285130831,f2480d4aa8259c1a8262e6cace184e7a.jpg,ff91a8acffc400c8,Kemeja pria,1354466380,Thời trang
train_3013222679,dfb89ef7a6dced1be232dbbe46f2f61a.jpg,be32cb4d8c9a1ccc,"Salep KL / HL / Pi Kang Wang BAYER ORIGINAL - Salep obat eksim, jamur , koreng dan gatal gatal",3441184770,Sức khỏe
train_3674966222,3d04835d2f2cd8259c026da9e9759284.jpg,e66665ce988c98ce,"MIYAKO Kipas Angin Berdiri 16"" KAS1618B - Putih",2231601193,Nhà cửa & Đời sống
train_262376174,5fc6d024808131b34ede42fe2e83478c.jpg,9b9ae4b5a55ac2c2,Tempered Glass SAMSUNG A21s / SAMSUNG A50s Paket Pelindung Kamera Belakang Clear,45321459,Điện tử
train_2010729466,04b4ff25cdaef1a7aa5e4a541acb46dc.jpg,b4ccc03659c067fd,2 IN 1 PUMP DISPENSER HOLDER SPONGE / Dispenser Sabun Sponge Cuci Piring / Sabun / Dispenser,2272493560,Điện tử
train_214385673,95c039422a723360c90f1a4a81ba3bb1.jpg,ee2693996d2ca263,Holder Gurita Besi / Holder VIP Universal Sucker Phone 360,452508504,Điện tử
train_1655866972,846825bc7e75864fb2c63e18796c6109.jpg,e984c71ec61a9e78,Sty sweater / sty premium / sweater / sweater murah,3974895766,Thời trang
train_2281294926,1c9933671d1171027972487508ef90f4.jpg,eb87a5f024a14ec7,We Bare Bears Hair Drying Towel Miniso,1683190239,Sắc đẹp
train_274127789,f58258f49f9806782d1f259eeeb9cba6.jpg,9d9c706941fa0d6d,MAGIC WATER BOOK MB 137 BUKU GAMBAR MEWARNAI ANAK - PULPEN TINTA AIR PUTIH - COCOK ANAK 3-7,1540716287,Nhà cửa & Đời sống
train_3572766330,e72d23fec5aaeba99502023908903ae5.jpg,f37855a784974863,[BPOM] Missha Airy Fit Sheet Mask 19g,1040329336,Sắc đẹp
train_2543179041,368a63806b6e6d2371a7a07299d28512.jpg,ea4402973e2f3ed8,AliMaMa Medan - TURBAN DONAT - Turban Anak Lucu Murah - Turban Bayi Imut Bahan Jersey,3774385238,Mẹ & Bé
train_2342665196,e7e33a344eaa147b9ef09fc5d6d4de6f.jpg,d2c8d226ce33da35,Dove Hair Growth Ritual Creambath 30gr,4108245777,Sắc đẹp
train_2407154713,3707f29ddd49903fa67dc168c12712fb.jpg,eae2b39e4c242772,Sepatu nikezoom pria dan wanita,1090963197,Phụ kiện thời trang
train_868297715,dd2d10b8ac9432e1a911254befc3052e.jpg,8ea9f1f096e8c313,2006 tas import 089,2992055559,Phụ kiện thời trang
train_2093604755,555ce6bbc89e2680f936ec9bf0150ed2.jpg,f8a947c638cf21b1,Torabika creamy latte,2111685755,Sắc đẹp
train_37366756,abf130763de9c8503ddc5eacffa0c6bf.jpg,ceeeb11191913d93,Jam Tangan Rubber pria wanita anak Angka jelly candy Karet arloji murah import grosir QQ,2842683453,Phụ kiện thời trang
train_1278131176,97cc147df83109b33fb39f80047bab4b.jpg,dacbd316a4d84a96,MUKENA ANAK KATUN POLKADOT PINK BEST SELLER,2158225477,Mẹ & Bé
train_3870213490,ddd89cf869c7e256497a76bebd413be5.jpg,bee1617e38412d5c,Paling Laku Rovega Laundry Rack & Basket 3 Susun RLB-300/ keranjang Baju kotor serbaguna GOJEK,3027262453,Thời trang
train_423864299,fe6a3cc1d269a1dbcbfcef8b4af4aa4c.jpg,f96d869298cd6166,Tatakan Rinnai Kaki 4 / Tatakan Kompor Gas Rinnai Kaki 4 / Dudukan Rinnai kaki 4 / Tungku Rinnai,1690930588,Gia dụng
train_241565475,5de86ecdcf9ddd2eb636dba96fb6eb34.jpg,b18ece33ce4c3392,Pixy Uv Whitening Bb Cream 03 - Beige (4 Beauty Benefit),620645805,Sắc đẹp
train_2567013657,eebdb2cc707037220cf47669189228fa.jpg,b45e9b90383b252f,Shannen Creamy Lip Paint Shannen Lipstik,1381597103,Sắc đẹp
train_737701104,e032555844a67561e160809db99209c9.jpg,848efa71e12b8f70,PROMO 11.11 BIG SALE BCL 32 SANDAL JEPIT TRAVE,3493797951,Phụ kiện thời trang
train_4221497388,2acfffc7636789596041b426cbd345af.jpg,9947ce3c4333d8cc,[Shiyan] baby gym musical set musik bayi playmat matras mainan piano berkarakter dan rattles lucu,1429052699,Nhà cửa & Đời sống
train_4266447278,14121da4bb60198b7881bd4b39e5ccbe.jpg,b4c7cb30b8c5c339,Rak vintage 3 susun Rak dinding Rack Kayu Shabby Serbaguna Murah Grosir  DENGAN HOOK GANTUNGAN,1794985909,Thực phẩm & Đồ uống
train_957290611,1a9364696dbb681b66e04a601b4e0b55.jpg,b6dc89d49e4b8b21,(COD) daster ruffle BAGIAN 1,2193542484,Phụ kiện thời trang
train_131056969,1f8c2b43cb3c2ad8bfaa714fa79978cc.jpg,cb95da55a4a5b44a,Eyebrow Razor / Pisau Pencukur Alis,2256121048,Nhà cửa & Đời sống
train_2171615197,df5ce0a53fced90c685bd5c02929d63e.jpg,e2b239a8fcd940ce,Pemisah putih telur - sendok pemisah putih & kuning telur,417125601,Nhà cửa & Đời sống
train_4285929321,191824127ae06fc730062afebf6974d7.jpg,eed0914f983c2ee1,Sponge blender Gucci Mika,882155223,Gia dụng
train_1169586614,6abd4c6b0d8b58ac21638f6de4ded987.jpg,bc851bb06bc576e0,Setrika Philips GC122 Diva Garansi Resmi,3752958615,Gia dụng
train_3455174146,4271220f2665f77ae9e64e19792c228d.jpg,eb8d95e296b4d038,FISHER PRICE Busy Activity Walker - Mainan Belajar Jalan Anak Bayi,1886432994,Mẹ & Bé
train_3862254817,35a9dadcbea12b623e79688693832911.jpg,f08fc6c6cb382665,Makanan kucing Savvy kitten 800gr,867517905,Thực phẩm & Đồ uống
train_3587513406,b3086dd1e71e76fe2b9215a91e6209a7.jpg,b9b7c618cfc23862,Acnol Lotion 10 Ml (Obat Jerawat Cair),1746655739,Sắc đẹp
train_3767027123,ddd51a41c49b2fb6a4ad7b3b4e4566d9.jpg,c9af52bc94c95781,Koko syubbanul muslimin koko azzahir koko baju,1912222471,Thời trang
train_1523239598,a265228b1ee7881f7a06dc5a86649fc0.jpg,e000514f7d777786,BOLDe SUPER PAN BEIGE SET WAJAN PANCI | Panci Granite Ceramic Cookware Frypan Wok Milkpan Saucepan,3102402790,Thực phẩm & Đồ uống
train_834210365,c7023257cd32d0df681bccec5c96f0e9.jpg,af88859ef5f042c3,KEMEJA PRIA BOYI TOP MAN LENGAN PENDEK KASUAL FORMAL KERJA PUTIH HITAM NAVY GREY WARNA WHITE,1139560147,Nhà cửa & Đời sống
train_2834235133,384585a3eb24cd715059e378dbbcc67b.jpg,9e96706a26ad33cc,60ml/100ml/200ml Botol Spray Parfum Bahan Plastik Transparan untuk Travel,1781398404,Nhà cửa & Đời sống
train_477561587,eafb218e35d3adb8b2a722e76b36b592.jpg,fa5ad069c6d40c3b,1pcs IKAT KUNCIR BOLA KILAP KRISTAL KOTAK || IKATAN RAMBUT BOLA KRISTAL KOTAK,994676122,Nhà cửa & Đời sống
train_2983520344,5fe9c66da457776ae5ad192f48cec454.jpg,e2b239a8fcd940ce,alat pemisah putih kuning telur / egg separator,417125601,Nhà cửa & Đời sống
train_2480761949,2b41511f0a528472a75fb240219ce149.jpg,bcb78352c1c1cb87,Kitchen Flavor Grain Free ADULT CAT 1.5KG FRESHPACK / Makanan Kucing Kering,2847174369,Thực phẩm & Đồ uống
train_4137909102,4694d4b007efbf6d3e1545270bef4ef4.jpg,e49b9a349ac699c5,Pondan Brownies Kukus & Panggang Chocolate 230gr,2780208804,Thực phẩm & Đồ uống
train_1834984573,e185854cd699c468620643c33e976c83.jpg,fbc12c1e611e5897,tunik vanesha Nt /Atasan muslim best seller,2608223592,Phụ kiện thời trang
train_2106744964,961bccca0f54db44c5260fc503654efc.jpg,866719f87c48afa2,JILBAB Instan Gerigi,4081219855,Thời trang
train_3802069875,20575d8c916029e723912be490ba16ab.jpg,ff803646e137d14a,TG0092 Kain lap Kacamata/Sungglass cleanser Tren 2019,3538328817,Phụ kiện thời trang
train_3383255849,de10fae5a9ef316648f16c7a1b94724f.jpg,eac0b53bc1a75a4c,Termurah Pompa Tabung Sepeda Motor / sepeda Merk Atlantis,675590285,Nhà cửa & Đời sống
train_518201765,ee880741c255313d9bcc472123af55fa.jpg,b61d8f073c1c9333,Jam Tangan Wanita Analog SKMEI 9071 Black Water Resistant 30M,2088064421,Phụ kiện thời trang
train_3336987317,b52554a82d9d6784d868963aeabaa4d7.jpg,f6c3890d4e78f146,ELFORMULA 28 Days Acne Relief Repairing Solution Serum Wajah Element Formula Serum Jerawat,2964773552,Sắc đẹp
train_3430242020,8fc74fca98d55a681a8e08fafc830ecc.jpg,b4c90fd83dc326b4,Stand Mixer Miyako SM625 - Putih [3.5 L],3269146847,Nhà cửa & Đời sống
train_2626202329,e06965033ef764c266dbd0001f912f56.jpg,f986c6931190e7f2,391 [ B BUKA DEPAN ] Cover Mesin Cuci BAHAN PEVA 1 Tabung B,3924716875,Gia dụng
train_1025931882,029f40148ba4cb36ebf5250fb24e3206.jpg,b8c68739871f322d,LANEIGE Lip Sleeping Mask 20g,674173360,Sắc đẹp
train_2645272538,4f00ac163b4636763f4ad144ca39b3bc.jpg,e996814ef62b1671,MUKENA SPANDEK SAKINAH (ANAK),4122665583,Mẹ & Bé
train_2872356984,5ea5c1855900d91126b4cf9fd963fae2.jpg,faa598ca69b4328b,Buku Maze Pertamaku dan Aktivitas Seru. Buku Anak BIP Gramedia,3843101159,Phụ kiện thời trang
train_1016728949,e7899cdd12572dfb27b765d09057ce56.jpg,84563f696135c79a,\xe2\x9c\x85COD FREE BATERAI Jam Tangan CASIO G-SHOCK Baby-G BGA-110 B666 RUBBER IMPORT GROSIR GK024,777596345,Phụ kiện thời trang
train_3323551657,7abce791358dafd849eadc8d72bba01a.jpg,be9cd048e72781e6,ADZ DZIKRO Anak-Dewasa Nomor 1-9 Peci Kopiah Haji Assagofah Terompah,2064037325,Thực phẩm & Đồ uống
train_1074709937,15952ba82fa649cdb37324dd9c27d0c3.jpg,cbb2fc25cfd0e104,RAKET NYAMUK STARK STK-005 HAMMER ( DUAL FUCTION ) WITH OVERLOAD PROTECTION,1361612536,Nhà cửa & Đời sống
train_1141290439,709280b78d9c6c91e2414c6cc4534694.jpg,dfa40e9c61db08a7,SETELAN ANAK laki laki baju kaos karakter murah alat berat beco excavator truk,1980894329,Nhà cửa & Đời sống
train_4286895880,48234b74543f591fe7b6f1d185d34832.jpg,be26c0c8c999bd71,Flat Shoes Wanita PRINCES,3184487800,Phụ kiện thời trang
train_528229760,3f327bc2eff59085bd1d7ddc5f1c04ca.jpg,a0c69b99cc33cd33,[BPOM] SOMETHINC NIACINAMIDE + MOISTURE BEET SERUM,2121822798,Sắc đẹp
train_2475541770,6352a5ad3283f6b56a09d5f9a0dcc5d2.jpg,fb65c695c13a2d60,Timbangan Anak Digital Kartun Karakter Doraemon/Helo Kitty Badan Kaca Elektronik 180KG MAX,3532082260,Nhà cửa & Đời sống
train_895390934,55fd9bc5488fe4884fdbbbad23d45a22.jpg,ed1b58b166318cf8,LIP BALM ALOE VERA 92%  -  lip balm alovera lipstik aloevera lip balm pemerah bibir,1912390233,Sắc đẹp
train_1407134436,3561667f6e864a68e574624a18d341cb.jpg,e1c99a34cfcf3038,Alamon - Coklat - 170gr - Susu Bubuk Almond - Ibu Hamil - ASI Booster,116488907,Thực phẩm & Đồ uống
train_3847849064,4e64352a501ccdc8dd52c75ac781c95a.jpg,af61d00e8bde1695,Sandal gunung carvil bimo 28-37,3270395407,Phụ kiện thời trang
train_303073611,52abf10a56bb4c9060050e11f1f18172.jpg,bdb1c2c93d3ac243,TOP MARKET ID IKAT RAMBUT POLOS KARET RAMBUT SIMPLE DAN ELEGAAN,994676122,Thời trang
train_3368709673,a2d61d658d8728c39352370f463a018a.jpg,e08787969e39d878,Baselayer Nike longsleeve Black - lengan panjang - manset olahraga ( GRADE ORI ) jersey futsal,3493405757,Thể thao & Dã ngoại
train_27231426,cb0ec05680abadcf47e79265fbaa41a1.jpg,9b961b9390e8e8f2,[KATALOG 1] BUKU GAMBAR PORTABLE MAGIC BOOK BLACK BOOK PORTABLE 14 HALAMAN FREE 12 PENA WARNA,896178400,Điện tử
train_2102676395,8d65d95852b6eb5bff7c3283039f1d03.jpg,eac3b52dc24a73b0,YOURA OAT PREMIUM MASK 15GR,3979333992,Sắc đẹp
train_2536799322,81b296f6b24d097f4903f190a2d6c057.jpg,e226d9726ae5a519,Bandana bayi /BANDO PITA KUPU KUPU,1487974955,Mẹ & Bé
train_3190806265,4b9dca4fe47e8c09259298330020b074.jpg,9f4e31d1c09dc5d1,[BPOM] Hotin Cream Tube 120ml  & 60ml / Hot in Krim Pegal Nyeri Otot / MY MOM,4113632339,Sắc đẹp
train_626902258,4c9eb10e5868942f8be5926809a7e5fa.jpg,d5aa4b9e6bb960c0,Headset Earphone Handsfree Oppo Original - Hanya Putih,3512064284,Điện tử
train_3613829789,031af2b081d3647c6da9b56b50114177.jpg,d0933b1c173d2dc6,Charger Samsung Galaxy Fast Charging J2 J3 J5 J7 Prime /Pro Galaxy Note 4 S5 S6 S7 A3 2016,1619295470,Điện tử
train_1954719741,f08da9d073fdb5ac3763a35917e739e0.jpg,998cf2338decc81b,Masker Scuba warna Polos Dewasa,3607290741,Sắc đẹp
train_1990872249,da08c28bb08296cdb420f7958cb70ea0.jpg,eb5aadad9c909924,Baju koko pria gus azmi syubbanul muslimin kombinasi hadroh azzahir hilwa baju koko sc adam,3540387866,Thời trang
train_1940924506,baa76809c2e67b87c2cd0ec393e4c494.jpg,b9c6943ac669866d,Lactacyd Baby 60 ml,1204347204,Mẹ & Bé
train_166567700,60663104a66d46c99c799382b994bec7.jpg,bae5449b32f60e68,Green Laser Pointer 303 / Laser Jarak Jauh,4279983358,Nhà cửa & Đời sống
train_3726306826,de44d969741e64d62ec6b74fd55c41bd.jpg,afcbc0d214d23b69,Nugget Ayam Dinobites So Good 400 gr - Nugget Anak Bentuk Dino,3446774629,Mẹ & Bé
train_1008375716,a9b8c238469ddfcb73448b81e9f8d232.jpg,9be46ad0c45add85,Rak Gantung Karakter Multi Fungsi/Rak Obat,3360522898,Nhà cửa & Đời sống
train_2193468601,609b8ebcb03a4a4e6783cf5275828fc7.jpg,d7fc79216bc2c043,Bbworld 10pcs Klip Jepit Duckbill Kecil Desain Kartun Lucu Tanpa Sakit Untuk Anak Perempuan,3784861428,Mẹ & Bé
train_2125109392,3608504b5ad9320a3c9c086dad0d0929.jpg,bfc7c038e687c838,Emina Creamy Tint,4094230441,Sắc đẹp
train_1373019798,80042497119e2cddca24fe8d83372f86.jpg,fa27192470fcc647,Kaos Distro Anak,1356481459,Mẹ & Bé
train_2044733326,94459903fb92c597f7e3022b730434b2.jpg,bddb60d27098f116,Baju Kaos Katun 24s Cowok Tie Dye Lengan Pendek,810940926,Thời trang
train_3168205311,315be654a71599802f7cfd831d3bf047.jpg,ec9a1b36a4b1326e,DC241 Pena Pulpen Alat Tulis Motif Karakter Line Lucu,4133724495,Nhà cửa & Đời sống
train_1371874423,6b62ddf25abcf4a17a025eaa8399d93f.jpg,97ba680517ba8b1e,LITTLE BABY MANICURE SET PERLENGKAPAN GROOMING BAYI GUNTING KUKU SISIR,1978203770,Mẹ & Bé
train_1622795828,91c466fcc4e71169641b2ea4461f6b15.jpg,cbc5aa66a5ae16a2,Sandal Jepit Jelly Shoes KODE 1203,523744895,Phụ kiện thời trang
train_3399518551,340f751d3852b5b58d409330f5904f74.jpg,b3cc9b8b9861cc33,THE BODY SHOP VITAMIN E FACE WASH 125ML,3406405726,Sức khỏe
train_1829327780,ace464034340c875a2f928fbc23ca660.jpg,a3dc09f609f60dd2,MITU Baby Spray Cologne Green 100 ml,587282424,Mẹ & Bé
train_1293290246,e7c9233c0b597c0207dd54538f2145f0.jpg,bff680a1f814d568,NUTRILON ROYAL 3-4 Vanila/Madu 800gr PROMO JSM,3199321498,Sức khỏe
train_471609049,60eedccd406bf1f67094e60bee6952e3.jpg,be12e12f9ec1e198,ELECTRIC STAINLESS STEEL MIXER (BARANG SEGEL=No RETURN),2748623227,Gia dụng
train_2115752379,43a864ff66ddc7b8b26fc8afa0c67f5c.jpg,99f4065ca6e95d98,TOPI RAJUT TEBAL MODEL POM BULU ANAK / TOPI KUPLUK WOOL RAJUT HANGAT BAYI IMPORT BABY,2814263493,Mẹ & Bé
train_1225846092,5708042fbadc4d1153cc530dc0861493.jpg,c8e0e26fa70ff890,Humaira Dress / Dress muslim Terlaris/gamis tile,990261673,Thời trang
train_1109770433,6b11a0415fc69164ab561f93d02f3e93.jpg,ef2f3b285670494c,HIJAB KHIMAR SIMPEL PET WOLFIS PET ANTEM,2820978564,Thời trang
train_1582844179,e9ca162eed32a7035a850afaa3fe1285.jpg,cb2f54e8e0f83153,PROMO MUKENAH WINTER ARTWORK VANESA,3291614016,Thời trang
train_1870976865,86d40185750af63bd0e32d1218994dd8.jpg,ec69392696999666,Nourish Skin Ultimate 15 Tablet / 30 Tablet / 60 Tablet,199180680,Sức khỏe
train_1847953856,0bbf44cd5adf25388cb1e3559a89a51e.jpg,c9a196f6f944650d,BLENDER PORTABLE VITAMER 350ML ORIGINAL Blender Juice mini USB 4 mata,3566010337,Điện tử
train_3246095521,eefe444f8d71bf0ace0fb683f4a551c9.jpg,cd0a0c3df0327add,Mola Kuaci Kupas Panggang / kuaci bunga matahari / Sunflower Seed,4064895629,Sức khỏe
train_3082134368,fe14674b6f73e9c865b08ff0fb49140d.jpg,bb34c0ba36471f34,TAS SEPEDA LIPAT   TAS SELI   TAS STANG SEPEDA LIPAT,3638321914,Phụ kiện thời trang
train_1923788617,f10ed820c0c39657f1f896d76d04c8b6.jpg,afc7f2bcc0720e60,Sarung Jok Sepeda Busa Sadel Jok Sepeda,285067450,Thể thao & Dã ngoại
train_1714823982,b016ed1c3470deade341bcd6db8fafd4.jpg,f768b29df2a48780,Masker Hijab Kain Serut Non Medis Premium / Masker Noery / Masker Jilbab Kain Diamond Crepe / Diamon,431803106,Sắc đẹp
train_960606295,802eede78f7d8a5c8c2e1ec8f63968a3.jpg,8f09f0f46be3a506,Hanasui Gold Mask Anti Aging Peel Off Mask,524272944,Sắc đẹp
train_2970276831,23a11bca26913e911429c424702da7b0.jpg,d844b53d5d609ab3,LO - Popok Kain Bayi Berkancing / Cloth Diaper / Clodi Bayi Dapat Di Cuci & Pakai Kembali,996959929,Mẹ & Bé
train_2733395045,37243052978ad544d2494e4730efdbb8.jpg,f8969666c698c738,Joyko Glossy Photo Paper GSP A4 210gr/ Kertas Foto Mengkilap Murah,3059359196,Phụ kiện thời trang
train_1466580909,baf4b5fb2f24c2b6e6ec10878b921242.jpg,bac2b5a49b1cc51b,Jaket Bb Parka Abu Pink,3675037490,Thời trang
train_1509108043,a34ed615d16d7530192e9a4e7e5cc528.jpg,9be6a449a759e017,LARISSA DRESS!! Bahan shakilaa,2363691552,Thời trang
train_3713329526,db3239fab46e4ceee2147b6a7085d3d7.jpg,febac52ec44eb440,Mainan puzzle kayu huruf Knob | Mainan edukasi kayu | Mainan anak grosir | Belajar ABC,3205175747,Mẹ & Bé
train_1109444800,a66e5dc896be3156e57f683dc393d2f5.jpg,e6cc9933334c666c,"b""Johnson's Milk & Rice Baby Powder 300g""",1071667521,Thực phẩm & Đồ uống
train_3767802996,ecf83aa666f30efa77e199ee3b328698.jpg,b4e50fdb921ec41a,SGM Eksplor Advance Soya 1+ Madu 700 Gr Box,3101552720,Sức khỏe
train_4166856261,10502d58f149a75a9a800e5778fc8e20.jpg,ef95d060b51b0eb4,Bluetooth Wireless Speaker TG 162 bass Nyala Lampu,685296764,Điện tử
train_2394979606,919fc3e9d253730bc8673962a64d1b00.jpg,bb783c07c54c13f2,Sweety Bronze Pants S36 / M34 / L30 / XL26 / XXL24,1411980274,Mẹ & Bé
train_4145098275,98d484022bc69098f74b41bb626aed19.jpg,a5da0bf20dde6138,Nestle Lactogrow 3 Susu Pertumbuhan 1-3 Tahun Box 750 g,3091589634,Thực phẩm & Đồ uống
train_75834769,5bc3ca5bec94e7f0e2399df8eec5f6f8.jpg,efca9080952bf22f,"Asepso Sabun 80 gr Original - Kulit, Antiseptik, Gatal, Alergi",1931898332,Sắc đẹp
train_1748125201,cb4948feecf82c65520b3f0d17fe7d14.jpg,dc85e1750687f932,BATOK CHARGER VIZZ VZ-TC 11 per pcs,1932232224,Điện tử
train_2708471129,9595fefcf8275897ccad5657cbdebe90.jpg,afe4d02fb05a1b34,LAMUSELAND Blush On Cair 4 Warna Makeup/Kosmetik Wanita  LA2008,3931033939,Sắc đẹp
train_914652401,1f638907eec2f89049c994e7ed3ba7eb.jpg,bd7c9696146cc1c3,Morinaga Chil School Gold 800gr Vanila / Madu Susu Bubuk Formula Pertumbuhan Regular Anak,1701800073,Mẹ & Bé
train_1405089202,ffe09691e8769a5c1d3bc07799d0d69e.jpg,ea6c8718529fc63a,Lock & Lock Kids Water Bottle One Touch Lid 600ml - Blue / Pink / Orange - Botol Minum Anak,2231230291,Nhà cửa & Đời sống
train_1370730062,11d881eedfb689afdb3aa65bf71bc8e5.jpg,beccb20cca750b6a,( RC ) SPIDOL ALAT TULIS / SPIDOL KERJA / SPIDOL TULIS / PENA IMPORT,361170247,Nhà cửa & Đời sống
train_558533866,f5717703512205dfde56d7d5e978ce0b.jpg,ba72d0c6a4adc98d,BEST SELLER Sarung Tangan Sepeda Motor Military Tactical Half Glove / Army Gloves PREMIUM QUALITY,97053495,Phụ kiện thời trang
train_2813655033,cdc2638882efd8626f2fc50b8fb453ae.jpg,bb068539f4f4cc61,Headset Bluetooth Sport S6 Wireless v4.2 | SAMSUNG | MI | ASUS | OPPO,3021321489,Điện tử
train_2523424474,68362d7893319815fbde9012b04feb71.jpg,8e0bf12ef1e60a6a,[ Garlic Press ] Bawang Putih Penghancur,2717135091,Nhà cửa & Đời sống
train_418828557,c1678e1a77852cfb0e6766a6e2164ecc.jpg,b8b0b047499cf6e6,Pegangan Galon / Cangkingan Galon / Alat Angkat Galon,3286260030,Nhà cửa & Đời sống
train_1779706050,2601ea64e16679af3385a7ad6ac8e507.jpg,e976d4859cc91517,TOOL BOX SET KOPER  - MAINAN ANAK TUKANG TUKANGAN OCT7505,4015715622,Mẹ & Bé
train_2686162180,edf25d976f5d771b9d1c45628a9baaeb.jpg,a91756768a89a5f2,Sasa LaRasa Bumbu Lumur Ayam Spesial 26gr,682258630,Thực phẩm & Đồ uống
train_2547528283,acdf7ee8d81bf2a2e4460d154d618536.jpg,f87ccb74b4430ae8,SALUR DIAMOND (GRATIS BONEKA & SYAL) 22CM&18CM tas jelly mate tas jelly matte tas fashion tas wanita,1116126635,Phụ kiện thời trang
train_849093116,07c49d9c2f057f7bc61671ff1bbbd890.jpg,ef62a43da635e1a0,CS - Clowny Cargo Baggy Pants American Drill,3351658164,Phụ kiện thời trang
train_1276547245,2fbcff31700e0e23dabf5d3f0e1ec082.jpg,b36c8c9b8ccc989b,Freeman Feeling Beautiful Brightening Green Tea & Orange Blossom Peel-Off Gel Mask 175 mL,3445494442,Sắc đẹp
train_905614556,b1817c8d9a4f5f7d5f3afb336fada08b.jpg,9454616277878baf,(ISI 2) Jf Acne Care Facial Foam 70G / Jf Sulfur Face Wash/Face Scrub/Sabun Wajah Kulit Berjerawat,385158859,Sắc đẹp
train_1928451553,447516fad8aa94640fa3c651bb5d94bd.jpg,adb6c4609e871b9a,Setelan Kemeja IMPORT Baju Celana Anak Cowok usia 6 bulan - 4 tahun Motif Plane,3338523989,Mẹ & Bé
train_630334687,83f94d719167911d18e72edde9959cb4.jpg,b46dc7939c989a32,Jam Tangan Pria Casio General MQ-71-4BDF Jam Tangan Pria Original & Garansi 1 Tahun,2941180893,Phụ kiện thời trang
train_4205476368,eee5f85843631d685b533e754d5dc23a.jpg,ea62957993e1d294,KAOS ANAK FULLPRINT MOTIF KARTUN UNISEX LUCU / BAJU KAOS ANAK,1971320482,Mẹ & Bé
train_2811833327,26f4ef95df3c35fd62e8e8a75bd5ff63.jpg,adb28e61b08fe117,bergo maryam 2 diamond tali jilbab instan hijab aisyah jumbo premium daily kerudung murah khimar,529859784,Thời trang
train_207028724,844190c1a489d83e626531593d1afcd4.jpg,ee93910e930fd02f,Powerbank ROBOT 10000mAh RT100Q Led Dual Port USB Quick Charge Fast Charging Garansi Resmi 1 Tahun,2375213753,Điện tử
train_3522284327,4bdc6ed8eefa488651fe239ec0d377d4.jpg,b8f983e4a41f494e,6 In 1 Stretch Bowl Cover Lid Silicone Food Cover/Tutup Makanan Silikon Bisa Meregang K312,232646097,Thực phẩm & Đồ uống
train_3062773141,1666be23b7cf83c2166fcfc1869d616d.jpg,af92d06c923b6eb0,Kotak Tempat Makanan Serbaguna 750ml Klip To Keep KP-95 Lion Star 3202,2376318723,Thực phẩm & Đồ uống
train_2037987558,48d02e4fe682814e69d5f0dc10955df4.jpg,a2a0f54c77e91873,HSC Herbal Slim Capsule,1959886791,Sức khỏe
train_1625412801,2df4b79748cf76a2a7d3c7e8d533ee53.jpg,970479db491aa597,LAMPU TIDUR PROYEKTOR STAR MASTER PUTAR MUSIK KARAKTER DORAEMON BULAN BINTANG OCEAN (musik+muter),3350990171,Nhà cửa & Đời sống
train_2508682610,ddd1f888f37a95b9d53d65cc91658d0c.jpg,bb73c48ce3b1944a,Acnes Natural Care - Facial Care Oil Control Toner 100ML - Powder Lotion 100ML - Milk Cleanser 110ML,1176059503,Thực phẩm & Đồ uống
train_2657687628,2ffa63efc536ec6ce1d96e27de34715a.jpg,fc76de42c4c4ccc2,AF711 - Kaos Cowo Terbaru dan Terlaris,1466570117,Thời trang
train_1100757824,934bff25fc0ec1a65a87fbee283dab4d.jpg,cb364ceb8f147194,LISTERINE\xc2\xae Cool Mint Mouthwash / Obat Kumur 250ml,4192619133,Sức khỏe
train_696243308,e5956e36744f582155868cc288d4ccb5.jpg,bfc0f42ec3369cc0,MANGKOK KUAS MASKER  4in1 mask bowl set,3958436296,Sắc đẹp
train_169657511,0f3001a3f4a5e9d715af5986b4d2d501.jpg,9d78e04d83479fb0,JILBAB SEGITIGA BOBAL DIAMOND / HIJAB SEGI TIGA BOBAL KOMBINASI,2008989859,Điện tử
train_1158661921,a14c7a0f05241ecffaa23a8884b62fea.jpg,bf0c9786835e59c1,(STOK READY) ALAT PERASAN LEMON/JERUK,3443661919,Nhà cửa & Đời sống
train_710223142,7200b4ee2c486cf246236877340cc83d.jpg,ec1a90e5c7c5c317,"IK EA153 SUNNERSTA Wadah, putih",1670550471,Nhà cửa & Đời sống
train_3799081457,38b5117632faaa23fd3c3360400233d6.jpg,efc1a5a56212b1e3,READY... GAMIS #7 (Pjgdress 120cm aja),3570475971,Thời trang
train_2753726943,753017ddc770f790025d079fda55b444.jpg,ed9993666d15829a,Powerbank VEGER ULTIMATE  10000mah X103 slim 2A ORIGINAL 100% REAL KAPASITAS Garansi 15bulan,43239290,Phụ kiện thời trang
train_2408473842,b8a9f3ef690d1fe02f6adf414b893df3.jpg,be03c13cc5c32e3d,Shockbreaker Shock Breaker Belakang XRide X-Ride Merah Putih Hitam 2BU Original Yamaha,1317696804,Nhà cửa & Đời sống
train_3074841276,76c6ef6840ee0ea34899b5bb8926b30c.jpg,e8c4875ad83d9729,(COD) RR TAS MAROON - Tas Ransel Backpack Fashion Wanita,815481787,Phụ kiện thời trang
train_531678307,121784c966d794b77ace4715b171d950.jpg,ee9e3164926b5c26,Laces Checkerboard / Shoelaces Checkerboard /  Tali Sepatu Catur  130cm,358422381,Phụ kiện thời trang
train_2743017919,2c4d6d46060323f22c71eb03603592b0.jpg,b031cbe56c3a3669,MIC BY-MM1 Mini Microphone Cardioid Shotgun Mic Vlogging for IPhone IOS & HP Android / Canon Nikon,1653781225,Điện tử
train_3271639158,94fec69b1f9dc0935d1d5f972dd04f79.jpg,ab7a68057cb70ad8,Clodi lampin/cloth diapers/clodi murah/ clodi celana lampin + INSERT (isi),2531822325,Mẹ & Bé
train_888990516,b72833f10a93f60245f493dea34d41d8.jpg,951fdf5140eae4e0,KUAS MASKER WAJAH BENING,32403559,Nhà cửa & Đời sống
train_697962257,d23e762d26aa24ea56bf9345104522e9.jpg,e978d087bed02179,Jepit Rambut Lidi Kipas / Jepit Lidi Kipas / Jepit Lidi Sanggul Bentol,2794635514,Gia dụng
train_1148749168,20d75cc5262b77096367804ef7c332e2.jpg,d49160fb2d55d658,Bumbu masak Asin Atom Atoom Bulan sachet Ekonomis,3482040765,Thực phẩm & Đồ uống
train_869252437,98a24bbfd9fc0a3cce4c15906fcfe1b4.jpg,ef974660370f3164,[ Spot & COD ] Memory Micro SD Card Memory Card Capacity 128GB 64GB 32GB 16GB 8GB,1763577746,Điện tử
train_3474847052,acc928d9200526795cc14c53e502ce6a.jpg,a79f9f25226270e8,Selection Facial Cotton / Kapas Wajah 35gr BY LYNETTE,3598698198,Sắc đẹp
train_3644829313,60abf69848da6bc126f31c880a6372ca.jpg,f6d34d999925a21a,Keranjang Baju Kotor Praktis,2270136417,Nhà cửa & Đời sống
train_3063464967,aa6e56e2588037eecbd767563d05c9d0.jpg,af1d96e2d06369e0,New Sandal Jepit Wanita Full Unicorn,3255547024,Phụ kiện thời trang
train_2834390170,99eb0bca881d7080a7ecf1f37b2f7336.jpg,c0d2bf2dbd244396,Tutup Pentil LED / Pentil Ban LED ban motor mobil sepeda FREE BATERAI,1575763518,Nhà cửa & Đời sống
train_1857644682,b14664fa5f20164b00d9b91dd5a348ac.jpg,bf62c09f35604e5a,ASAHAN PISAU MURAH ASAH PISAU SURMENE ASAHAN TAJAM PISAU DAPUR GUNTING PENGASAH PISAU 200g,3681824555,Nhà cửa & Đời sống
train_1938245708,30af832b5f38b6031bbcd608cded4a96.jpg,b4c366869b986c6d,Turtle Wax Carnauba Cleaner Wax 473 mL (Liquid) Pengkilap Pelindung Perawatan Mobil Motor,1567381934,Nhà cửa & Đời sống
train_1545755534,949bdc99572710e8a4729592e5399696.jpg,e4cb4c3873665c65,Car Holder HP Bunga Flexible Universal Gekko VIP Stand Holder HP Flower,452508504,Điện tử
train_3165666556,b532af4720a932066270ca210d6086e8.jpg,ea32d66599df4c08,Anmum Emesa Chocolate 200 gr,1612814766,Thực phẩm & Đồ uống
train_1824895388,59bae755b3a3869905db33eb0bc8fd4d.jpg,d25a8d263ca17cad,(2 pcs @ 10 ml) Acnol Lotion Obat Jerawat 10 ml / Anti Acne / Acne Care,1746655739,Sắc đẹp
train_95327516,02a22f1cba1baff113c9f10d57c19c9b.jpg,e79b9652996d9490,Jas Hujan Poncho Lengan Celana Varia Merk Gajah / Elephant,1480113982,Thời trang
train_1621911417,2d566e4ea76bcd8c9fd6a0ab1a46cad3.jpg,cbccbe3bc0c092b9,PIL VIRGIN HERBAL,2325289006,Sức khỏe
train_2775572,26a5523711e3a23f16d56c2ef5e4817f.jpg,fb3cc4c3c292b62c,"Celana jeans pria pensil strech / slimfit BEST SELLER, CHEAPMONDAY, DC A6L7 COWOK Hits JEANS",3146605186,Thời trang
train_323581086,b38ddaa3cb04301ad8e7e49cca2ebbf2.jpg,ecc7c33a903dc361,[748gr] G21 (ADA PISAU) Sendok Set Polkadot 24 Pcs Peralatan Makan Dapur,1453622496,Nhà cửa & Đời sống
train_3175266145,302bb9f09577c5319cc90be6975d0f43.jpg,adf095f04ad04e8f,Kain Lap Microfiber Cleaning Cloth Towel Serbet Pembersih Serbaguna Murah,783180778,Phụ kiện thời trang
train_2989669919,7db9260cdf06b79a6d59777781bc82c5.jpg,eac596949d3a6986,CREAMBATH CULTUSIA 1000GR / 1KG CREAM KRIMBATH CULTUSIA,3348084900,Sắc đẹp
train_4211938281,009806730ca9c18b829239c9915d898f.jpg,e03897a74bca396c,(SHOELACE) Tali Sepatu Vans Motif Chakerboard,358422381,Phụ kiện thời trang
train_664887031,d89aa8b57c0c8ceb2dccbbf44cf64bbc.jpg,fea5815a238e9559,Dialogue Baby Gendongan Hipseat Carrier 9 in 1 Splendid Series DGG1026,3421323344,Mẹ & Bé
train_3007211310,d02a4262203bcf9d6fc5e529d71b28ea.jpg,b82dc7d2c395782c,balon huruf foil HUT RI 74 set merah putih dekorasi dirgahayu hut ri,1270473711,Nhà cửa & Đời sống
train_4126927315,c823dd928808460ccafafdfa5f03efb0.jpg,efd1906e8d646329,DOMPET WANITA MURAH MAHIKA SERIES ORI MY QEENA BY KIRANA STUFF TERMURA SIMPLE KEKINIAN BEST SELLER!!,1903578373,Phụ kiện thời trang
train_2905851092,27a805a3f09f52abdc06c063a08e2803.jpg,c9f1950fb80ff842,[ B.O.M1 ] Baju Pasangan Muslim Terbaru Wenela Couple Syari Set Khimar Termurah,224611800,Thời trang
train_2521844279,84b21ecd2622c767eb113ab4021a3ac2.jpg,e9329666cdc99649,SERUM DR PURE WHITENING BPOM 20ml,1237786844,Sắc đẹp
train_2125298029,db2f9afaad2fded667fc66ae126c6524.jpg,e86c969361d7d170,KC03 KACAMATA ANTI RADIASI pria wanita cowok cewek KOMPUTER HP UV ANTIRADIASI KACA MATA NORMAL,3630992203,Phụ kiện thời trang
train_357209675,88d7120b7940a244e2bd3e92e48df5d4.jpg,bbb3c4ccf0228f31,cream TEMULAWAK BEAUTY WHITENHING CREAM pot kaca,3417939455,Sắc đẹp
train_3714688322,27817a447a2d3a88556e8a05a3dc331d.jpg,a896666fc7da2518,#Bayar Di Tempat#tas selempang wanita shouder bag waterproof import nylon Import Nj13M,277379401,Phụ kiện thời trang
train_2973702934,8cbb4888c873b8f4e9ccb59ba0b9fc51.jpg,8cc4f3e1f11e0f0d,COLLAGEN BODY MASK BY FONNFONN FONN FONN PEMUTIH KULIT,936767701,Sắc đẹp
train_3151379830,45372767c33510131f4d22000baaf755.jpg,957c6b696a717830,KABEL DATA IPHONE ORIGINAL 100% LIGHTNING TO USB CABLE 5 5S 6 6S 7 7S 7+ 8 8+ X XS 11 PRO MAX,1154928830,Điện tử
train_694494119,17855c27471758953a18bd6ae3f3f697.jpg,dc2a017b1dc1e33e,Willsen Enzim Mixdent Pasta gigi anak 75ml,498326837,Mẹ & Bé
train_1485694939,71bfa0097795ae2e8317f74cbb778b67.jpg,e59a8e999c26b361,JJ Royal Coffee Java Monk Robusta Ground Bag 200gr,594675989,Thực phẩm & Đồ uống
train_1174073061,578f43eaa6d3f3829105525ad04c2b8b.jpg,cf909902e8fdb0b5,Hanasui Naturgo Lightening Peel Off Face Mask Masker hitam Komedo BPOM,2430246747,Sắc đẹp
train_3689568066,fb520055c19dc1408ae3f3cb27a57957.jpg,afec99e0b69a8d02,Catok NOVA Mini 2 in 1 BEST QUALITY / Catok Rambut 2in1 Pelurus Curly Straight Lurus Keriting,2558633431,Sắc đẹp
train_3689798371,d3cb49cb4cf508954c3fdf8b96e04478.jpg,e1959f0b2b624e6c,COD -  Kotak Tisu Box Tissue Tempat Tisu kerajinan tangan enceng gondok,2759392993,Phụ kiện thời trang
train_229850019,b8b51db7a8e0d990e3afb3a52facf2bf.jpg,da4aa1a1b3c5c52f,Sarung Tangan Safeguard Nitril Non Powder Size Xs,2149637296,Phụ kiện thời trang
train_4237032314,9b3e92381872b6566d37b6898686c05f.jpg,e97994349fc9624a,Sarung Tangan Jersey Hawa | Bisa Touch Screen | Wedding Gloves - Sarung Tangan Panjang Sampai Siku,1219736930,Phụ kiện thời trang
train_80000914,4ea146a51c47108a8a7e0070115bb91c.jpg,9d58c04d83775fb0,Segitiga PET Bobal,2008989859,Điện tử
train_744357342,6a2e40690558bed0335b0d626b890149.jpg,8b0d3e78d97172c4,MASKYOURNEEDS MASKER ORGANIK [baca deskripsi],656698835,Sắc đẹp
train_2723605082,5be1586021f2c384eab2c42742e08740.jpg,d2d68d2dad53d602,B18 Obat Pembersih Jamur Kaca Mobil Cairan Penghilang Kerak Serbaguna,4012802395,Phụ kiện thời trang
train_1262922683,72d8ffbcbe80bf898f89dd44b70546d6.jpg,bbcc9697482c3d91,Kaos anak perempuan winny Full print  1-10 tahun,3664546008,Mẹ & Bé
train_4029458328,497d3bd9b010f9a34705d7e408febd48.jpg,a8d8c7631eb42d0f,Gobra \xe2\x99\x95 Celana Dalam Renda Brief Seamless Ice Silk Lace Underwear Sexy Panties Wanita Murah Jakarta,869411066,Thời trang
train_3570788818,a6ed95a53e53a91545dc529e7eff3ba7.jpg,dee0e4d6c2353534,COD Brush Aplikator Maskara Bulu Mata Sekali Pakai,2916181532,Sức khỏe
train_3174651373,29e7fa746cab185f3cf20b8b8f3dc99f.jpg,ecf5817f05d01fc0,SATU SET ALAT TULIS / SEPERANGKAT PULPEN MISTAR,2481155656,Nhà cửa & Đời sống
train_1926162836,e24d3fa0fb6fd2bb5f7ca02f3643c015.jpg,be80d534417f4be1,Mata Bor Set Kenmaster Besi Kayu Beton Obeng Fischer Murah,2403542018,Sức khỏe
train_397336284,215d6e472d55d271152793158135f8c3.jpg,d25aa40b57f48f25,Cream Wajah HN Hetty Original 15gram + Serum Gold Hanasui,4162041121,Sắc đẹp
train_1517015550,c8bcf48650cf26197506d0bbd8f9d3db.jpg,b1d0f1fb8f669c00,Tas Transparan Fashion Wanita PVC 2in1 Activuty Bags Promo,3076140749,Phụ kiện thời trang
train_859021168,450d120a7e77fa31c44cb45884dcb3e2.jpg,a7daf08dc1c01eb9,DASTER ANAK SMILEE SABLON MIX MOTIF,3558855285,Mẹ & Bé
train_2718744386,26ed6296d67df06d9a636170d787d2aa.jpg,b3f576d6640a8989,SANDAL NIKE JUST DO IT!!! SANDAL NIKE BENASSI SWOOSH FLIP FLOP SENDAL NIKE BENASSI SWOOSH FLIP FLOP,2225545214,Phụ kiện thời trang
train_2640586199,61fa0bc060dd1ac946d4a02db3210561.jpg,be77c188d6413aa5,MAINAN CASH REGISTER LS820A2 MESIN KASIRAN,1679308428,Mẹ & Bé
train_210036817,bd40f1b2a1ed9c608854303dc6c0a3dc.jpg,9bfc8381f20bf42a,Topi Kupluk Bayi Laki-Laki dengan Telinga Bahan Katun untuk Musim Panas,3499914946,Mẹ & Bé
train_3878285093,25c65fba02e1d867e4054261203e9a0b.jpg,f3c8c8b5b5b48433,Pinus Maharati | Pembersih dan disinfectant alami 250ml antiseptic antibakteri,1566622764,Sức khỏe
train_4044410214,a7efa841b0a58a3637347efd068f30a0.jpg,eb80956fd06ae691,Promo Makanan Kucing Profeline 400 gr Wetfood  Profeline 400gr,937062519,Thực phẩm & Đồ uống
train_330560290,29c1edc24d42acc626e593a51eccc819.jpg,fb3b0b1935181f29,GURILEM MINI 1KG Siomay Kering Toping Baso Aci Cuanki Seblak BISA GROSIR by GAIA,668530324,Mẹ & Bé
train_3725383423,59e94ea0ecdc6353d012bb7068a44ff9.jpg,a3eedc319e44a329,Keranjang Multifungsi bisa untuk tempat pakaian dan mainan anak[besar],2890017245,Mẹ & Bé
train_3979162082,6c52c863ef83e0b948b139cba1d71589.jpg,d84cb43f49609af3,ONE - 0003 POPOK Bayi Kain Kancing Clodi Bayi Dapat Dicuci / reuseable,996959929,Mẹ & Bé
train_3102552614,219f9ced23b0edc3cbb4e74b229da3ed.jpg,dfce40c0d250be3d,Bokoma alat pijat kepala,378982106,Nhà cửa & Đời sống
train_3257674098,60399374a74d15c2ed2f4a222f2f381e.jpg,ba33a70f50d887b4,Mini OTG micro Usb-Non Kabel,612013449,Điện tử
train_918100715,5f1586d15ce2dfe70d488e30c21c96e8.jpg,80cab43f4f4bb42d,TATAKAN / ALAS POT BUNGA 20 PUTIH - 1030,3737601114,Nhà cửa & Đời sống
train_1758042592,6e79e2d624fa6a6727d760f6e4b4ff6d.jpg,ef17d06885993798,Mesin Alat Cukur Potong Pangkas Rambut Happy King Barber Hair Clipper - Merah,1807305889,Nhà cửa & Đời sống
train_3437295268,ab07695890ac2eaeb2349156e9cef195.jpg,a444d47fd7a0f059,Pemeras Jeruk Dan Lemon Presser Stainless,293434992,Nhà cửa & Đời sống
train_950728335,1011da6155f3f6261a9c0aeae963a46f.jpg,902c61b75fa237d4,JUMPSUIT KOKO AQIQAH KOKO BAYI LENGAN PANJANG BAHAN ADEM,2353441254,Mẹ & Bé
train_4290732312,7a2be8a1e9c0720b14121bae021a1281.jpg,bec9c4198ff03c07,[ 1 Kg 24 Pcs ] Pisau Apel Stainless / Pisau Apel,952183003,Nhà cửa & Đời sống
train_2950528366,0688841400a76d696471f2a8ce32c671.jpg,a1d611f619fb4632,Wardah Acnederm Pore Blackhead Balm 20 g,2388758018,Sắc đẹp
train_1977772104,0d84fb4b76a915fd0869ee76a6c2ddf8.jpg,808eef1aea15fba0,1pcs Kaos setali/ kaos oblong bayi motif (putih/warna),4261155676,Thời trang
train_908465313,9b3e7833a4af73036660b8790a955de3.jpg,aa1acde36a18f2e1,Refil Sabun Cair Nuvo 450 Ml,1893973283,Sắc đẹp
train_1424829145,200cc9dd76bb316301a145a7b44dd55a.jpg,80352fd52f957cc2,Bumbu Masak Gerak Tani,3793731481,Thực phẩm & Đồ uống
train_2067324332,8ebe1f7bab294d18a5ccc4764919f80b.jpg,ede1ca3c9491b31c,[HEALTH STUFF] - Alas Kaki Sepatu Shock Absorb Gel Orthotic Arch  - Black S/L,4176822205,Phụ kiện thời trang
train_1103671857,ae815054b880a1c3d74d3a7430065789.jpg,f88785789f32913c,BEST SELLER lakban PAJERO isolasi aluminium Foil Lakban panci knalpot parabola,3933335821,Nhà cửa & Đời sống
train_376426714,73b0b144af44da9dfa01cf1fbcfd1a3d.jpg,b89d82f386e3c546,1Pc Kain Lap Microfiber Super Menyerap untuk Peralatan Makan,3429155956,Điện tử
train_3783601581,516bf487683db0ae01bc2388b18788ca.jpg,ae2dddc3823932d2,SABUN PEMUTIH TZUKI ORIGINAL PENGHILANG JERAWAT ANTI AGING DAN FLEK,3489985175,Sắc đẹp
train_3614777663,22a01e3aa39a2e2bc09a759372c8b1ba.jpg,aae1dce1a5029677,BPOM Philocaly 10gr Peel Off Mask Powder,4183994583,Sắc đẹp
train_2234021757,34a57839bd8ffddbdac379fb7500ca4c.jpg,bc9143bc7e993846,Ring Light Selfie LED / Lampu Selfie Bulat Untuk Kamera Camera HP Flash Charm Eyes - PALAPA,2259957740,Nhà cửa & Đời sống
train_520278351,40a3ee10f01e0f1424e7fb04af1a14bc.jpg,8ed232926fd1e02f,Pop Socket 3D Karakter,2770363844,Nhà cửa & Đời sống
train_899199231,dec267e351bc5d82b0c5ff71cf4e0d52.jpg,eca49b4996db8463,KAOS KAKI AVO ANTI SLIP BLACK & WHITE,417337045,Thời trang
train_2381804806,e35fbd4c1db57a602c34afe633b35a91.jpg,b8a817983cd6c3c7,ZPT Hormon HANTU  repack 100 ml - Hantu multiguna tutup biru - hormon organik,2751972564,Mẹ & Bé
train_1881029728,bf69ead3dadbf3ebe850b1d34314eafe.jpg,8ba76d16798031ed,[Lisa] Sandal Jepit Wanita Motif Bunga Manis untuk Musim Panas,3494512671,Phụ kiện thời trang
train_1251439607,8f83aac5419ad91db2e3e68683e13c86.jpg,a9d9063a38e37867,New KSIECNALB Full Colour hoodie /Bisa couple/Murah,2788961291,Thời trang
train_1602572510,346d410e683a1cc82454614f1cccf804.jpg,a621d9ddd042379d,Mainan Rattle Teether Kerincing Kerincingan Gigitan Bayi,2415538143,Mẹ & Bé
train_2489522070,4945714ebf396b367adc0649b85e861d.jpg,d356d3d47c2c0ba1,SALSA DYNAMATTE LIPCREAM | LIPCREAM SALSA ORIGINAL | SALSA LIPCREAM | LIPCREAM SALSA,1201602115,Sắc đẹp
train_1422625180,db60caa3e8253fa8567f6b9915f7aadc.jpg,b9c0ce2ee31e6847,TummyTrimmer Alat Pengencang Dan Pengecil Perut Body Goall Welcome,3113555311,Nhà cửa & Đời sống
train_3098628279,5a8573a46a1eaf92af4f1ae3c079bcde.jpg,fbc9a686905ad394,Emina Masquerade Face Mask,2108322384,Sắc đẹp
train_1634598069,9c487970460281b01aac17402d852b40.jpg,aee2d01d2fe2380f,innisfree my real squeeze mask ORIGINAL!,927285629,Sắc đẹp
train_1519679404,9656dba4136d572da1bdf08f046553e0.jpg,e4a49b6692699c79,POS - Marwah Syari Set Premium / Gamis Muslim Terlaris Setelan Khimar Termurah,2201615216,Thời trang
train_888467946,f9b4cdf46818f29b3f95e16e5d1e20ba.jpg,d5c0aa3f55c0aa3d,Balonasia Garland Tassel Kertas Rumbai Metalik,961119785,Phụ kiện thời trang
train_1880996073,9ad29377082e70670cb3c3eeaad730af.jpg,e68c99331967cc66,PIXY Aqua Beauty Protecting Mist - 60 ml,2309690778,Sắc đẹp
train_2740015442,a9dbd0b5c9504d4e9c63826a81bb340e.jpg,bee9c536a25cc1c8,"Jaket Hodie FREE FIRE BOOYAH ( S, M, L, XL, XXL ) Man and Woman",1754812774,Thời trang
train_1630742171,40e22673f6cc7201b1f27ed3176ce571.jpg,ee55b172c48bc1b4,FEVES COLOR CREAM 60ML / BPOM,359356063,Sắc đẹp
train_2071245538,7d2f1b112272ca827c9d287ce6acb011.jpg,eb94f80bb4681799,BERGO LENGAN AZIZAH / BERGO SYARI PAD BUSA ANTEM BERLENGAN BAHAN JERSEY ZOYA,191738074,Thể thao & Dã ngoại
train_2577261300,c6ff1773f3d071162290814c44f27962.jpg,cea5d25ac959c5d0,Longtop polos(LP),1016178132,Thời trang
train_265197986,627c4569f6802e205edff5939fd72d0b.jpg,c9a196f6f9c4250d,VITAMER BLENDER PORTABLE 350ML ORIGINAL Blender Juice mini USB 4 mata.,3566010337,Điện tử
train_2140334718,b7777b5e6a7f1779fbb31bc5fd23dbfe.jpg,ea939568d8ce9364,Cd celana dalam ibu hamil kancing karet pengatur lingkar perut scelta murah berkualitas sc 07,3691961493,Phụ kiện thời trang
train_3530740450,523aa7f8d8579a9a2a7c05e1749ee967.jpg,bbb918d4c0667e26,MAYBELLINE SUPER STAY INK BARCODE lipcream isi 12,968051938,Sắc đẹp
train_1838212004,880cc1ec41affb98571358c6bcb6214e.jpg,be7e342f1f0c5142,JALLE - BT004 - BOTOL MINUM H2O TRANSPARANT 280 ML - BPA FREE - GRATIS BUBBLE - MY BOTTLE - TERMOS,1702709914,Nhà cửa & Đời sống
train_2751766873,15d2045f0f3e185f02a3fe5d47b4a207.jpg,ab8dd5f690615e06,CD Seamless Tanpa Jahitan Anti Nyeplak Fashion Es Sutra Celana Dalam Wanita,4264554516,Thời trang
train_4046954781,a6b57b6795166e6abce785d753335515.jpg,f7820fd20dd3c82d,PIGEON Baby Liquid Soap 350Ml Refill | Sabun Cair Bayi,3040626578,Sắc đẹp
train_1600280967,8368c0baefd28e8a08663d312c6ea1f8.jpg,e992962796c79692,Everwhite Blush Cream (3 in 1),1358636948,Sắc đẹp
train_1350917296,c98c2137a7df569244692e3bb3df559d.jpg,c068339669973ecb,6 pcs Atasan Baju Bayi Newborn Print Karakter,3833583666,Phụ kiện thời trang
train_4178049634,6415ff87e3b5a9a4eef73f410e195e1d.jpg,d5a1aa5e927fb0a0,"Cussons Baby Hair Lotion Candle Nut & Celery, Coconut Oil, Almond, Avocado 100ml",3509199723,Sắc đẹp
train_787867031,10524af55d9d6de270c5b3792349a77c.jpg,bb863d4ab438d1e4,Botol Minum ENJOY LIFE 2 liter,2930481002,Nhà cửa & Đời sống
train_2457943078,be3e70fadebb01d66badf0b6244bf867.jpg,ba69e0cb4ad3c14b,500 Cara Membenahi Perilaku Anak,2073932971,Mẹ & Bé
train_346697073,bf74cf0b70aae38968950332b501807d.jpg,b6fb1c980062abd7,EL GROS 12 - SET HIMARU / Stelan Himaru Kulot / Stelan Himaru ROK / Stelan baju wanita FIT TO M - XL,320752715,Thời trang
train_850060428,e03af42dd38abb53e36ca896b35810cc.jpg,a626feb504c8c93e,6IA-Cute Mini Animal Ukulele Instrument Toy For Baby\xc2\xb4s Enlightenment Early,2821880150,Mẹ & Bé
train_3326215714,97913df98eeed385bcd0f3a16796d467.jpg,aa49c47ac397c794,HIJAB TALITA SYRIA RUFFLE REMPEL TALI BERGO NON PED ANTEM WOLFIS PREMIUM,1192200504,Thời trang
train_380788309,c2e493bd4825f7df37167845d7344db4.jpg,9b6b3fc385a5e500,Selimut Bulu Halus 150x200 Motif Dewasa Paling Keren Terlaris Termurah Impor Berkualitas,954317984,Phụ kiện thời trang
train_2166949404,ba4e4bd3b04476a64b93c8f9271075cd.jpg,bf9f80604a392d97,WAISTBAG AS - Tas Selempang Pria,1237550763,Phụ kiện thời trang
train_2366339891,babbbd9ce8474cc498a12e8846d28a80.jpg,81a23e3e0eb477c9,DOMPET / ANGPAO / AMPLOP KOTAK LEBARAN ISI 12PCS,2910710051,Phụ kiện thời trang
train_1289658199,d2eee91d2fe90d9a77a54e6d42032d91.jpg,8ba52f0eb44af4ca,Abe Food Popcorn For Kids 80 gr,4267355837,Mẹ & Bé
train_3614602981,bcae84fe17a51dfb464533e06f638237.jpg,bad3c5c99234ca36,BIOAQUAloe Vera 92% Soothing Gel Cream Krim Gel Lidah Buaya - 220gr,3115028838,Sắc đẹp
train_1241063813,e6beca7351ba3b223260b9389c2415ec.jpg,bb3891509fa3c857,MOUSEPAD BRAND HITAM / ALAS UNTUK MOUSE,1689060514,Điện tử
train_2623661886,a121f1fb755f7155aa5959f92cc759ea.jpg,adecd03913c6cc93,PROMO! Cleora Jelly Booster 2pcs | Pemutih Wajah,2245764417,Sắc đẹp
train_197359469,30a867a9545d5bdf353c44da1250d616.jpg,ac6dd230cdcb346c,Lakban Bening Tebal 90 Yard 48 mm Kualitas Daimaru Isoalsi Lakban / Lakban Solatip / Plakban Tebal,2874858962,Phụ kiện thời trang
train_155190838,d4a64b91008fcbcfaec48a26efba2f6d.jpg,be4bc836c1c8b636,(Free gift) MASKER PETAL ACONESKIN MASKER WAJAH ORGANIK,2562350671,Sắc đẹp
train_570016701,3df3132e11e810c728261caf50babb68.jpg,d0b5cac53f4a3172,Panci Pepes Bolak balik Happy Call Doble Pan 32cm,4264375583,Phụ kiện thời trang
train_1195836421,9b0c8c5c248df62083aece37d72cdc9c.jpg,cb16b5499c619e65,KABEL DATA OPPO 2A MICRO USB ORIGINAL FOR OPPO NEO 5/ NEO 7/ NEO 9/ F1/ F1S/ F3/ F5/ A3S,3084987355,Điện tử
train_2052336109,4a04a177cf078a92c3584f4eee8952ba.jpg,d7fc79216bc2c043,Skic 10pcs/set Jepit Rambut Duckbill Motif Kartun Untuk Anak Perempuan,3784861428,Mẹ & Bé
train_985270715,466f9e16533e722ccc16f79a9b6e2b85.jpg,add02bd750a64a75,JILBAB MASKER BAHAN Tebal JERSEY PREMIUM/Jilbab ANTI CORONA/JILBAB INSTAN/JILBAB SYRIA /JILBAB JERSY,4284476680,Sắc đẹp
train_1542356102,239f3ebc84461d441f5d9d6a71314c4d.jpg,b293cd248cce99ce,SANDISK FLASHDISK 128GB / USB FLASH 128GB / SANDISK BLADE CZ50 128GB,2321229503,Điện tử
train_3060751144,fa19acc88f430fb473e67d5d0d6f670c.jpg,f1764c7e4c31223b,[ORIGINAL] X-pert Premium Eyelash Adhesive - Lem Bulu Mata Xpert Premium,376951013,Sức khỏe
train_389456334,32342eba3cc1763d792d166c1cead66c.jpg,aa956afc23188f6a,Tudung Saji Penahan Panas Ada Tulang / Rangka Desain Lucu D71cm,4058480380,Thực phẩm & Đồ uống
train_587505930,eaebb4857eb647de9f277324bec6623d.jpg,ccc4324337f1335b,Botol spray 60 ml untuk hand sanitizer (max 28 pcs),1781398404,Nhà cửa & Đời sống
train_3863413306,bd950613c9e355c0a2e045772c12f661.jpg,ad371bd8f0d8840f,(Anak Perempuan) Jogger Motif Uk 1-12 Tahun / Joger Pants Celana Panjang Anak Perempuan Cewek Grosir,4079802210,Thời trang
train_3468002144,82052879698c4cbde839623a5df3bb6a.jpg,e3cc997264cd8c33,Hanasui serum pemutih wajah whitening gold bpom,2660419430,Sắc đẹp
train_1422354442,8cb289e003e330b0e553c5d41626e89e.jpg,dfe0ec1e6ae08730,ALAT PENGHANCUR BAWANG GARLIC PRESS PENGHANCUR MULTIFUNGSI STAINLES STEEL [BISA COD],2717135091,Nhà cửa & Đời sống
train_3701955929,3cb43a3d05b87c7eded53262685cef6c.jpg,8c3ce01adcc67bf0,Korset Wanita Pelangsing Perut dengan Pembuka Bawah berkualitas Pelangsing Pinggang Meningkat Bokong,3468736103,Phụ kiện thời trang
train_3033567206,ab07695890ac2eaeb2349156e9cef195.jpg,a444d47fd7a0f059,Perasan Lemon / Peras an Jeruk / Alat Pemeras Stainless Steel [ g.k ],293434992,Nhà cửa & Đời sống
train_1343731213,94811d80a4fa4961d229f0acf30cdbc6.jpg,c7b2cce967878219,Jam Tangan Pria YAZOLE 308 Quartz Anti Air Strap Kulit Untuk Watch,1748613394,Phụ kiện thời trang
train_1551895204,3579c69137d4eab8deee20d25988d2a5.jpg,bf9f80604a392d97,WAISTBAG COWOK / TAS PINGGANG PRIA,1237550763,Phụ kiện thời trang
train_4132509225,1557605e50194030aeb7dde2b97d8027.jpg,a439c766999699cc,Murah - JEPPAR 1998 Jam Tangan Pria Elluminator Fashion Sports Digital LED Men Women Anti Air 50M,1254363503,Phụ kiện thời trang
train_2971251485,47668f10f8e8f7a27f6bc7c5e7e74fa8.jpg,b5929371f29660b6,Jam Tangan Pria OLEVS Fashion Casual Kulit Tahan Air Quartz Analog Watches S-G6898,496226082,Phụ kiện thời trang
train_4147938637,87c8258bda363ad48479ab3b054167ca.jpg,af8784292b852e9f,[BISA COD] TAS ANABELE - Tas Selempang Wanita,3421505420,Phụ kiện thời trang
train_2174949039,fa500e80977bd3a92cba4992457f2b3d.jpg,bbf8c485600e783f,Bebelac Gold 3 Vanila Susu Bubuk Tinggi Serat 700 GR,3089192811,Thực phẩm & Đồ uống
train_304930204,5e58c6ddf4d453da4fcf6df67d4e14e3.jpg,ab81812b811ffcfc,[Neogen] Real Fresh Foam Cleanser 4 Option/Olive Young/Get It Beauty/Sebum/Pore Care/Step Cos,499818668,Sắc đẹp
train_2285049117,64e3131d2a9e37f94682048012071427.jpg,a7f89795e022f984,KAOS KAKI SEMATA KAKI POLOS / ANKLE KAOS KAKI,1279238330,Thời trang
train_2254253431,7a3ba68b7b513a9def99a8fd9257d813.jpg,bea5832eb462a770,Cadeau ADULT MEDIUM Earloop Face Mask / Masker Kain DEWASA (Non Medis) Princess & Friends,2614193632,Sắc đẹp
train_3893145472,455e3e91f76b72d63a356c046b00a46f.jpg,b91ec1e0aab2d6d2,Kipas Angin Karakter Mickey Minie Mouse [ Mini Fan Portable Karakter ],506623322,Điện tử
train_2432032186,113700ac8625e50c0662ce62eb9b1559.jpg,bd12e3c76ad26c18,Paket hemat (3 in 1) kaos + legging + celana pendek / Futsal olahraga sepakbola jogging,435153146,Thời trang
train_1133258225,838661ae3757b4acefbfd3cc7e3b72f5.jpg,de59c7e1850e28b6,Hair Dryer Mini Lipat Nova NV-1290 Foldable HairDryer,2065799849,Sắc đẹp
train_11180351,22134645ec777cc27482736555b59cd3.jpg,b33dbcc0c153ccca,(BISA COD) Mukena Silky Premium Mukena Travelling Mukena Dewasa dengan Tas Keren UU88,3485440553,Phụ kiện thời trang
train_332907883,123ed3967260a9d181d2b69709558710.jpg,c1b649b649b649b6,TUSPIN HIJAB PERAK PENITI JILBAB KERUDUNG,659856182,Điện tử
train_2778413397,b706bee9813ab81c91ce5fb3271ff14b.jpg,eed1c13c4be71868,POPSOCKET 3D TIMBUL BTS POP SOCKET BT21,1515270710,Điện tử
train_1773789522,0de04593607f260e10d956276d0205a3.jpg,ea92b5e552c1e929,Kaos Kaki Angkle Polos,1091404026,Thời trang
train_290243432,3be839c43bc03afef289a0d1baea5496.jpg,f8523cd2da2f2652,Headset Bluetooth Sport JBL Magnetic Design,1744240905,Điện tử
train_2140785007,581e4521ea37d4c36f38c0242b020768.jpg,f4a3838a976cc726,BAJU MODIS TERKINI // FREE BELT,2595278679,Thời trang
train_913153922,854085407426069af0e91792771a20fa.jpg,b699d9663838cb32,Scarlet Whitening Brightly Ever After Serum,1163569239,Sắc đẹp
train_2633794059,8a42c31c15bcddf6e8fa3d6d35454133.jpg,ea9ee00c95e630ee,Jilbab Serut Inaya,2172855737,Thời trang
train_1530381228,e2aea1ac22c75c3fe81e99dde7b3a469.jpg,ad6b6163c76d9430,Bumbu Bamboe Bumbu Bali,2711633818,Thực phẩm & Đồ uống
train_488319527,86082c849ab487cd546b704e731bfaac.jpg,e13c96369b919876,Gendongan Baby Scots - Baby Carrier ISG007,96054195,Mẹ & Bé
train_500507172,ef74bde2fd61acc369057395f8592068.jpg,aabd9442c944dbad,NEW!!! SEPATU SNEAKERS XBO SPORT PRIA DAN WANITA,3815469593,Phụ kiện thời trang
train_1836924785,635d7d3ed54cfeeccb884990eaaff427.jpg,8e4c93f1cc33d067,Celana training pendek grosir isi 10 pcs,1423655715,Thời trang
train_4090097043,05319116819e35785440f4946559af7e.jpg,bee6b903e3325065,Tripod MINI SPIDER Phone Holder,359918838,Điện tử
train_1149432918,14687d11f0ba99d6e8d8ad1f449f2b4f.jpg,9a65629e9d3b6630,[Bayar Di Tempat]Pembersih Kotoran Telinga dengan Lampu Flash LED,3749920673,Nhà cửa & Đời sống
train_1539237873,38e8f2731425305a44ab3df5bd959544.jpg,ac64259bd1a9ea17,Casing Soft Case Silikon iPhone X 6 6s Plus 7 7Plus 8 8Plus 5 5s SE Marmer,1492492923,Điện tử
train_1625711585,122eac505b14b0fa03b9aa97d5ee34c8.jpg,f20dda52d95a3552,[BPOM] GEA BABY /Gabag Kantong Asi 120ml / Breast Milk Bag isi 30,3926100920,Mẹ & Bé
train_4004860386,e27f555635386a772727f30b67daff92.jpg,e92d1286e16e9af8,OMGENDUT Mainan Happy Cooking,1696269594,Mẹ & Bé
train_515373139,c8983e02ddda43ffc5627b09671f569b.jpg,b4f6d01e3b71c388,Parfum mobil Pengharum Pewangi mobil ruangan ACK SCENT 1 botol gantung ORIGINAL ACK,4086765071,Nhà cửa & Đời sống
train_3911426653,fbc8091a6cca00f57f929437e6468523.jpg,aee9b116d30de10d,Celana cargo panjang loreng original ELDR 30 sd 36,165773429,Thời trang
train_2945970590,2eeaeb80df88558ef8b7ab30f164933a.jpg,e885c78e869e953a,Tas Pria ZB RDN 069 Distro Raindoz Bandung Ransel Punggung Backpack Cowok Keren Sek BRAN Cunji,1768089225,Phụ kiện thời trang
train_4204021611,e4af37e00ae9ab36ca9891bb24928644.jpg,bac5d51ee92896c1,Mukena Anak Katun Doraemon Biru ( Tas Ransel ),2721236613,Thời trang
train_3992357194,a280479bc7c77d994397f57149b0b3e9.jpg,8eb31ce55ba26d12,Diamond Acne Marwah Skincare HALAL & BPOM,1438196802,Thực phẩm & Đồ uống
train_3532310293,3fe73551d85bd1d4a19f84360ca3cd4b.jpg,bb1bc18486e5c97a,BABYMAURI - Baby Bodysuit 5pcs motif Fix It,2599895504,Mẹ & Bé
train_2544691918,bfbf3692c6869ad0b2f54c0bd7a3082e.jpg,fa0794d8813e5d99,Speaker Bluetooth JBH JB5001 JB5002  Portable Wireless Mega Bass,776749483,Điện tử
train_1022243336,167b1e32b464d5caf2e2af024f971550.jpg,ce1de42abfc091b1,Egg white mask hanasui masker telur,32960388,Sắc đẹp
train_2102495576,75a364bdd5321b77fe8f7c5db037defe.jpg,e38d9462f894678e,Alat pembersih kutu dan telurnya,829820311,Nhà cửa & Đời sống
train_2658275706,bdddbcd6bd9ec847b06e2bf6eff069b3.jpg,eba597966869c033,BABY SCOTS MINI DIAPER BAG TAS PERLENGKAPAN BAYI BORDIR KECIL ISESB012,1051035589,Phụ kiện thời trang
train_1626482139,4d7e950a8f1ca42f184b8bf1aec636ff.jpg,ebc318c6646d933c,Kurma Sukari Basah kemasan Ember 850gr,2214640257,Thực phẩm & Đồ uống
train_2749097387,e104066246623a349aa4163b767f3486.jpg,a5cf9a7160720f0f,RAUTAN PENSIL KARAKTER / PERLENGKAPAN ALAT TULIS SEKOLAH,2410929027,Nhà cửa & Đời sống
train_2383537010,de42ccc6fc99a01bead75b9814d0b4b2.jpg,9fc5e03a8a2a2f55,Filter Masker Pm2.5 5ply Gasket Efisiensi Tinggi,3495160972,Sắc đẹp
train_1808429855,b458c785bdbb43a2e743262091f059d1.jpg,bee9a186b47432c6,SERUM TABITA GLOW ORIGINAL(VITAMIN E),1561051272,Sắc đẹp
train_3975088828,29ff5725dfe76b9345c35a9ac3832886.jpg,fa3b81c09084efbb,(1kg=18pcs) bendera merah putih 80x120cm - bendera Indonesia - bendera agustusan - bendera upacara,486399472,Nhà cửa & Đời sống
train_1853856433,dc617045b08185923e10923a99e285be.jpg,fc33d130cfe4d860,LC BEAUTY / KF SKIN ORIGINAL / LC BEAUTY POT MERAH,2995692757,Sắc đẹp
train_178169596,d0eb3951296c6e7f4f21e641851952cb.jpg,b34cc6e3d831c6c6,Belcube exp APRIl 21 plain Cheese MPASI 125gr  /Keju Bayi Belcube / Laughing Cow Belcube Mpasi,1800175299,Mẹ & Bé
train_702690747,ea863f78f9d6f6a28a99f6726e13b1d9.jpg,98fab406822fdaa7,"b""Hijab Daily Khimar Syar'i Simple Jumbo Aisyah Tali 90x120""",2169544552,Thời trang
train_4218609455,84cd4e60eac3f8efc59e531dddd5ad5c.jpg,b0e81999eded4949,SKMEI Jam Tangan Anak Perempuan Waterproof - DG1144 - Pink Rose,1437750952,Phụ kiện thời trang
train_3159123258,6acfc1c6f4a50c61c53eaead481b2f91.jpg,b36ccc9999333166,Cetaphil Moisturizing Cream 100g,109743541,Sắc đẹp
train_2923687029,64190694baf7b81c3c0ea9707bbd1aa1.jpg,b0cfc7341ccf2436,Krim Glysolid Glycerin Cream 250 ml,2379255867,Sắc đẹp
train_2749419507,1bc1b76a87e127dcd855125fc00de2ce.jpg,e566da9ce125e131,ROK PLISKET~JERSEY HYGET,245619002,Thời trang
train_2544959866,0cfd7328528ff9a91a4545189a5a3c2d.jpg,fa9966a6251509f9,GAMIS AKAR GAMIS MUSLIM GAMIS TALI PINGGANG BAJU WANITA,1599432429,Thời trang
train_3215073962,54f23df45d581beab282d10904251625.jpg,ad8784d6d250db5a,Tas Wanita Import Jinjing dan Ransel CHIBAO CB0804 0804 CB0805 0805 Bordir  Bahan Parasut Ku,1980477620,Phụ kiện thời trang
train_1741855988,f5d541fa73f086c662c2733cb0b49927.jpg,fa4bce599925a524,Sandal heels Wanita Terbaru mika GABY,3925580416,Phụ kiện thời trang
train_1837238537,2b3e5b819f544c5f56e5ce2163b9a3a6.jpg,bdc28339d81bc72c,Sepatu jelly balance B695-D4-1/sepatu karet wanita,2565533507,Phụ kiện thời trang
train_4001501178,58070f80d70de0031a4acf535cdd8b8d.jpg,e4899399644f9b36,[BPOM] COSRX Centella Blemish Cream 30ml,3735684299,Sắc đẹp
train_734255574,5e694bac1a9f165bc3dd1a8b378ebace.jpg,be9dc162189d6672,UNO Card Kartu Mainan Anak,3283659902,Mẹ & Bé
train_1508952746,9478b28049e1fa6f8779e049d7aa5e9f.jpg,eae3841e7c9b03d2,RANSEL SEKOLAH ANAK WANITA TK/SD SMP RANSEL SEKOLAH WANITA WEI MEI,1030199315,Mẹ & Bé
train_1205778136,49f27cdaf9c7fa54670202365ffad9d4.jpg,de81e671910e8bb9,Alat tes air ketuban ibu hamil / Kertas lakmus merah / biru RED & BLUE LITMUS PAPER,570596922,Phụ kiện thời trang
train_1194303873,b3651c76ca2d28e1b914e31c4c6588ae.jpg,dcb3e6888387e165,Anticrack Vivo Y91 Vivo Y93 Vivo Y95 Y91C Silikon Case Softcase Jelly Bening Lembut Transparan New,551763684,Nhà cửa & Đời sống
train_691179942,9697b1408c41309586ebd09d236533a4.jpg,a1ba0f683d70399b,Redoxon Triple Action Vitamin C 10 tabs,1902731777,Sức khỏe
train_3303300755,c7c278c12fd6bc3361f7e711639b3415.jpg,9e3e4362e2c13f1c,[1KG=50PCS] KAOS KAKI MOTIF BERUANG/LOVE/GARIS KAOS KAKI MURAH BATAM KAOS KAKI IMPORT FASHION WANITA,2164810839,Thời trang
train_2860813930,4135001db610c554ae68c897ea0d10af.jpg,e29dda62957289a5,Indoshare Waterproof Bag 10L Tas Anti Air,1710279583,Phụ kiện thời trang
train_3159928461,20ef83908b5d7fd3dc758bd4b0f8cf20.jpg,b3c9c934e66119cb,SAFFRON TONER,4214012959,Sắc đẹp
train_3768846282,b34cbfe701aba81b8613b669071a5751.jpg,d6d608de11e5d319,Zwitsal Baby Bath Hair & Body 300ml Get Free Bowl,3161394641,Sắc đẹp
train_482224099,0725e392a48f5ad587a60e08855d42a0.jpg,bc1dfc8cd2d290f0,Peci Miki Hat DEWASA / Topi Peci Miki Hat / Kopiah Peci UAS,3585699133,Thực phẩm & Đồ uống
train_2834448264,2d415c7acbaa8c41d7a0282549c07b4a.jpg,e493db6cc9269361,Selfie Ring Light / Lampu Led Selfie / charm eyes / Lampu Selfie,2259957740,Nhà cửa & Đời sống
train_310405645,3beb0c4be57b3c5c7ccc7204ee3ad3d7.jpg,b132cecc33619a4f,Screamous Shortsleeve Tees - T SHIRT ENDLESS WHITE,56870747,Sắc đẹp
train_3697166963,48b13b80598d78e8f391471843651080.jpg,d22d6a23a55635b3,BOS990 Face Shield Kacamata,3073807506,Phụ kiện thời trang
train_1820528552,e73ec34c022d2c055137a4425fca2cf3.jpg,cf08e4769e23d239,ZR-221,3281617558,Phụ kiện thời trang
train_2406793832,c99e4cae8e34ff73afb2b2c8fc6d61ec.jpg,b9064436470fbfe1,LAMPU EMERGENCY LED MODEL TEMPEL MITSUYAMA - LAMPU DINDING DARURAT MODEL TEMPEL,1279831256,Nhà cửa & Đời sống
train_630600734,d77b308da46971e32855eb8f34aa9438.jpg,e44b0fb4159553d3,Kompor Camping Gas Portable Kecil merek KOVAR ZT-202,3757617133,Điện tử
train_502959608,e289d59705a11f2c1844ece6aae511f8.jpg,eac18d1f6fa11293,MINYAK WIJEN MATAHARI / OH GUAN YING 600 ML,3979481670,Sức khỏe
train_1676987154,9d9091e87cfcb9819c1094cd01eb8f8e.jpg,cbd4b0ca4e51956b,SPIN CUTTER - Blender Tangan Pemotong Daging Buah Sayur,715958128,Phụ kiện thời trang
train_4139437520,36209e10cbe1a81625831a668ad6aa90.jpg,eea4941ef3096ce1,XIAOMI REDMI AIRDOTS TWS BLUETOOTH 5.0 EARPHONE DPS HD EARPODS,2186896696,Điện tử
train_1373154261,6ec8f76eec95258a315a940b88d71681.jpg,e29b9c649b996433,Loco Kantong Plastik Ekonomis Putih Besar 28 x 48 cm,2750168135,Nhà cửa & Đời sống
train_1709401292,e6deafb750d4ad621b5736239764ff14.jpg,9e70e189e316f0f8,12in1 alat pemotong sayuran / 12 in 1 alat pemotong nicer dicer,2187100678,Nhà cửa & Đời sống
train_2486862881,3b1ae93ef44f65f70b60ece6a1eb18d3.jpg,fb2bd4a85bd4a091,Makarizo Salon Daily Hair Mask Repair Treatment - Pot 500gr,3464833422,Sắc đẹp
train_530911546,0d122c3e8251d8e230b931fe33c7cd4b.jpg,9d78e04d83675f90,DEQIARA JILBAB SEGITIGA BOBAL DIAMOND / HIJAB SEGI TIGA BOBAL KOMBINASI,2008989859,Điện tử
train_1632981690,88a38d70f2eec6dfa80f3ad6e3c35aa3.jpg,e1945a1a23753ecb,Popok Bayi Kain Berkancing Cloth Diaper Clodi Dapat Dicuci & Dipakai Kembali Celana Lampin CPB,996959929,Mẹ & Bé
train_1085112949,3934ab038ec1340b3605a7a304cc9e82.jpg,ffea8815c4c6d069,Original Nerf N-Strike Elite Disruptor Pistol Tembakan mainan Kado Ulang Tahun Anak Laki Laki Cowok,382104454,Mẹ & Bé
train_2293797750,41877aacaf89fbed33f8fef9eccbcd22.jpg,ac12feb6c0df8950,AliMaMa Medan - KAIN LAP KANEBO - Kain Lap Serba Guna - Alat Pembersih Mobil - Handuk Kain Serbaguna,821583868,Điện tử
train_369395894,69dbce30f91a6ee773c9975228ce1f40.jpg,ab2fd4d00e1b3764,COKLAT TOBLERONE 200GR WHITE - DARK - MILK ED 2021,616150466,Thực phẩm & Đồ uống
train_1427367682,b1c98a19ff822a2a37168e9f78e7a329.jpg,eec2850fdc34d3b0,Helm Avand A-20,974805520,Nhà cửa & Đời sống
train_1555633968,a77c3b2a2486b40c6bb5367176f484f7.jpg,928ce1728fa97ac5,PROMO BEBWHITE C / BEB WHITE C / BBC ORIGINAL 100%,2956941947,Sắc đẹp
train_1684227618,f906a7f49b4815e645c1ca2ca40d8c9e.jpg,ec978472962c9b36,VELVET JUNIOR Masker Anak Remaja Hijab Motif - Masker kain 2 Lapis - Full Print,1182013677,Sắc đẹp
train_3467998042,6aa87ae997efc1fe0c641093c57c70a4.jpg,f9c31694974bb074,Tas Pria Slempang Taspria Selempang Taspriaselempang Tascowok Js5Um8 T S7F1 Hm3 LS566 Transparan,949070679,Phụ kiện thời trang
train_506533947,f9dc2cf9ed811fec7cbc9d5120638f0c.jpg,fad28daa2ad05595,PERLAK KARET BAYI SUGAR BABY,997220911,Mẹ & Bé
train_1496534917,dd5ec1f91312b945e0deca4b9173c0a0.jpg,ee07d1d81ec4330f,Jilbab Hijab Instan Khimar Malika Tali Serut Syari 2 Layer Jumbo Termurah,2146299360,Thời trang
train_3385441458,ddbe4b01780e0921d4a31f51c32ef032.jpg,b4d40a8bc9cb1b3e,30ml Spray Nano Mist untuk Melembabkan Wajah,3040690230,Sắc đẹp
train_1201407994,6f91157b1ea5223b392c4976f23db112.jpg,b6e4588a4bc3671e,B27E Mainan edukasi anak muslim - APPLE LEARNING QURAN 7 TOMBOL + PROYEKTOR,998735098,Mẹ & Bé
train_1751020705,3f68bf90a55b023816d455982a2450cc.jpg,f9c4e2198e334e69,IU Topi Baseball Adjustable Motif Kartun Beruang untuk Anak,2895292377,Mẹ & Bé
train_2356282648,b89e087f66d5754e934d48d050cc4068.jpg,ba9a1d4ccb6c6c64,Pelangsing Pinky Kapsul Pink + kapsul Hijau Otwlangsing Pink Magic Mejik NR ODD ODH Slimpink,1487249777,Điện tử
train_3360072502,31d06b33d7d238aef51dcf0a49d12b75.jpg,af96d4691b0664b3,New Arrival ! ... Sepatu Kodachi 8172 Hitam Les Coklat / Sepatu Kodachi 8172 - SSSx1x1x3-1,3351968689,Phụ kiện thời trang
train_3986233571,c54a5e074fa7b2ed86ea237b2aba3803.jpg,e2aacc838dc9c9f8,Case Samsung Galaxy A70/ A50S/ A30/ A20/ A10 / M10/ M20/ M30S Liquid Silicone Soft Casing TPU,119781937,Điện tử
train_2436613046,7a0b41dd2f9dfbbb1aaa676dddff1409.jpg,a4ae8b97d1d86ce0,[BISA COD] Handuk microfiber Motif Beruang gramasi 30x70 / Handuk Mandi Lembut,282110893,Điện tử
train_4085161467,056004302f5d2b4f2815cc2b904e182c.jpg,9fe464c3870f38b8,Phone case iPhone 11pro Max 7 7Plus 8 8plus XS Max XR 6 6S Plus Frosted SiliconeTPU,327189920,Điện tử
train_4114049653,8b1e1768872eabd19fdcebb214102c15.jpg,e5e413b90ec33c8e,Glue Gun Alat Lem Tembak Kecil On-Off 20 Watt,1789057233,Nhà cửa & Đời sống
train_3918024795,6ed5195d22d560a037a298680ab948e3.jpg,958bb8c671871de2,Casing Iphone 11 7plus 8plus 11pro Max iPhone 12 Pro Max iPhone 12 Mini Iphone 8 7 Plus 6 6s Plus X Xs Max Xr Se Oppo A53 2020 A92 A5 A9 2020 Y12 Y30 Y50 Realme C15 C11 Gambar Bunga Lavender Lensa Kamera,3470043457,Điện tử
train_2408191402,905c2df50832eb3225eb8d97ebfdc821.jpg,e108efecf81c9133,Tenda Anak Bentuk Castle Portable mudah di pasang,805265130,Điện tử
train_3253974953,64ad3a1263f38c972f47b66330abe40a.jpg,8ee10b1e811f1ef5,HO KAOS KAKI WANITA MOTIF POLOS IMPOR SEMATA KAKI #BISA BAYAR DITEMPAT(COD),1091404026,Thời trang
train_1146705358,74b9a43b748eada1ce0644a79126a9ab.jpg,e938967b906d9586,"Winn Gas Selang & Regulator Kompor Gas 1,8 meter",1114268297,Gia dụng
train_2532354710,8f67b9b308e93f73b51c4ae3895a08fb.jpg,9d9f62b01e626936,StarHome Dispenser Sabun Cair 2 in 1 with Key Lock - Tempat Sabun Cair 2 in 1 - Putih,3195721179,Nhà cửa & Đời sống
train_3737590156,c8ff4f5a8954a7a75cafe6b766ad45ce.jpg,b3cccc338c33cccc,Minyak HERBAL herba JAWI 99 Minyak ButBut /Minyak Herbal Jawi/Jawi 99/Minyak Kulit,3990652231,Sức khỏe
train_2294053571,c21bcb31067f55a01cef2be45e0ea575.jpg,bf0fc21e3dc0d03a,ROBOT RB420 BRIO BLUETOOTH 5.0 TWS STYLISH & PORTABLE SPEAKER GARANSI RESMI 12 BULAN,3868183614,Điện tử
train_1786989153,30fc743e775e9bbdf046ca0273eb9b90.jpg,e6648c89999b9b99,Poise luminous white day cream 40 gr,2302639718,Sắc đẹp
train_1492323381,9123a1aedcba57dcc2ce313453b1ea41.jpg,bc3cc3c39690c76c,PAKET CELANA DALAM TERMURAH GT MAN DEWASA GMY,1611718867,Thời trang
train_207039286,09165142230c0d600c02a66f62dbee5d.jpg,8b1cbc63e330c69d,Ready Stock - Gluta Collagen Soap By Beautetox / Sabun Viral Tiktok / Sabun gluta colagen,159351600,Thực phẩm & Đồ uống
train_3603224618,483f122181515849efe54b3fef0da184.jpg,e262959d95636a56,Mooi Setelan Kaos Anak Tshirt Retro Set,1590500659,Thời trang
train_3937040792,59e53d34220339865af9ce4546a419a2.jpg,bf0fa483831e9e68,TATAKAN KOMPOR MOKA POT KOPI STOVE SIMMER RING - HITAM,2878354594,Thực phẩm & Đồ uống
train_2327944008,955e6e872e0f8c16f12934aafa284232.jpg,9bb54fa348389599,Balon Metalik 12inch Warna - Karet Tebal (1pack isi 100pcs),4254541203,Phụ kiện thời trang
train_1174605619,333555a20610e0fb5229a067554f4f1b.jpg,e89fc57192c3835c,Innisfree Sheet Mask My Real Squeeze Baca Disclaimer Masker Innnisfree Wajah Masker Muka Korea,927285629,Sắc đẹp
train_1705426088,76f49259534ad5d30350241e60659ecb.jpg,cf749797f0e10868,Celana Joger Cargo terbaru - celana jogger cargo pria Quality Khusus COD,2242796646,Thời trang
train_2044306000,438d4a05ce07db7279d6068f72689896.jpg,909c1f9c193c376b,StarHome Gantungan Baju - Hook Multifungsi - Gantungan tempel isi 6,1933551853,Thời trang
train_1309956016,8aec9dd8bcc8a353fdc78a35a71656fc.jpg,dd9d0bf072666468,SAMSUNG A10 a10s A20 A30 a20s a50 A70 m10 m20 m30s Casing Magnetic Metal Glass Hard Case 360,4145162294,Điện tử
train_3155956884,bce2c942c4b4c1c9b737eb1b74db8cdb.jpg,d958c047a7d9b645,"Saddle Jok Sepeda Lipat, MTB, Double PER Sadel Jok Super EMPUK merk Pacific UNIVERSAL",3044955701,Thể thao & Dã ngoại
train_2596617364,1a026a3e58db7914ce28a8921d7ae124.jpg,bee096876d6261c9,HIJAB DEENAY LEKHA BLACK,4025313952,Thời trang
train_379096473,fdc7e26bca10fe8c6b263efe7e3f9dbe.jpg,af6fd090016e7e07,JALU AS RODA FULL CNC WARNA POLOS,3585908607,Thời trang
train_2028441650,ada9f15f9a3569e142d84525fc338556.jpg,ea93b14ed2b16c92,11.11 TAS SELEMPANG WANITA MODY BAG,2163353660,Phụ kiện thời trang
train_2832731411,b8f46bbdeb234ec709bbaafe7cc9d614.jpg,a9cf34c6609b7638,Cussons Baby Hair & Body Wash Mild Gentle 200ml,3321817637,Sắc đẹp
train_4067246476,d183a9f4d86f1b6a763d94e4a457328a.jpg,9b87e4fc84caf842,Rok plisket  premium,2252151778,Thời trang
train_443552588,90a41dcfcd05732d27d93cf7c2967117.jpg,ebb7844883c63e39,CHARGER CASAN TRAVEL ADAPTER OPPO R7 R7S N3 F9 R5 F1PLUS 4A VOOC MICRO USB ORIGINAL,1858287612,Điện tử
train_3563273672,df193431d7f6e931e5af6a3ad5be0a6a.jpg,eb616993968e4ad1,GAMIS PESTA MEWAH TILE SYNARA / GAUN PESTA MUSLIM,980478624,Thời trang
train_1281763887,106241e5e1597bc4a17f01e6f3ef34c4.jpg,cb5984c0373fbaa4,[2160gr] H073 | Korean BBQ Grill Panggangan Portable Multi Square Griller / Bakaran Ayam,4287268706,Điện tử
train_1804833607,c97a4b8be1bb64fd5f9f9d6adb264803.jpg,e68a9aa59971bca4,(1KG = 4PCS ) POCKET GAMIS MONALISA POLOS BUSUI KANCING DEPAN BSW MONALISA MAXMARA,2685099437,Thời trang
train_4170031319,61345134dadf36958b82046e2a4c1237.jpg,ec1eb641973cc349,Fishing Reel Power Handle Max Drag 12kg-20kg Daido Daimos Pro Series 2000/3000/4000/6000,1058715115,Thể thao & Dã ngoại
train_393866642,f6e0264aa3177d6bc2af3163c3f95ec1.jpg,bac7916ed06ac43a,Rak Sepatu 5th Rangka Besi & Plastik (Lemari Sepatu 5 Tingkat),4173674098,Phụ kiện thời trang
train_214756532,f7584d28851fac5844ef1b0d1ab49fd2.jpg,d4d98628a6a799ad,DF - MADINA HIJAB CADAR JADI SATU // TUDUNG JILBAB JUMBO XL,4184214313,Thời trang
train_2865984213,974c98c986ca49b9a63412b8ac0ccd9b.jpg,bbcc93a18c33cc33,(NEW)KABEL DATA OPPO 2A A33 A37 NEO 7 9 F1S NEO 5 F5 F1 R9 ORIGINAL 2A,3084987355,Điện tử
train_3242652297,fbf042d8956ff3cf7ffec15613ed86a9.jpg,f8aa55d9a64694aa,Hijab anak lol led 2-4 tahun /  krudung lol led Jersey,3246359641,Mẹ & Bé
train_4273926577,055a1825d72a06ef9714e4c8cae777c5.jpg,fc62df8cc52c6252,CELANA MANSET BASELAYER 3/4 GRADE ORI,110635433,Thời trang
train_2634819801,5b962a8784cd9296164c705517dbd14a.jpg,ba95856cc07b3b94,Botol Minum Sedotan Anak Karakter Kepala Doraemon Kitty Mickey Keropi,721448292,Điện tử
train_724410092,1fb6e80b6f53f9687224e257bf3b61f7.jpg,c86d4d51b69690be,FYGALERY Cermin Bulat Karakter Kaca Cermin Make Up Mini Travelling Motif Kartun Colorful,3227121134,Nhà cửa & Đời sống
train_2303796699,5800a511830b096b5ebd15c99738a648.jpg,b4c3c39cc93c9933,Blackmores Kids Fruity Fishies,1907964787,Mẹ & Bé
train_1575268265,60cf8fe7a06151a6071ade72ad8ec709.jpg,bf909c89c932e42f,( 1KG = 5 PCS ) DAISHA GAMIS TANPA INNER DALAMAN,4060702395,Thời trang
train_2019096404,a57f7cebdbdd0eba8401eadc4de9807d.jpg,ebe18c90dadca1c9,Handuk Bayi Lembut Ivory Bordir Halus Jumbo 110Cmx60Cm,1874167294,Mẹ & Bé
train_1746378396,0466d8f7f1e7f608a7c19d1b05fadbe2.jpg,f2a15cd30dd82bc9,Wardah Hair Fall Treatment Conditioner 170 ml,800726839,Sắc đẹp
train_4002806667,d2a6b2ebc5275b6219abce5e0d87ac51.jpg,84ccab5f95f2489c,TERMURAH KAOS ANAK TERBARU TERLENGKAP KARAKTER DONAT ABUTUA TERANG ABADI GROSIR TERLARIS,3534516547,Nhà cửa & Đời sống
train_2644296213,fa2b9f557989ce0fdf6dade5c3370a53.jpg,ab0bd4f4652b2bd0,"b""Dr Brown's - Baby Wipes 25s x 1pack""",3121859669,Mẹ & Bé
train_862768853,d8fce6d90ff1c758810b2132d8d9a84e.jpg,ac39d2c41b8ee6b8,MORYMONY BUNGA - Dompet Lipat Wanita,3584502867,Phụ kiện thời trang
train_1597985138,9f8ae2d07af13572d7d64aa93fab1def.jpg,dd51a2ec3db3424c,[ORIGINAL] JELLYS PURE SOAP BPOM Asli Ori Sabun Jelly Jely Jelys Jelis Jeli Pemutih Whitening,3582590696,Sắc đẹp
train_736415731,a8f19441918564705216777a8177e5b2.jpg,bcc0a37b86d6c325,FEVES COLOR CREAM 60 ml,359356063,Sắc đẹp
train_1960967806,fec64f959e536b98fbbe2b22d11696bd.jpg,b3d9cc262699b18e,Baterai Hp XiaoMi Mi5 Mi 5 BM 22 Original - Battery Batrai Batre BM22 Xiao Mi Xiaumi Ori,3637220226,Điện tử
train_3716056410,89a22199cd8ae9290ad9fa12b88c8a4b.jpg,afc2901dce9acd58,Bayar Ditempat - Fabella F01# Tas Baju Tas Pakaian Tas Travel Tas Mudik Tas Olah Raga Volume Besar,3460416265,Phụ kiện thời trang
train_683767919,a70eefc70cbcfd3a95f2b0b22ddbd7d2.jpg,bb0fc13cc798c718,DREAM CASTLE LH 4 / MAINAN ANAK EDUKASI RUMAH RUMAHAN ISTANA MEGAH LUCU,1967101742,Mẹ & Bé
train_3397727561,7de45eab705bff3dc3f55ba5cee9a39d.jpg,ad92e21fc9b4ca92,JAM TANGAN RUBBER DIGITAL SEGI DW-5600 IMPORT GROSIR MURAH KARET s1029 SPORT LED PRIA WANITA JF050,256061599,Phụ kiện thời trang
train_1844608486,213d60e8c1407fb8d0c27f090ec0b8ae.jpg,edad13b896e039c8,Mamy Poko Royal Soft Boys Girls M42/L34/XL30/XXL24,22285547,Thời trang
train_2814341523,d319c4e897bb2dcd22a4abe7975b1adc.jpg,eae2b50d1634dbc2,\xe3\x80\x90BOSTANTEN\xe3\x80\x91Dompet Wanita Kulit PU Versi Panjang 8 Warna 16 Slot Kartu,114912297,Phụ kiện thời trang
train_3028784307,a5c7abd50e8105c17c3ae80c88fc355c.jpg,ef9a9264e26d89a2,Maskyourneeds | Masker Organik | Masker Wajah | Maskyourneed,656698835,Sắc đẹp
train_2289031682,601a9debed447f14c0b147125b27d1c0.jpg,e7c55a9219996566,Wardah Instaperfect Browfessional 3D Brow Mascara 01. Brown,2321630152,Nhà cửa & Đời sống
train_1855616774,de113ba5059fe703ddafbba8b09217e8.jpg,d8e5156a956a9666,Jam dinding 3D DIY RAKSASA | GIANT WALL QUARTZ CLOCK 80-130CM Jam Rumah Ruang tamu Kamar tidur,531464214,Nhà cửa & Đời sống
train_1484642766,b74190d5d4ebc744771984b0f65d8f9f.jpg,ecc39434d36b6cc1,Everwhite Brightening Soap (Sabun Awan),3600450380,Sắc đẹp
train_2916178725,ed49a539182499da81059c33c43bef8d.jpg,80f72ad27f027f81,Kalung Perak DAVINA Kylie Necklace 925 Sterling Silver Wanita Korea Unik Asli S925 Bulan Bintang,1847523525,Phụ kiện thời trang
train_2648530396,41425fc7eba85c31f66109b327d99fe1.jpg,f18b9e39ce309866,Lion Star Sahara Tempat Minum Panas dan Dingin / Drink Jar 4 L,3089782644,Thực phẩm & Đồ uống
train_2314965617,651b55220ee6814acc406a5a8ebfced9.jpg,bb92cc38c56d926c,Tetes mata a+ untuk softlens,3323080982,Sức khỏe
train_1614402138,589dfb8df3f75b384099f1a845ea9786.jpg,b983941dc06c9f6d,T Handuk Towel One Polos By Terry Palmer (Handuk Set isi 3pc),766988224,Thời trang
train_3393298560,20bc17faa4fee4b2083602f635d269bc.jpg,fa6b952ee3509a81,Boneka stroller baby boneka premium,2825850534,Mẹ & Bé
train_1752759640,6ad3675081f25ad0538086fc932dc250.jpg,be22cbc3698c623b,[PROMO11.11] FRISIAN FLAG 115 ml MILKY UHT KARTONAN (ISI 36),2144765642,Thực phẩm & Đồ uống
train_576641908,382a99b7c170d3ddc71048089da3a29c.jpg,b68c993326c96673,Laneige Perfect Renew Eye Serum EX 14ML,1127383178,Sắc đẹp
train_1992434235,e307cdc7cc3b3108203396a8625de927.jpg,fb90c42e9b7ce860,BISA COD.!!! BAYAR DI TEMPAT.!! HELM RETRO BOGO DEWASA MURAH FULL KULIT MOTIF PLUS KACA CEMBUNG,3301496752,Nhà cửa & Đời sống
train_3704239310,7c08d27160b0c3bd68e86085c87318d5.jpg,eb27959dc2c84a1e,Sandal Pria Walkers Model Brikenstock Casual Sendal Pria Murah,3133575067,Phụ kiện thời trang
train_607177206,d8f9e70e7306a1bac6ea53936d0842d0.jpg,b82dc7d2c395782c,balon huruf HUT RI 75 set merah putih spesial DEKORASI DIRGAHAYU HUT RI,1270473711,Nhà cửa & Đời sống
train_4262738264,46ec8e754707f5d16d7e75ff9ad607bc.jpg,b3c80cdb0c724ef6,Refill Kopi Nescafe Classic 100gr,9958453,Thực phẩm & Đồ uống
train_1529878382,90e74706b4b6f59b3ce6a136253a08aa.jpg,a4599b66983dc336,MAXI PEEL ORI HOLO CT / TONER MAXIPEEL / TRETINOIN HYDROQUINONE 3 ANTI ACNE ORIGINAL,3240547545,Sắc đẹp
train_1947694660,bbdeb419b52f24a545f2c9c203d91ee0.jpg,cffac6f28538405a,SCUBA MASKER KAIN MH - NON MEDIS,2714598596,Sắc đẹp
train_4135984053,a352fcf567679b3098e159ca6bca4b8f.jpg,fda483529a2935f4,Sprei Fata Single 120x200 Sweet Home,4066299484,Nhà cửa & Đời sống
train_3024369780,e439765b93c38fd4e095558bd682cf14.jpg,b91b2b44d33b64c3,Spons Beauty Blender - Makeup Powder Puff - Beauty Sponge Kosmetik,1111259106,Sắc đẹp
train_2107623056,d3db6f89a518e0b9fae8d831f1fff059.jpg,b63e99998c26e293,"Tripod 1M + Holder U Universal / Buat Camdig,\xef\xbc\x8cDslr\xef\xbc\x8cHandycam A1",2457457611,Điện tử
train_3916038413,130e9d8912fea42349784945032b497b.jpg,b2c1c82fc2f6871e,Jilbab Serut Jokowi Serut Polos Adiba Termurah | Hijab Instan (1kg isi 10),1391434368,Thời trang
train_3748944324,d29ad5b9724aa15b0c0cee4cd3191301.jpg,a5920f8e3da65339,ACNOL LOTION 10 ML,1746655739,Sắc đẹp
train_3811050581,b54746ec598a5ed56b9740480726c792.jpg,bf4b6a362f240cd1,500ml vitamin b1 vitamin-b1 liquinox BESAR 500ml LUAR JAWA MAX 100ML,1506996824,Sức khỏe
train_12034382,8cb58772390812fad5ae22ce205f6e3d.jpg,bb85cc8cc42f33b1,Dress brukat  1645 & 670,3853334588,Thời trang
train_211804617,4d137c73de3f420b9524971a296c0b93.jpg,bdccc3692c34cac3,HELM KYT GALAXY SLIDE SOLID WHITE DOUBLE VISOR HALF FACE KYT GALAXI KYT GALAXY,2051820557,Nhà cửa & Đời sống
train_1920962018,a47921d03674d8b02047e62e21fbfa38.jpg,abc0d03fece41b92,Mitten Booties by Little Palmerhaus Sarungn Tangan Kaki Bayi,2784788129,Mẹ & Bé
train_137945382,cc31eafc880c96c96e013010903ae22d.jpg,8040d1879fa72ff9,PVN Sepatu Sneakers Wanita Sport Shoes 104,1498036882,Phụ kiện thời trang
train_118934336,8c01557054b602566075868f3078e3b2.jpg,bb13e24edd48d02e,Better Beater harga 1 set=2pcs HAND MIXER,2294565205,Gia dụng
train_3171223531,286db00383814bfdb2191d7a9dee6d22.jpg,e6d1992eea898966,SCARLETT WHITENING BRIGHTLY EVER AFTER SERUM,1163569239,Sắc đẹp
train_1028972867,a3caf0db787ccaa369f878ad0e326ab0.jpg,bf0f87709c2798a4,KIRANAOFFICIAL - ( COD ) { + FREE BELT } CELANA JOGGER CARGO / BAGGY AMERICAN DRILL ( H10 AA04 ),693254875,Phụ kiện thời trang
train_3792816944,63af0b71e2262de2c2583e573df39590.jpg,947a52eed8987d88,HIJAB NICOB MALAYA ANTI CORONA BERGO NON PET MASKER INSTAN JERSEY PREMIUM,3768186621,Sắc đẹp
train_135534307,40e466d9e6dc002e66681a9ef6dcae61.jpg,cebff100a14f99b0,Jilbab instan serut jokowi | serut polos jokowi,2931545858,Thời trang
train_2187307179,be45aa121d5fa945ad8168aab0c591cd.jpg,9829e75ab15e82f4,masker hijab scuba,2699450457,Sắc đẹp
train_3649236059,1b9c5932fa5d503a3deb0dd232503d97.jpg,a40dfc0beb48f934,TM 6817 Kemeja PANSY import,1531592305,Thời trang
train_3415176738,7bff0ed2bfedce5abf793c98c1805b2b.jpg,ab2d98e0c6a1bfd0,TOPI BAYI | TOPI BAYI LAKI LAKI TOPI BAYI PEREMPUAN topi bayi newborn TOPI BAYI LUCU topi bayi laki,2843587555,Mẹ & Bé
train_242776411,1abba710468eda79cec98e307c878cd3.jpg,bbc0af4db8ebc084,Karet rambut SPIRAL POLOS warna warni pita rambut karet gelang murah good quality,3437394605,Phụ kiện thời trang
train_1112263950,27ad46e67b1d881f40a8011622f01c14.jpg,f1cd7861c358b0b6,Kryolan foundation creamy SUPRACOLOR 15ml ORIGINAL BPOM RI,108232391,Sắc đẹp
train_1834312279,8c44f70058cb78fd86cccdc87ad01826.jpg,a595aabb3a44b4b1,GEL PAD Pengganti Nano Holder Flourish Lama for Smartphone Gelpad TOP QUALITY,3671426872,Phụ kiện thời trang
train_985702314,3b83c14f47a5ec5aa0cee347ab87b329.jpg,9fcce243c01fbc1c,tya dress,1742550190,Thời trang
train_3573325557,13042bdc80230b95553e3a9c6e561f70.jpg,eb3594483d8fccb0,PISAU MOTIF APEL,952183003,Nhà cửa & Đời sống
train_1037264235,8b14eda0ffede37681900b73e304e335.jpg,b6951a66c163669d,Kaos Kaki Pria Hidden Sock Pendek Bawah Mata Kaki Nike Foot Cover Olahraga Polos Terbaru,1091404026,Thời trang
train_2262155891,f8395a0a5aea3b8532c2804b7c3fa7dd.jpg,de6cadb594939092,CHILL SWEATER BERSHKA (REPLIKA),3019977230,Thời trang
train_694790927,d23c26182ecb603f7c7327d1cb031ebd.jpg,bce045ca9735d0ad,TOPI BASEBALL POLOS / TOPI POLOS / polocap polos,3236159568,Mẹ & Bé
train_2130327921,5e50275ff4ff514f297ad2c7f2b514eb.jpg,bcc09b9bd21ce964,POP SOCKET HP CARTOON 3D NO.17-30 / CELL PHONE BRACKET RING / BRACKET HANDPHONE / ZOOMSTAR,3039435665,Thời trang
train_505006999,fc5aedac273d50e6c0a2bf71ea0bb2b3.jpg,bf3cc0c11f30e1ec,Kanebo Plas Chamois / MONSTER / Kain Lap Serat Sintetis Polos / Refill BA,1645648261,Thời trang
train_1493843028,5fa169c911ffe234d22b90322a744763.jpg,bed0c04f8136bb36,Wp Skincare Seri Glow Soft Series,2517390245,Sắc đẹp
train_792468072,7f1d525441d330dbf5e981b098417f1c.jpg,e6939bcc99609965,Balegrosir Medari Long Knit - Dress Rajut - Boxy Long Dress,1871166862,Thời trang
train_1147405041,48d7a7dbd2db91ea77b157c165755e28.jpg,ceeeb11191913d93,Jam Tangan Q&Q termurah Rubber Angka Rubber candy Karet jam tangan unisex murah QQ Jam Tangan Jelly,2842683453,Phụ kiện thời trang
train_1002824438,d354b1689b0ed4908f0a7e72a34faa81.jpg,aded46c43b128e3a,MASPION Mixing Bowl 5 Susun Bahan Enamel - Mangkong 5set - Rantang Enamel Berkualitas,2929965798,Thực phẩm & Đồ uống
train_1458992573,eb72b05c6050d4ffd4c886cd9adf2240.jpg,b432c3659b8ccccd,"HUKI Regular Silicone Nipple Jar Size S, M, Dan L 1 Pcs / Dot Bayi Huki",414776066,Mẹ & Bé
train_3549060775,1729e356111bb790310a238489586931.jpg,93da4ec83bf47130,Royal Canin Kitten 36 400gr - Makanan Kucing,1194896585,Thực phẩm & Đồ uống
train_2120988211,4b44e2072ce44b7a6a9443d65624092b.jpg,eac1953e816a3e69,MOUSEPAD HITAM POLOS KUALITAS BAGUS / TATAKAN MOUSE,1689060514,Phụ kiện thời trang
train_1431057286,da62fd6b7cd657342f58ecee3fa74f57.jpg,f29e852bc2b03e6c,FRESH STOCK | HABITI ORGANIC FACEMASK Masker Wajah Organik Svargastore habitiorganic,3118541301,Sắc đẹp
train_3566157384,244fc0d752adbbbc5762896b8b11e398.jpg,be1c8186663b9d71,Pure kids baby inhalant decongestant oil 10ml untuk batuk pilek anak,3079715991,Mẹ & Bé
train_2584934114,8e7a2732021e4c9d40d9682069b09d09.jpg,bebdc1c2b42e4c8c,"[LOGU] Puzzle jigsaw anak, Mainan puzzle anak, Puzzle kayu anak, Mainan edukasi",2911646536,Mẹ & Bé
train_284725453,1c936f9c5d450a0a25ad6a50ed63ac8e.jpg,e89595c81e5e0f5a,OSM - F521 Ikat Rambut 18 in 1 / Jepit Rambut / Aksesoris Rambut / Ikat Rambut Fashion Wanita,539292045,Mẹ & Bé
train_1483716687,f6a971767f8894cf9f0b5184744c283a.jpg,af37d16e9368c4c0,Tali Pengait Masker Hijab Medis Tali Konektor Connector Masker Scuba Aksesoris Fashion,107096123,Sắc đẹp
train_2472435035,96556a61844609ee1db7ad669d1c0c6c.jpg,9a25a492d77cc3c6,susu datita 3+ rasa vanila dan madu isi berat bersih 900gr,2761081488,Thực phẩm & Đồ uống
train_3236789405,ac5860fd1f47b9fd653d018c9a54d854.jpg,b698c16d3eb26199,TOPI REEBOK VECTOR CAP (U) BLACK ORIGINAL,4229840098,Mẹ & Bé
train_161755645,6805cc4d7ad37b6b83b688d170fb1a1c.jpg,dba6c13c69d22d43,Life Cat Sachet adult  85 Gram / Wet Food 85 Gram / Makanan kucing 85 ram,3919462897,Thực phẩm & Đồ uống
train_1461929817,4e63c69d0a0c4087d958d94f46221e8b.jpg,df1f322f61921a68,RHIANA JEGGING POLOS ORIGINAL JEANS WASH,3047942142,Thời trang
train_2879687914,ba4f8106907bd8ac217dec57dff18ed6.jpg,ca79c486b5c3b0d3,Celana Jeans Pria Pensil Skinny Biru Dongker 27 - 38,108185000,Thời trang
train_3425476117,3e632bebb71b01ea87e09d59ab304fc0.jpg,de91a56a3164dbc4,HANASUI NATURGO Lightening Peel Off Face mask Masker Peel-off Wajah 10 gr Original BPO,3962524495,Sắc đẹp
train_394025777,e97baa3d4788f3cd543f30e02c338bfc.jpg,ee46b1a99391993a,Surya Stick N Click 3 Led / Lampu Tempel / Lampu Led Emergency Stick Touch Lamp,1317491259,Nhà cửa & Đời sống
train_819865594,09401d1d5353475b2033b4416559d325.jpg,f0628f8dbd8de242,Dzikir Pagi dan Petang dan Setelah Shalat Fardhu | Dzikir Pagi Petang Darul Haq,2520431179,Nhà cửa & Đời sống
train_1955194639,1c835f548f3628a20af85f7fb81467e7.jpg,ab95c0fb2f141b49,PROMO PARFUM PRIA VERSACE EROS 100ML ORIGINAL SINGAPORE,2445235612,Sắc đẹp
train_886700461,732df33c1bd0fe2b044ad7a179cc96a0.jpg,ec8897a3988fb30e,Toyosaki Antena tv indoor/outdoor digital/analog AIO 235-SC Free kabel 10 meter,2496856710,Điện tử
train_1502660407,53ffa13c47d1175b986f956c2476174c.jpg,9f191931535e58d6,NATURA BEAUTY SPRAY FORMULA KECANTIKAN 1 botol,3821844360,Sắc đẹp
train_1403574945,9089bfce985e7ea29c94d44dea505cde.jpg,b863978c9669c732,"Zee Reguler Vanilla, Strawberry & Chocolate 350gr",2796114051,Thực phẩm & Đồ uống
train_1045617506,1b77ee3ed9f8bf63c4275d7788a08118.jpg,be1ac0e53f1a323c,Tango Wafer Long Cokelat 130gr,2963882826,Thực phẩm & Đồ uống
train_837115883,7f0545b708ef569f280c0cf4e36f4a9f.jpg,bb90856e6e959833,SEPATU CONVERSE ALL STAR CHUCK TAYLOR UNDEFEATED X HIGH CT2 SEPATUCONVERSE ALLSTAR,1169876123,Phụ kiện thời trang
train_3454472599,60b6205934d4ebc4b2e69b33a0083946.jpg,ef3691c89e0d6474,Sandal Teplek MIKA AP,98248312,Phụ kiện thời trang
train_117897702,404be35a25ecd96b02fa8fe9c58b3f1e.jpg,e13182f69ec2656d,jilbab anak elmo,2956224405,Mẹ & Bé
train_1063573357,322756bc6edf32dfd09e765c246dba45.jpg,eec8d81d99e4921b,Dialogue Baby Selimut Bayi Saku Bee Series DGB3107,1653842655,Mẹ & Bé
train_3251099667,2acf491adc9a0377ac335c99d91d8c02.jpg,91954b3e3e623a69,SET ALAT TULIS SEKOLAH ANAK KOREAN STATIONARY PULPEN PENSIL PENGHAPUS 9in1 AT9,2481155656,Nhà cửa & Đời sống
train_2266921847,b8f9698adcb8ef9efba83819287ee3df.jpg,c1a568943f336b4b,Corong Lipat Portable Air Minyak Flexible Colorful Silikon Silicone CRL,3420835646,Điện tử
train_1070353634,5fc5d478089a0c1284d8f29e44a63002.jpg,c781f1ecc8b99199,DASTER RUFFLE POLOS /harga ecer rasa grosir,1093404862,Thời trang
train_811100137,40bf803b16a2740296b6d9a0ace84818.jpg,aea4191ae13e0ff1,TRESNO JOYO Minyak Telon 100ml  Telon Oil Untuk Bayi Tresnojoyo,737541829,Mẹ & Bé
train_4239246783,56f1c3587a630cc94696b104998259ee.jpg,b3ca9bcc31641dcc,Aseptic gell / antiseptic gell dengan dispenser 100 % ori,1135976474,Nhà cửa & Đời sống
train_1011736295,7b5d4286e73b76d4d56dd842440ad0ef.jpg,e335895b16ca16e5,**PROMO JBL BT Speaker 113 Bass Wireless Portable Sound Bluetooth,819794274,Điện tử
train_2759031255,5aba2ad42e20c23962d00372a19de8b1.jpg,bb9d1e846ee063e0,Philips HR1559/40 Stand Mixer - Green,1955022624,Gia dụng
train_1235588169,d547e0fbcc51ad26fdfbf70309bdf5f4.jpg,b3cccc33cc31cc33,"Essen Monstar, Essen Pancing, Essen ikan",3100823658,Nhà cửa & Đời sống
train_2527695285,56552adcf5f7e289014615c884023b8e.jpg,d5ac5afd5b8a7020,Lazypod Gurita Cute Worm Lazy Holder Guritapod Lazypod,2906787209,Điện tử
train_88610624,f8e982d4381c2afbbbf075971639cb20.jpg,e68c59334c8c33e7,Lipstik Purbasari Color Matte 81 Daimond,3372919250,Sắc đẹp
train_2869779660,062f953544732d620d8d8c50a89e4cef.jpg,bf1ac0e51f802c7b,[FST] Thodey Tas Pinggang Pria Waistbag Bahan Kulit - JP9080,3337341827,Phụ kiện thời trang
train_3261026951,da3d80151a981f901803e042ebb585b0.jpg,9ba541a587a5b55a,Kunci Gembok Pengaman Rem Cakram Disc Motor Brake Disc Lock Sepeda Skuter Anti Maling Piringan Rem,2885752806,Nhà cửa & Đời sống
train_1475040929,a7e24776e81575bcd09a755580e25274.jpg,cdd3e00b9afc9903,Kabel HDMI Extension Extender HDMI male to female 0.3m 30cm,4005065793,Điện tử
train_3593127930,bd9d28c9e5c3ede6e53e39d3e6703aaf.jpg,9ab84bec946ab41e,masker scuba HARGA LOCKDOWN/PSBB,2714598596,Sắc đẹp
train_2220918062,5c2167583fa039ff54bc6d0b5fcdac3a.jpg,81c091ee873e627f,BUMBU RUJAK MANIS CAK MIMIN 500ML,3467612176,Thực phẩm & Đồ uống
train_3475778996,54947fc4968c8f7bfe2db33d6a87ecf3.jpg,bb1bc424b43a27cb,[Bayar Di Tempat]Baby Food Feeders Professional Safety New Baby Pacifiers Comfort Bite Bags,2626961557,Phụ kiện thời trang
train_4255144275,f8dcc23ebcf47fbe1fbd2b81295ef14f.jpg,8738344fd92ef1c1,TAS SELEMPANG CH BABY MINI  #SG121,724703364,Phụ kiện thời trang
train_1123555617,ba23ce2c4aa072d198f9b1cc9cd57078.jpg,ba3e68a4269c7ac3,Hand Mixer Stand Standing Mixer Com 2 IN 1 Cosmos CM-1589 / CM1589 / CM 1589,2622891216,Gia dụng
train_1952839149,4cea58336a937d66d43002dbc5d4448b.jpg,bc3463c661c3b63c,Goon Smile Baby Night Pants M34 / L30 / XL26,119219531,Mẹ & Bé
train_998669831,1eec27047d65749024b82f150c27ab42.jpg,9e19831c9f1ce197,Fairy\xef\xbc\x86City\xe2\x9c\xb2Fashion Portable Zipper Eye Glasses Clam Shell Sunglasses Protect Hard Case Box,1905918036,Điện tử
train_2634961048,679973bfd34cbef23aa45d79f2b2fa39.jpg,a9c330071fbbb278,tokojustin Foldable Bike | Sepeda Lipat 3 Roda,3731662312,Thể thao & Dã ngoại
train_3645816004,1d68749282d57b730917151b3cd48536.jpg,854e78b133b2cb66,Lampu Tumblr RAINBOW / Natal LED / Dekorasi / Twinkle Light,1202056332,Nhà cửa & Đời sống
train_2959906366,a842c1e86a75629d281ebbb5bccd9f09.jpg,ef3bd0c4bd644609,HANDSFREE HEADSET EARPODS IPHONE 7 / 8 / X / XS LIGHTNING ORIGINAL,3288526152,Điện tử
train_816742396,df46169c1a8d6b6e7586c72410cd2355.jpg,b4cbc33cc9649333,Blackmores Calcimag Multi 60 Tablets BPOM Kalbe (Kalsium untuk Tulang),1322597928,Sức khỏe
train_2016127138,3d10ba45f1e8df7d0e0942afb3b51437.jpg,e8c6b1b14a7c6693,(BANDUNG) (COD) RETRO GAME Console Q3 400 in 1 Gamebot Konsol Games GAMEBOY Portable,3075835555,Điện tử
train_2699568096,9c78500cb4df7c93db14885b79210f1a.jpg,9adc05c47e8f61cc,Fish Oil Plus Raid All 60 tabs / Minyak Ikan Untuk Anjing Dan Kucing,3315623019,Sức khỏe
train_3692020911,ed0bb87a6b4666af961570749e217c09.jpg,b31966cdc7cc1266,Set Ring Basket Anak (PLASTIK) TL-66,225907367,Mẹ & Bé
train_3636065884,b399fe66b1a47596d506e7a7e98a52cc.jpg,f266c891874b9ca7,Botol Minum Kaca Life 450 ML / Termos Kaca Life Polos,2529468408,Nhà cửa & Đời sống
train_2196871593,2ab20b8e36232be4d1446b43ccda2805.jpg,c6104947b55eb6d9,Legging Anak Polos 0-13 Tahun Bahan Kaos Katun,2629083645,Mẹ & Bé
train_663543033,b8b42f5250260c75a12bb0f71e3d7d5d.jpg,eb61941ed3169ca9,Casing Silikon Matte Frosted Ultra Tipis untuk Apple soft case iPhone 6s Plus /ip 6 Plus / 7 / 7 Plus / 8 Plus iPhone 11 Pro Max Xs Max Xr iX Phone cover,1557471785,Điện tử
train_1285822681,0f70d631e157ec90772264c05594b758.jpg,eac0951e58a76fe0,Topi Baseball snapback golf ediko warna Beige Biru navy,2117270140,Mẹ & Bé
train_2413469873,ecc3714606b2ae3b63d81f8b11320db1.jpg,f8860ccc0e2e9fe6,Bandana Mandi Make Up 6cm FS0106 / Bandana Masker,353612559,Sắc đẹp
train_4257223524,f0f5187486665ef902975b6bce0b6428.jpg,85656c2dab8b56d2,Atasan Wanita - YESSI TOP Atasan ABG Kekinian Atasan Wanita Muslim Atasan Blouse Wanita Terbaru,983618131,Phụ kiện thời trang
train_590231388,417022dd477cec24638d7d8a27700267.jpg,92852c38e796d9e5,Sepatu sneakers kelasik grade ori-,937559198,Phụ kiện thời trang
train_3762226794,90e96d207ce0a60337379a0bcf44a444.jpg,f0dbc4e0cba44fa4,C0D [ Karakter Animal ] My Bottle Karakter Animal 500ml,3027964121,Nhà cửa & Đời sống
train_602025993,b6cbbde16f02bd8113c0991cba2ea4af.jpg,eb9b449a6a749474,(2 PCS) Lampu Roda Ban Mobil Sepeda Motor / Tutup Pentil LED / Aksesrois Kendaraan Sensor gerak,1575763518,Nhà cửa & Đời sống
train_133744829,9fb6053e145f8d9015906fd7c92d53c4.jpg,a187d20f89f74897,Tas Fashion Import LT1535/ 1535 BQ2481/ 2481 Free Gantungan,1335242406,Phụ kiện thời trang
train_3947821411,d6d902497a7ff4b7576718ce8d3b468e.jpg,9745b8502b5e6e2b,Camera Slidable Case iPhone 11/Pro/Pro Max Silicone Cover Full Protection,201951127,Điện tử
train_508919953,648b24dfc909e8936b5a78a8c1ed2b60.jpg,d2acdc334873a55a,MS Glow New Toner Glowing,1552142539,Sắc đẹp
train_285976786,8d9f67d5dc04cef8c52a15c8fb0993d6.jpg,f242dad9d9a4a525,ANTI CRACK IPHONE 5/5S/6/6S/6 PLUS/6S PLUS/7/7 PLUS/8/8 PLUS/X/XR/XS/XS MAX/11/11 PRO/11 PRO MAX,3717044186,Nhà cửa & Đời sống
train_3647650173,c778847a69f594bcc0cf02ecb88ae765.jpg,e6e2ec4450914ff5,FE\xe2\x9d\xa4Kids Parties Magic Water Bomb Balloons Outdoor Summer Toys Bunch Balloons,2788192088,Mẹ & Bé
train_4116578211,86840aeae4c73ebcaa63dd0227dcab42.jpg,acd81dd9738e14ac,GORDEN PINTU KARAKTER,3430904587,Nhà cửa & Đời sống
train_2657418478,927ab687c429fce4db4503b4df34bb8d.jpg,b8cc33c6b4c3b1cc,Cerita Binatang Untuk Anak HARD COVER,1960975541,Mẹ & Bé
train_997243066,200295e2a64a27e6654af177b3a5b518.jpg,da4a58bf28aaac59,Tas Penyimpanan Pakaian Dalam Transparan Anti Air untuk Travel,1426270134,Phụ kiện thời trang
train_769943491,0fc002588db33995cb718589d9b94424.jpg,c059bbe0f4b3484f,Sepatu Boots Safety Pria Caterpillar Holton Ujungbesi Work Steel Toe Tracking Kerja Proyek Coklat,3101153030,Phụ kiện thời trang
train_1225847450,8eb01a23a6aa54958c0750f23977fe30.jpg,ac69c786b2349ae5,[Hanya di Shopee] Rexus Earphone Gaming ME-1 / ME1 with Dual Microphone,333323142,Điện tử
train_588783670,aab98bdc228809227c27f8358884425b.jpg,af8925c3d2654be4,[ACQ] Tempat Penyimpanan Baju / Bamboo Storage,1419140975,Thời trang
train_106799909,cb2942b2a25e7610293413e530c3a9ec.jpg,9fb401d1159771e6,Thermometer Digital Infrared Gun / Termometer Suhu Tubuh /thermometer Dahi/ Alat ukur badan LED,2528512414,Nhà cửa & Đời sống
train_3475679156,dcf0892583d895f324cf8572c8ca4865.jpg,ea21f980dcb29e8b,RAK GANTUNG KOSMETIK KARAKTER RAK SERBAGUNA RAK PLASTIK RAK MULTIFUNGSI #2,2097181150,Phụ kiện thời trang
train_4185992336,c62854f4bbd7bebb52329ef83cdb24ba.jpg,bbc2c43de4dac125,Hotshop Pushop Waist Bag Mini Pria dan Wanita Colateral Keren,71498931,Phụ kiện thời trang
train_3237249594,28f791049809562e938e5192222cdc0d.jpg,b281cd7e0a81f17e,"MAINAN 3 IN 1 MOBIL PEMADAM KEBAKARAN BENERAN KELUAR AIR, AMBULAN & POLISI",2556152111,Mẹ & Bé
train_1908965644,dd1c5eaaa68edb1f77def5df1ae3c551.jpg,867ab9a4f89a960d,Masker Kain Masker Tali Masker Hijab,2494171542,Sắc đẹp
train_286702028,1b435ba43a9e00c1ab78aa8f7bc7dc18.jpg,ba66b4738cd9e421,"Sunglasses Kacamata Pria, Kaca mata Anti UV & Polarized, Kacamata New P24, Kaca mata Fashion",3111468322,Phụ kiện thời trang
train_736555205,a244ee489bd15ecaed23231abd09c548.jpg,9afa1aaa72a46a95,Soft Case Motif BTS untuk iPhone 11 6 6S  7 8 Plus 6Plus 6SPlus 7Plus X 8Plus XS Se 2020  bt21,1231565349,Điện tử
train_3396003856,ed9726a7a52c9fcf0baa436b30d713aa.jpg,c4c00d3b2e3fc53d,FREE ONGKIR PROSAMURA Obat Asam Urat Nyeri Sendi,488278976,Sức khỏe
train_813731848,2d622c37d4387f83d088cf5ad8d5959f.jpg,b26ec2911f969c6c,Charger Aki Mobil Wet Dry Lead Acid Digital Smart Battery Charger 12V6A - SON-1206D - OMRSG9BK Black,1914813732,Điện tử
train_3990319577,f27a2fbc0d0dfdd60f531ee2f0c2c4bd.jpg,b09b2d9ac369cb49,sepatu casual boot pria kickers bandit boots kasual formal boot tali,4229237230,Phụ kiện thời trang
train_2036641750,970b0f6af0f568615e021a9d38cb4c2f.jpg,9596ea69959e4351,silicone EGG Boil / Silicon telur / alat merebus telur,1452079218,Nhà cửa & Đời sống
train_1417906547,3dc38207cff0ce53edfd1852f3c9692b.jpg,ac33c36c9b963833,HEADSET EARPHONE BLUETOOTH I7S TWS TWIN WHITE AND BLACK,3958825391,Điện tử
train_3385080340,ac2bbb871156d7ed0b388e801c46a21b.jpg,93b330c3e69d4cb1,Sandal Jepit Motif Balon Terbaru Termurah,3493797951,Phụ kiện thời trang
train_1848200917,46ac9c268ca835c300c5d2bdafd651c4.jpg,be0fd00d91b6c9e1,TU88 Miniatur Menara Eiffel dengan Lampu LED Lampu Tidur LED Bentuk Menara Eiffel Tower - EIF,4219322690,Nhà cửa & Đời sống
train_471996410,55aeb9beac13bc98848cd61148e5a8ec.jpg,bed0c9c1c28d9a3e,Hijab anak /HIJAB KELINCI MOTIP,3173025248,Mẹ & Bé
train_2140669175,49f5daf9fa4b6001c9a827f70464b249.jpg,d5575aea854443ea,ACC037 CIncin Mutiara Gaya Elegan Wanita Berbentuk U,3931497319,Phụ kiện thời trang
train_1903009393,c805fa17f4fecd500f69fe963b68168f.jpg,ab383d6335cc306d,Juz Amma Tajwid & Doa (3 Bahasa) - Buku Untuk Anak TK/Paud,2586716220,Mẹ & Bé
train_2514254948,503361b730896f9d77fd53990089928b.jpg,c8c85d979179c98e,Sandal Wanita Karet Import Motif Bulu - Sandal Fashion Wanita - Sandal Selop Karet Anti Slip [SD02],2404069120,Phụ kiện thời trang
train_774767018,b4f39835605d6332ddd5c8d45a1a6107.jpg,af9f90604b172d9a,PULSHOP WAISTBAG AS HAUL Keren Pulshop,1237550763,Phụ kiện thời trang
train_2347196,b4ca21b6c84fe6e39d9e75366f65ad96.jpg,de5ad24a6a9a9a29,Tempat Susu NINIO bubuk travel / Milk powder Container / milk container / dispenser susu bayi BY-607,72036607,Thực phẩm & Đồ uống
train_6241579,dfc97c198b6d811cf90253d7cc56b9bf.jpg,b08bcb88cf8ccf32,Power Bank Ilo W3 12000 mAh Wireless Charger Garansi Resmi,4157041454,Điện tử
train_2632984003,c739a327dbeca472089a5195e898cce4.jpg,ba96cc48cc63c56b,"Anti crack soft jelly Samsung A10, A10s, A20, A20s, A30, A30s, A50, A50s, A70, M10, M20, M30s,M30",3717044186,Nhà cửa & Đời sống
train_3446830684,f61a21f3d4afca375fbb13c0665415fc.jpg,d79faa800f1b50e5,\xe2\x96\xa3RBABYR\xe2\x96\xa3 Dot Silicone Botol Susu (Teat Wide Neck) for wide neck bottle,1030096136,Thực phẩm & Đồ uống
train_803517760,127e2df649f1cc8a7a8fd169144b08cb.jpg,b68d9c27168df2c8,Wardah Acnederm Pure Foaming Cleanser,3591904111,Sắc đẹp
train_614861081,781aa454d0099d3854ec12aedbc8d203.jpg,a4ae8b97d1d86ce0,Handuk Mandi Anak-anak Pantai Mandi Bayi Penyerap 70 * 140cm,282110893,Điện tử
train_1217335117,470b95c54073be9de1e74c3134d91ac7.jpg,bc3c3c90c3c7c36a,Headset Bluetooth Airpods 2 With Charging Case Wireless Airpods 2 Apple OEM Clone 1 : 1 Can Rename,1267258212,Điện tử
train_685083320,92676c30dd9e8f76f62612349b54b782.jpg,9f86e0e01f1ee6c1,Headset In-Ear u19 Warna Macaron dengan Kabel 1.2m,2935813666,Điện tử
train_3295271340,01b341c08022a00a951220400b2c6187.jpg,e78e9919cc269366,ISOTONIK DRINK ISOPLUS 350ML BOTOL,97020766,Thực phẩm & Đồ uống
train_184419637,c00aeaa077a4fd2430ed2f77723bef19.jpg,ed9599b2e2c68649,[BPOM] FREEMAN MASK FULL SIZE / 175ML,3445494442,Sắc đẹp
train_1271345077,2ab8726bb2e4f22f20828ae2d64257c7.jpg,8c459bd8d470b9ab,iseven p DRESS DO WHAT YOU LOVE | dress wanita kekinian,3889596829,Thời trang
train_1997808959,24735427cab6ac1eb36180269ce0168e.jpg,ab6994b4b66a69c8,(DISKON 11-11 BURUAN ORDER) Sabun Whitening Gluta Collagen Beautetox Chocowhite Whitemilky ORIGINAL,159351600,Thực phẩm & Đồ uống
train_3501585693,523d31582d70ca0e60ddd033784c850e.jpg,fa4b8468c5b4cbb4,Botol Minum My Bottle Motif Baru BPA FREE Eco-Friendly DA BD06,3027964121,Nhà cửa & Đời sống
train_1024987757,feee4b5d359360e8c8ad07882f0ba123.jpg,e1cc9233cc6d6dc4,PIXY UV Whitening Stay Last Serum Foundation 03 Natural Beige,2773427352,Sắc đẹp
train_3424698894,16a288dc57c6080e5b2003886f7b6955.jpg,8fe4f01a39d3c6b0,Dispenser Odol dan tempat sikat gigi,402149138,Nhà cửa & Đời sống
train_3493353794,b2d303718be66d1ef02dca8ab7cb4de5.jpg,e89e97618b6e1c64,Garam Himalaya 1 Kg - Pink HimSalt Original Premium,3062268608,Điện tử
train_1488886434,92eb8595c82b8660fbb110bc1862b299.jpg,ff85901aa579941e,Clodi Popok Bayi Kain Berkancing / popok balita Sehat / Cloth Diaper / Clodi bayi dapat dicuci,996959929,Mẹ & Bé
train_2581257419,a23b650d96e6b85ed30b1a02df3d9fb2.jpg,b2c46b1769ba1475,\xe2\x80\xa2 Jam Tangan Couple Rolex \xe2\x80\xa2 Diameter 4 Cm Dan 3 Cm#Jamtangancouple,2976928949,Phụ kiện thời trang
train_3905668046,87c390314c194430f002441cbed32ec8.jpg,af871e8960f2c13b,Emina Masquerade Face Mask Rice 23 g,2108322384,Sắc đẹp
train_3397770268,a10cdf7c036ed2a63ae2c2e2ae841709.jpg,ba4ac1ed85b4c533,Jam Tangan pria casio G-shock 8600 Metal GST-8600,874403178,Phụ kiện thời trang
train_4147343300,4b2a9e363ef3fb63a7f18f39916463e2.jpg,d2ad58c75a518c73,Pond\xe2\x80\x99s White Beauty Serum Burst 20 gr,1482076270,Sắc đẹp
train_2692406623,7d1220c20aabe774eb37acf73488956d.jpg,e3b34cb64989369c,Miranda Hair Serum - Jojoba Oil 100ml,2139200237,Sắc đẹp
train_1952616317,85461954c3ec61b14e3d3447d25f7d82.jpg,b36dcc3889c78c8b,[ CH ] Dispenser Sabun Cair,872743086,Nhà cửa & Đời sống
train_3233729713,3a70b9e0ce07e0dea03870fcbe30459c.jpg,df0d53039ea56c70,Sepatu Olaharga Pria Nike Pro Sepatu Sneakers Sport running & gym,2294663387,Phụ kiện thời trang
train_3313559725,385d91fb70abd3becc96553efed02c8b.jpg,eca5d032db73d04c,BOYFRIEND JEANS / BAGGY JEANS POLOS PREMIUM - 1KG ISI 3PCS,4172783971,Phụ kiện thời trang
train_2157103101,6b4f08f4cdcb16bcd03209d1230e4349.jpg,bf64c43781c91bd2,Baut/ Murr/ Wellnut Windshield Motor Nmax Anti Jebol,3343546859,Nhà cửa & Đời sống
train_3619321673,2eafd416f93dab5c8a96579319b11866.jpg,ce4d3332b3326369,Botol putri 100 ml natural,580796151,Nhà cửa & Đời sống
train_3537076606,f8dfb6c42212e0c749d05327abaa3c79.jpg,fe80c5a92f81f6c2,Followme Shampoo,1151643989,Sắc đẹp
train_1341171751,0aec60ec4dcd75602f1f4d6c3cb09bc3.jpg,94da69d15b274e31,"KASIMURAH K091 Rak Jaring Sponge Wastafel Cuci Piring , Rak tambahan bak cuci piring grosir Murah",3418578881,Nhà cửa & Đời sống
train_2032629485,04e5ae70f2e2a7ce9cf7839fdaa81bd2.jpg,b963e68c9394cb92,Smartwatch M4 Jam Tangan Digital Wireless Bukan Miband,694178604,Phụ kiện thời trang
train_3852954062,cd26e5ed6090c670e1b655f59d131b22.jpg,eb3e90619e3f9049,GROWNLASH Serum 2IN1 for Eyelash and Eyebrow / Memanjangkan dan Melebatkan Bulu Mata,2881672664,Sức khỏe
train_863369151,c087b40c9778b62504425ecd44119a9a.jpg,bc85933e8dc172d4,Bra BH Tanpa Kawat Sorex 11149,2666117259,Thời trang
train_3239261297,63b8ccc10850645318083b06859a03f9.jpg,aa6ec6d191847d99,NATUR HAIR SHAMPOO 80ML 140ML,389294120,Sắc đẹp
train_3214331140,4c5597e026d6711849a6e25365ed4ed8.jpg,a848d75fd10a1bb6,Life Cat Kaleng 400gr / Makanan Kucing / Life Cat Kaleng Adult / Life Cat Kaleng Kitten,2610734773,Thực phẩm & Đồ uống
train_204409701,fe14c432091dc6e4331b20db80b19242.jpg,ee49f1c6179d3091,ATMOSFER Celana Jeans Sobek Pria,3399092083,Thời trang
train_1145402844,6680efb45b7ee3d2c778bbbc5eb72ed5.jpg,ab8bd4d02b2a36d5,"b""TES KEHAMILAN ONEMED 1'S PCS / TEST KEHAMILAN INSTANT ONEMED 1'S PCS""",2999794436,Nhà cửa & Đời sống
train_1477249313,54e273095a56ed1d68ae758fdc057e52.jpg,9757d45e0a427b4a,Hotpant piyama baju tidur tanktop bra busa wanita import,2339443532,Thời trang
train_3401049890,7a046715b19900e3ff44873ad7f8e117.jpg,e8b495788f213c97,FYGALERYJAKARTA - Popok Kain Bayi Berkancing Cloth Diaper Bayi Dpt Dicuci & Dipakai Ulang (Reusable),996959929,Mẹ & Bé
train_727093701,060ffd9779c0499b2c15c22618e183bf.jpg,a6da25df29d22698,Samsung Buds - Silver,1033818687,Điện tử
train_3773087463,b0c12661fde09645ce7760f2caba840c.jpg,adec4a1e92c3e163,Sunfish bola salmon 500gr,1680670937,Thể thao & Dã ngoại
train_3110850823,80ab2951e98dd8a649da8d9521879413.jpg,e39a9b6d98619a61,"b""Baju Muslim Anak Perempuan Gamis Syar'i - Millo""",494146745,Mẹ & Bé
train_1175819799,0ad5228fee2f95f68253719c32fc4f5b.jpg,bf93c06c67901763,SCARLETT WHITENING ACNE SERUM,1163569239,Sắc đẹp
train_552351667,8125adedb29d8c92cb8a4f9fe83c48c4.jpg,a8cf9ab491b9e426,BRAVE HOODIE \xe2\x80\x9cUNISEX\xe2\x80\x9d(cowo/cewe),3025328168,Thời trang
train_2965496907,f66164dcb9c58d3494fb3eec64581084.jpg,86fc5927daa15a2c,Botol Shower Gel Portable Bahan PP Motif Bunga untuk Kamar Mandi,73153907,Điện tử
train_4210974379,e9dc0f8dfd197731d384c9424fcb1ac4.jpg,f6f08ac9a84abb89,Sasa Bumbu Ayam Kalasan Ayam Kuning Lumur Spesial Sayur Asem Nasi Goreng Jawa Ayam Spesial,827811187,Thực phẩm & Đồ uống
train_1043407996,e0657762a1445f0e23091e5ae643a1bd.jpg,ac35636dcaf03233,137 Degrees Almond Milk Original 180 ml,4017558054,Thực phẩm & Đồ uống
train_623310508,f08bf53ea7e56de8067b0257e9220879.jpg,be49e2369c63191e,PIXY UV Whitening BB Cream 30ml,675684152,Sắc đẹp
train_1371957627,82db721851a0965b65bb186119d4d653.jpg,dbd2c424e50df319,NIRMALA MAXY /PAVITA MAXY /MAXY JEANS /GAMIS JEANS MURAH,413852293,Thời trang
train_470987521,98a8c702668a24c96c51a5cbd1a40fa5.jpg,b439db92c2c566cc,Stretch Mark Minimizing Cream,572085747,Sắc đẹp
train_2612195580,2f4cb7c9022c13db2f68e95f0da037b7.jpg,f59948b362dc3362,"b""Pond's Wb Serum Burst Day&Night 20 gr""",1482076270,Sắc đẹp
train_3912719999,98152513a53c1b8ae1fb782f9e5b6782.jpg,ea1e8f86b0e9b0b2,"Fan / Kipas Gaming Imperion FA-G12-04 Orbit 120mm, Ring RGB",531138764,Gia dụng
train_808789257,d7453d4091d7a92b81f15713969b7fd3.jpg,d085068c4f7277b7,Maskyourneeds Product (25gr-65gr) baca description,656698835,Sắc đẹp
train_724882257,d342cd395319141306840dc6ccdb0556.jpg,ae66d01f3e62e50c,Magic Water Drawing Book/ Buku Edukasi Mewarnai Anak,2963120861,Mẹ & Bé
train_3453428145,05a489bb6a363359cb0f2c77f17e28ec.jpg,bbc08637c1cb31b5,VOLTMETER DIGITAL PLUS CHARGER USB BREKET STANG DAN  BRECKET BRACKET WATERPROOF,2756031417,Điện tử
train_3254819116,08536c6f02b264ef3d5f48f78b444ca9.jpg,9ce1ead4d21aa53c,\xe2\x99\xa5BUNDA\xe2\x99\xa5 Sarung Tangan Cuci Piring Dapur Sarung Tangan Pembersih Tahan Air,3170475874,Phụ kiện thời trang
train_4153802292,cf962ce8cf8c395fbd5eea63cbe94fc5.jpg,bac7cd382e63318c,NACIFIC PHYTO NIACIN WHITENING TONE-UP CREAM NEW,1492182156,Sắc đẹp
train_314762086,130155e39c854d559a7fc15485d45886.jpg,9b39e860bd0ff418,Catok Rambut Pelurus Mini Haidi - Topsonic Hair Care,37661312,Sắc đẹp
train_3779193565,737c303a1c8267f932ebe96ee8a13e30.jpg,e63399cc98993633,Lock&Lock Botol Minum Anak Kartun 600mL,2231230291,Nhà cửa & Đời sống
train_131192958,7cf35897b86212d09ae03e978866fbe7.jpg,add9d139c2869ae2,Ambigo TF3 Neckband Sport Earphone Bluetooth Wireless Extra Bass Headset Support MicroSD,1461239259,Điện tử
train_3820975400,8a23f2edbda39e07756a0271cb4274d9.jpg,ee9162939d6e4992,"b""QURAN APPLE / APPLE QUR'AN UNTUK BELAJAR ANAK""",3339789097,Mẹ & Bé
train_946463608,ce035c6e363cbc3199f2f1d8a36ccd94.jpg,b8e7c710e11e60ed,COD PAKET KOMPLIT SEPATU BOLA ANAK NIK CR7 TERBARU SIZE 33-37/SOL KUAT NYAMAN DI KAKI/KADO ANAK,201919422,Phụ kiện thời trang
train_2901503068,6d9a4fb1403bea7f0407c4363c038679.jpg,feb0c097c74ba868,SEPATU BOLA SPECS ACCELERATOR (BISA COD),3794298816,Phụ kiện thời trang
train_2476860491,54ad186bf02c54317143bd781f4f5095.jpg,e93b93c494c9ccb2,[1KG 20PCS] \xe2\x9d\xa4 MiniMamy \xe2\x9d\xa4 TOPI KUPLUK BAYI / TOPI ANAK UNISEX LUCU,185142711,Mẹ & Bé
train_2956366091,91102f32c1abf26bef82fd9ea989512d.jpg,9af2a58d482ca57b,PAKET 2 IN 1 Tempered Glass Layar dan Kamera FOR SAMSUNG GALAXY M30S,351339216,Điện tử
train_960951660,2d6b276127ae9473d9d20daa0bfdaca2.jpg,ecb00cc5a16ed975,GBI Hand Mini Sealer Plastic / Perekat Plastik Bungkusan / Plastic Seal,1065450055,Nhà cửa & Đời sống
train_3023834127,3b591e8b0b54d157778144f0f21c53e9.jpg,e83496db7965641c,"Tas Tempat Tissue Basah & Bersih, Ramah Lingkungan",1301393497,Phụ kiện thời trang
train_571447931,8cd96818092139d0cd501f71983457d7.jpg,fa93859cb4cc8479,Nutrisari jeruk maroko di jual per renteng,250077209,Thời trang
train_2686524447,b366d7613c03a373ff12684f77611823.jpg,b10e133c3dbc9371,GOLDENFIL GOJEK CRUNCHY CHOCOLATE 1KG MURAH,954360072,Thực phẩm & Đồ uống
train_2076600858,4b4580e2135d504ef567d267704af555.jpg,e691a964dac6b992,"Balon Foil Huruf 40 cm Warna Biru,Emas,Perak,Pink,Rose Gold ( Harga Satuan )",1905943612,Nhà cửa & Đời sống
train_610451951,f7375d4cdeb460ad6d083532bd0660ed.jpg,a6b70bdd2b40f889,Cetaphil Baby Daily Lotion 400 ML,1301527687,Sắc đẹp
train_546070236,ee835835f1888b36b259726afa9611b1.jpg,d88785d9e66e6213,Tali Pinggang Double G Belt Wanita Belt Fashion Sabuk Kulit Buatan Polyurethane Import,544315614,Phụ kiện thời trang
train_917963459,74eb17a0856a65b9b9699a9b293369e2.jpg,edd216d41fd20f81,Cosmos Rice Cooker Non Stick CRJ-3301 - 1.8L,2084640884,Gia dụng
train_1236998665,4d2288ba42539681c27fc53110f3499f.jpg,ae98919b952e7ad0,Samsung Evo Plus MicroSD Class10 32GB/64GB/128GB/256GB/512GB Memory Card SD Card Kartu MicroSD,170977866,Điện tử
train_529267479,d22c8a3271f068c5e19e5d8001fa13ff.jpg,e9391bc2cf4d8626,"BEST SELLER!!! Wristape / Finger tape 5CM x 4,5M",2565517478,Nhà cửa & Đời sống
train_4112972087,e381addf33687eee42a0e2f2e1a02b41.jpg,b8b1f90eecc50e4a,Handsfree Samsung Galaxy S6 S6 Edge S7 EG920 S8 Headset samsung Earphone samsung Original,2149136762,Điện tử
train_473068450,736a328b6104f84468f95c2e69a2ddc3.jpg,e0648597969ccb9b,Pediasure Triplesure Kemasan Baru Vanilla / Madu 850gr,3742712461,Sức khỏe
train_2455861260,a2ff560b7aceeacbc61f6a3204fd320f.jpg,bbe6dc18c1b52278,HEADSET JBL XB-450 STEREO EXTRA BASS / RAJAMARKET,1043565100,Điện tử
train_411037636,6c05b1e0d8d3df895570cc4dc86b020e.jpg,bce3e783c2381b86,MAGICAP topi highlight karet + congkelan high light pewarna umm,552978251,Mẹ & Bé
train_1416516396,92fd1d2578ca4acefcd415a258fe815b.jpg,eb93950d5a683927,BOSTANTEN Dompet Model Lipat Bahan Kulit Sapi Dua Warna untuk Pria,3531257008,Phụ kiện thời trang
train_3957744150,d7d90b2510f6cdc335fbfd03ce4ac180.jpg,b992ce6d93cc311a,Cairan / Tetes Mata khusus softlens A+ mata sensitif 10 ml,2106195730,Sức khỏe
train_2453106886,c5a235eb3c2c91f33141223b421515ad.jpg,94916b703a2f2f36,BPOM - Pure Kids Fever Free Isi 4 lembar cooling patch gel / Fever Free Pure Baby / SYE MART,1715041013,Mẹ & Bé
train_3026476366,0b785932e9dbc1602216cfef709d1879.jpg,b9e7b0b2c3060ef8,Maybelline Super Stay Matte Ink City Edition - Liquid Lipstick,890994336,Thể thao & Dã ngoại
train_1691965587,6e54c324489bab37bb7bd6cc6aaab3eb.jpg,be37d0c01bcbc931,ho PASSWORD LANDAK Setelan Anak 1 - 7 Tahun Baju Anak BerKualitas,2404950038,Phụ kiện thời trang
train_3813210970,c994295e2a954bb108405950053c3679.jpg,bec2959d62e2919c,Natur-E Advanced Anti-Aging Night Cream,2393818132,Sắc đẹp
train_4291604734,c99cd206f4f05d49056338a6aac1c594.jpg,bcc28397812da73d,\xf0\x9f\x87\xae\xf0\x9f\x87\xa9 [READY] BREYLEE Bye Bye Blackhead Remover Mask Pengangkat Komedo,3001123709,Sắc đẹp
train_1517628790,98c80eba057bd9756dc548feecc47423.jpg,ba2769d861cc923b,{RESS. RESMI} Maskyourneeds 25 gram  (ready stock),656698835,Sắc đẹp
train_2912800284,fc820f1b9070b0ea34bd989a3d4ac829.jpg,b9d2924ec66dc42d,Wardah Renew You Anti Aging Intensive Serum 17ml,1334396542,Sắc đẹp
train_1177465009,680dbad770b26a7df804c78c8d81c743.jpg,a1ea1efa6af26818,Paperbag polos coklat ukuran 20x9x25 paperbag polos uk 20x9x25 MINIMAL ORDER 12pcs dan kelipatan 12,1829782350,Phụ kiện thời trang
train_3049383894,69e2c6c4aabff8475a53959fb086d81c.jpg,f36d58b090b29d56,Tripod Portable Tefeng TF-3110 Standing Holder 3110 hp silver,2457457611,Điện tử
train_2214962973,1ce5f5519eaa5a859ee0eda6339c232e.jpg,ebe48e9d28868c3b,CREAM HN ORIGINAL 4IN1 15GRAM,2221409971,Sắc đẹp
train_3958692888,6ccf45ec8d24781fae0cb3107637abd0.jpg,ac9d4ba6d02c1ea7,PART 3 JILBAB SEGI EMPAT PARIS / SEGIEMPAT DAILY PARIS,2367233848,Thời trang
train_3486930,70824dffc81bd691602cd283e6a48115.jpg,ebccd093a93cca52,Kalung Kucing Bebas Kutu Anti Kutu Aman dan Ampuh Menghilangkan Kutu Dari Hewan Kesayangan,3753461749,Phụ kiện thời trang
train_2265914078,b04742e6da08f28de8670a2fa8fa86d0.jpg,b5550a0be8cb0f3e,Alat Nano Facial Spray Mist 30ml Pelembab Wajah Alami,3040690230,Sắc đẹp
train_586152003,623fb348f9a3609950fd7bf711431c46.jpg,9758c36633c35dc4,Lampu Taman Lampu Solar 30 Led Lampu Tenaga Surya,555070786,Nhà cửa & Đời sống
train_4023579759,a0d120250bb984515249b9f446690d9f.jpg,ea6790984f91746e,Lap Kanebo Lap Plas Chamois Murah Daya Serap Bagus Berkualitas,3185044263,Phụ kiện thời trang
train_2765752832,b1735d3b1a4d1159ba2e8f000aa4ac31.jpg,e5a817749e374a07,[IMPORT] - Headset Samsung (non pack) Microphone,2368478525,Điện tử
train_1038218694,84f2e5ecea1daf5dd783ed75066566bb.jpg,83c2a736889eb6ba,TALI PINGGANG DOUBLE G BELT WANITA BELT FASHION SABUK KULIT BUATAN POLYURETHANE IMPORT,544315614,Phụ kiện thời trang
train_2210785327,7fd29adb3f37eacc246955ffa2a299f7.jpg,aa9de04297bf0c78,Softcase oppo vivo samsung xiaomi realme iphone all type UC1231,4023541274,Điện tử
train_1454617016,1ed77a5cada9cc0b887dbb93f4ee2168.jpg,fdf790da82732068,GAMISMURAH REFALINA DRESS / GAMIS MURAH REFALINA / GAMIS MURAH WANITA / GAMIS HARWA DRESS MURAH,3134543054,Thời trang
train_2783240570,1b5320bafde8c8fc0235afc65c0fce98.jpg,ee1399e1369cc163,Samsung S10 S10E S11 S20 Lite Ultra Plus Flip Mirror Stand Smart Case Cover View Auto Lock,3579283796,Điện tử
train_1156361427,9354b7f95516735ae2eeff31ef29f9b7.jpg,85b171e671f10abc,Bisa COD \xe2\x98\x85 Cayman \xe2\x98\x85 Jam Tangan Jelly Angka Wanita Pria Rubber Transparan Transparant Arloji QQ001,2670100165,Phụ kiện thời trang
train_3258030284,863a43e4e0f5a0491f16293a84ed1e1f.jpg,83c125a3295e5f9e,Kaldu Jamur Penyedap Makanan Vegetarian Totole Non MSG 80 gram,1958573404,Thực phẩm & Đồ uống
train_4006498229,6dd8a0895ce6a87d2ee4eea070cef9ee.jpg,c1943f6d6b812b2d,Hanasui Serum Whitening Gold Vitamin C Collagen Anti Acne Rejuvenate BPOM,2660419430,Sức khỏe
train_4075935993,71b4c8436f7abfd252e604a568d0748a.jpg,adc0d33a3cc46d36,Huki Baby Botol Susu 60ml 120ml 240ml Dot Nipple Silicone Gepeng,3623529278,Mẹ & Bé
train_2616510041,7764206eacacf52d2d23ea915db2dca0.jpg,f6cc8c8cc9c9d964,SKIN AQUA UV MOISTURE MILK - LONGER UV PROTECTION (40GR),3212750094,Thực phẩm & Đồ uống
train_983071994,7de69cdd11c2fdc32a0da9f22f386533.jpg,f252da99d9a4a525,Case Anti Crack Iphone 5 6 6s 7 8 6+ 6s+ 7+ 8+ X Xs Xr Xs Max 11 11 Pro 11 Pro Max,3717044186,Nhà cửa & Đời sống
train_590442048,e7797e9d59c71064dd4f3abe1754e9a4.jpg,a5a88f17346d5a66,BISA COD \xe2\x98\x85 Cayman \xe2\x98\x85 GC Jam Tangan Wanita RANTAI MDL MAGNET ARLOJI IMPORT PREMIUM Watch207,861942412,Phụ kiện thời trang
train_818279151,8c68c89ec4ff7cd10eeaf0edc780905e.jpg,dfce831f5270a4a4,Kaos polos baby polka,182926914,Mẹ & Bé
train_4286335457,ac06ed1e234a122d1fa45f624c60b162.jpg,c8c7b238975768a9,Bebwhite c Paket Skincare BBC (Harga Grosir),2956941947,Sắc đẹp
train_1420395733,536113422126c47fa2dbf4b20a46ef57.jpg,af7c9283e04bc31e,Clodi Popok Bayi Kain Berkancing / Cloth Diaper / Clodi bayi dapat dicuci & pakai kembali,996959929,Mẹ & Bé
train_3911746714,4f95e147dca2bc466c2623a22be719c8.jpg,d4f86e08a400fff6,Masker Kain - Masker Kain Tali Hijab - Masker Tali Hijab,232318354,Sắc đẹp
train_2172699277,13f2d669cfb2b11e1d6bdaeb2455bd84.jpg,edc49b7381fe1460,Digital Tuner Alat Stem Gitar Akustik Elektrik Bass Biola Ukulele,644572014,Nhà cửa & Đời sống
train_1178533783,578e346e7c7bc65561f7bdeb7a4d647f.jpg,d9b308d43c91a767,sepatu solomon,2727555996,Phụ kiện thời trang
train_3534352614,68c18661b2268a3bbb572863648acd6b.jpg,eab1c52b9d0f9cc0,Tren-D-rugs Karpet Polypropylene/Polos/Minimalis/Lantai/Ruang Tamu/Permadani 100cm x 140cm-NMs,780600667,Thời trang
train_3266959299,2b055c80e9821b88ccee944fa96f708b.jpg,b132396cce69c699,Luwak White Koffie 10sachet Kopi Luwak white coffee,1598362109,Thực phẩm & Đồ uống
train_2547933734,866110957d65e479118b7f4e155dad70.jpg,ebb6d8838534d30b,6 Pcs Bedongan Bayi Flanel Besar 90X90,495875207,Mẹ & Bé
train_898433678,28cbb067e780fb784714f7e86a14dd40.jpg,e69999666633649a,Kikkoman Bulgogi Sauce - jerigen 2.2 Kg,1427029339,Thực phẩm & Đồ uống
train_1352413166,fc9817fdba5fc6d6d22ee3d85f7df8ba.jpg,f6c80b36e0c7d478,Sedotan sendok stainless/sendok teh kopi / spoon straw hx128,570708646,Thực phẩm & Đồ uống
train_336907165,60ea916e296ab4051c2eedbdc91f4b8e.jpg,aee74360e0ff6068,Celana Kulot Bali Lilit Dyedye,123573062,Thời trang
train_3883355963,54a5cfddbb5790d66d1ead62fe7dc250.jpg,ff803644e937d14a,Lap kacamata,3538328817,Phụ kiện thời trang
train_4161947025,519bdfc6c63b035d334d453a779ef7de.jpg,be7e342f1f0c5142,WEEDO-BOTOL MINUM  BT004 H2O TRANSPARANT 280 ML - BPA FREE - GRATIS BUBBLE - MY BOTTLE - TERMOS,1702709914,Nhà cửa & Đời sống
train_3317116852,ec93392c1482b5989df0a46d24317625.jpg,af269184c1693f6e,SKIN AQUA UV (Whitening Milk / Mild Milk / Moisture Gel / Moisture Milk) 40gr,2123332638,Thực phẩm & Đồ uống
train_2218846097,c35c57a0c58755a4a35483520b27d59a.jpg,c0187fc07b7a54d3,RED JELLY GLOW SERUM BY SYB FORTE /serum jelly merah bpom,4094795400,Sắc đẹp
train_382888504,8dace6b3315f2a7fcab5542c0d6622d4.jpg,bb90856e6e959833,Terbaik Sepatu Allstar Chuck Taylor 2/All Star Ct 2 Premium/Allstar Jackpurcel - Hitam List,1169876123,Phụ kiện thời trang
train_1801132208,bcb4aff234d3ac6fdb8370ac78031ad1.jpg,96491b7bac2c6636,MURAH BOS !! Boots Traking Crocodile Morisey Ujung Besi Sepatu Pria,53859343,Phụ kiện thời trang
train_2921360695,828cc041bffb5a337fe51b91b0ec5708.jpg,e9c996305b4e6c59,Sabun Bidara Plus VCO 20 Gram BPOM - Sabun Bidara Plus Collagen,1664694453,Sắc đẹp
train_2693244565,3dacdbf44b74d4a9992530d677ef160f.jpg,ef6bc08495c2943f,Chil School Vanilla 1600 gr Susu Formula Anak,2338504085,Thực phẩm & Đồ uống
train_1705401925,9d616214ae9eb237aff6f631c1a13915.jpg,b333c4ccceb33131,"b""L'Oreal Paris Revitalift Micro-Essence Water Skin Care - 130 ml (Untuk Kulit Cerah & Kencang)""",3189180703,Điện tử
train_703849407,a5138cfb5eec69e1d77bc0fd1206f9fd.jpg,e5ce9a319b639a24,Espresso Blend Best Seller > Cremaa Espresso 500 gr Kopi Otten Coffee ReadyStock!,4088587398,Thực phẩm & Đồ uống
train_185070869,8411dbde5b7acfd392f44b1568c90a87.jpg,b0c5cb168c6c937e,TAS IMPORT FASHION RANSEL 93211 7072 17113 e738,4050847607,Phụ kiện thời trang
train_1248574177,a9c4b75f3cf0177b5ddf9e3f0113c7fa.jpg,ac989292c76dc76c,Paket Somebymi SnailTrue Cica Miracle - Serum dan Toner,2626405160,Sắc đẹp
train_2103455047,1eaf91ce49e2481f4c32ea31fd7434b2.jpg,f1f7a352a244e14e,SOES COKLAT / SOES KERING / KUE LEBARAN / CEMILAN / SOES COKLAT GG / SOES / SNACK / SNACK KILOAN,2864178368,Thực phẩm & Đồ uống
train_2682015752,062236c022166f8190f1661430ef7fb2.jpg,a9ea06ab2b14ee6a,SALSA Dynamatte Lip Cream Makeup Original BPOM,1201602115,Sắc đẹp
train_2387877105,e6098dd2981519858d64ed9ba7d84550.jpg,b992c66ac76d8338,AVOSKIN Miraculous Retinol Ampoule / Toner,1268201436,Sắc đẹp
train_4165962981,c02832a8f47d68a8281e4a2744881f6e.jpg,e9cb903e63506e4d,Dompet wallet fashion #1212,3501575414,Phụ kiện thời trang
train_1111814078,a2d7ee45431a17ccefe1d7c24641b4db.jpg,edcbd2b4341c9661,Sudocream 125gr [ HE 929 ],2399065173,Sắc đẹp
train_1429098400,5c0dbae484e25ee0180fcac93ce10463.jpg,fab680c6c71996b1,[Bayar Di Tempat]Ready Stock Sepatu Anak Perempuan Korean Fashion Casual Princess Flat Shoes,3928258801,Phụ kiện thời trang
train_3117309590,577cd7f54efa12f5e5ced6afef77e963.jpg,93916c66e69991bc,Veithdia Kacamata Retro UV Polarized,1834636703,Phụ kiện thời trang
train_3337221240,ac24e63fcb24e6d10208df807b777e75.jpg,e4e39b18e33c8dc4,sumpit anak Sumpit Belajar Anak chopstick Training chopsticks beginner,3073207032,Mẹ & Bé
train_547115972,a6853364969d55315d12a8f3fc93e307.jpg,afbfd004d1d380c7,BARU!! ALAT MEDICURE PEDICURE / PEMOTONG PERAWATAN KUKU NAIL ART SET 12 PCS MURAH,1781981667,Nhà cửa & Đời sống
train_2955824489,0d3716c3d657cc6c3273e7ad6c1fccd9.jpg,92396d86a1ec9e33,CP\xe2\x98\x86 5M Balloon Strip Connect Chain Balloon Arch Decor Plastic DIY Tape Party Supply,1002409299,Nhà cửa & Đời sống
train_1934683848,982783428c4621a01d9fc9c894bf7749.jpg,a7f80d9d7037e007,Some By Mi Snail Truecica Miracle Repair Toner 135ml,3309830291,Sắc đẹp
train_3985402193,5cc9bdba4ca66b2cea1a1d0b70174a74.jpg,ec04965b9587a5e9,Brokat Semi Prancis Katun / Bahan Kebaya Semi France / Corneli / Santili / Soltis / Fatmawati BIANCA,4074098820,Thời trang
train_3096787179,7b19f2a5c17ad9d34d8641912bf66203.jpg,f146be39466d8538,Original COUPLE Gamis NIBRAS NB A51 & NSK 71 Biru Coklat Persiva,1229744002,Thời trang
train_2700657350,c3d5ae9b4c53d8f68ba0456348965612.jpg,bc6cd31bc2c6c3c4,Kertas Double Folio Bergaris Sinar Dunia 100 Lembar,2478430102,Phụ kiện thời trang
train_3206803259,6f74a5f5ac3e657b566d6a5f8e42201e.jpg,b3a1fcc88c1b8dcc,MS Glow serum luminous / kemasan baru,2092002172,Sắc đẹp
train_4056554715,13fb0293138410d820c4a9163cdf1b22.jpg,f8298931a4adccdb,Pacifier // empeng buah // dot buah // alat makan bayi //mpasi,4031719865,Mẹ & Bé
train_3032196374,ca0c595bc8919249967a48f3e4013d66.jpg,ed0dc5e0ce859a72,Jam Tangan Pria Seiko 5 Sports SRP477K1 Automatic Black Dial Black Stainless Steel,4124020262,Phụ kiện thời trang
train_1842676210,fdfeb3d56a4d57e0a7babc7bb91713d8.jpg,dcd01b3b22b1993e,"Kapsul Mujizat Obat Asam Urat, Rematik, Pegal Linu, Sakit Pinggang, Nyeri Sendi, Stroke",3087306003,Sức khỏe
train_2819548534,01cb3fd321ba1f8ab82666095bb3ffe6.jpg,c29d3dc4c663c71c,SWEATER MURAH - IMAGINE HOODIE - SWEATER HOODIE - SWEATER KEKINIAN - GROSIR JAKET PRIA WANITA,1723836743,Thời trang
train_3880468766,270a3fd5fc4fe91ab061c99695513e50.jpg,e992a6a5c1b7d44a,Bioaqua collagen nourish lip mask ORIGINAL,2914998557,Sắc đẹp
train_2311607048,3152249052c7a57f923b7665150e2056.jpg,ad61cb93d21cd893,GM JOYSEUS Adjustable Desk Tablet Holder Multi-angle Stand Accessories Hitam - OT0013,1972919589,Điện tử
train_1798527968,1c72de817f5faa241fb3b381c7cc32cb.jpg,fe4780b88f95354c,SARUNG SAPPHIRE POLOS HITAM/PUTIH TUMPAL DOBBY /STANDAR DEWASA FASHION PRIA  /HIGHT QUALITY ECER,1055377026,Nhà cửa & Đời sống
train_1122231176,d3e800f723d5d4bc6bdb0f523c622a1c.jpg,ebe98414b52b709e,GOON Smile Baby Pants Pant Popok Celana S40 M34 L30 S 40 M 34 L 30 XL26 XL 26 Ekonomis,986496525,Mẹ & Bé
train_2815944370,1191c2afcb78541d01031036ab976854.jpg,e8a5c3de83983539,GamePad SR 4 in1 PUBG FF kipas power bank trigger l1 r1 gamepad,2685564448,Gia dụng
train_2008569610,bf1aa9178b0ca65890efe0d071e4c11e.jpg,c4d0bb66663e5668,Cover Penutup Kulkas Anti Air dan Debu / Taplak Penutup kulkas,2635748325,Gia dụng
train_3688622610,2c9b677120f70cde712d647bb61fab8d.jpg,d1f42ad9dbc0d429,Tinta Canon 790 Original (DATASCRIP),3746060972,Phụ kiện thời trang
train_2194112886,8bd1d2d2a31687317414059c4b2b8c72.jpg,e7a0d89d2f3c6027,\xe2\x9d\x84 TMALL \xe2\x9d\x84 P070 Tas Ransel Sport Quechu@ Bag Punggung Olahraga Travel Backpack Pria Wanita Import,1221416124,Phụ kiện thời trang
train_3248721108,c11e9d62b2e1d300718d891db7e6d255.jpg,ae42c72d3dc1c8b6,\xf0\x9f\x87\xb0\xf0\x9f\x87\xb7 JULIUS WATCH JA-1064 JAM TANGAN ORIGINAL KOREA,3784170176,Phụ kiện thời trang
train_3388693515,e50b1c13fafa674b6f9aacdf8c09fc44.jpg,aef107788578d60b,Softlens Clamper Set (Set Penjepit /Alat Pasang dan Pinset Softlens) Soft Lens,4166473118,Nhà cửa & Đời sống
train_4016372009,509edab8e178e883840a13ae9a5a3768.jpg,f891836cc98dc53b,[Per Batang] Lipcream NYX Negara 8802 Box Cream,129173500,Sắc đẹp
train_44356492,5e829ec4a0a6c217c6d99f9ca11a423b.jpg,b468b152af253e3a,POP SOCKET HP KARAKTER CARTOON,2770363844,Nhà cửa & Đời sống
train_4011955071,2a3bc916f61bdd7bbd494a6c340f567a.jpg,e6b59bca24926b25,ALAT PENGUKUR TINGGI BADAN DEWASA DAN ANAK  / STATURE METER 2M / STATURMETER 2 M / MICROTOISE,1767987681,Điện tử
train_3358430323,d2df5121a61613a83152d7400a2250a6.jpg,b19631938b938e6e,OLEVS Jam Tangan Quartz Analog Ultra Tipis Warna Rose Gold Strap Adjustable untuk Wanita,2238997929,Phụ kiện thời trang
train_1474163451,210c01f479640d2e769b5799dd7ddfd3.jpg,af9dc4628423d3cd,pakaian anak perempuan DRESS DENIM UMBRELLA DENIN,2410582194,Mẹ & Bé
train_1925757422,6dd8f9d786d1497048707003700d752e.jpg,b94fc6c2496b3338,SETELAN ANAK Marine 1 - 5 Tahun MAXKENZO Zilvia Store Baju Anak BerKualitas,435952285,Phụ kiện thời trang
train_455874687,597a9f3eea62d715c4cbb6cf29ad4026.jpg,9fea05c03f0ae395,(FULLSIZE) ElsheSkin Radiant Skin Smoothing Serum Anti Aging Serum Vitamin C Serum Sebum Reducer,1740597653,Sức khỏe
train_2219664025,5666e90d0903b986621ca81e4b425bac.jpg,f6b44b8f59e00749,Pepsodent Kids Pasta Gigi dan Sikat Gigi Anak Spongebob 50 gr,1070915738,Mẹ & Bé
train_2840010156,ff8c51ae2b910bbd5b185932fafd81d5.jpg,e4649b9b6d656494,Wardah Nature Daily Orange Pomelo Brightening Wash Off Capsule Mask 10ml,4230940845,Sắc đẹp
train_3875593744,c5564d419c79fd33cc26b3e5f1df7d48.jpg,aec23c9369c3963c,MASKER EARLOOP & HEADLOOP / BESTMED,2910731327,Sắc đẹp
train_985579008,3ec0b456445e297c3413868f1bb08640.jpg,ea3499ca66275693,2pcs Mainan kucing Bola Krimcing Mini Cat Toys Dog Toys Bola,3069464316,Mẹ & Bé
train_486271662,76c2a6c7babeb866b80220aa9090e587.jpg,bed9058790b2cab5,Buku Tematik SD - Kelas 5 Tema 2 - Udara Bersih bagi Kesehatan - Edisi Revisi 2017 Terbaru,1291301592,Phụ kiện thời trang
train_126561774,f24a7ca2e5396461685ede68f3870b71.jpg,ba91913a976b606d,MINISO 3-Piece Storage Bag Tas Kosmetik Set Tas Perlengkapan Mandi Tahan Lama,3933565135,Phụ kiện thời trang
train_1345749733,4d83b67b3e9934fe12c0e12d5d3f1302.jpg,96332bdb4a660db1,Samsung Galaxy Buds 2019 - Garansi Resmi SEIN Original Earphone - Putih - kuning - hitam - Silver,1033818687,Điện tử
train_2015971812,86fb2feaefb957777f252be5d4324c21.jpg,a525f8d8c5c3d8e8,kacamata safety / safety google anti debu,852852893,Phụ kiện thời trang
train_3233259875,5e9c344cf648b780db8d6da04235b77c.jpg,f49a8dc973958da0,FREEMAN Mask 175ML Ready All Varian ORIGINAL,3445494442,Sắc đẹp
train_3770580910,95a876235f1a0bc475c5fbcb5618f5db.jpg,afa1d419e0746bc3,Best Seller Alat Mesin Cuci Motor steam 160PSI Berkualitas no.1 10Ampere,1351885376,Phụ kiện thời trang
train_1824521068,9e90199b9f1d275642ff1538d859e006.jpg,a467db34c3c9aec0,Madu Sarang Honey Comb Fresh Honey 250gram Grade B,583498879,Sức khỏe
train_1837245558,95b3a81780a682f82792be0b10b146e5.jpg,f2ae597d27825921,(UNOFFICIAL) READY Gelang 2Gether,4098479810,Phụ kiện thời trang
train_82391111,611587051e392f11f1532441587b17a6.jpg,bcc38f1cc36d92e0,MONDE SERENA SNACK GOLD 50GR,907836092,Thực phẩm & Đồ uống
train_3344071220,9320d7a2181b28e6a61317e8ca06ffea.jpg,f6d98134b904b56b,Kitchen tool Sodet Set 6 pcs Spatula Sutil Warna ALAT MASAK SET SODETAN,2156459496,Nhà cửa & Đời sống
train_1198128332,a63068c5a0084b74c2dab58c15c44a0d.jpg,bee1948ec10fc9d8,CTB.ID Sepatu Sneakers Wanita Fashion Import Syra Free Kotak & Kauskaki - SHG013,3085147105,Thời trang
train_1720788597,d0f4f9f2b81edfe2b9af821f1f2d391e.jpg,c5b273ad6b481a55,Grosir - H213 [PROMO] Keranjang Baju Kotor Lipat Motif Karakter Laundry Basket,2270136417,Nhà cửa & Đời sống
train_1134306225,a4aba158ba6273b3bfdc69e079ecbf50.jpg,eae2604e95990f9b,Baselayer Lengan Panjang Longsleeve Thumbhole Underarmorr Futsal Sepakbola Voli Olahraga Renang Pria,2406884704,Thể thao & Dã ngoại
train_657292363,ca6c249b1086efda49d6ddb58bbb74fe.jpg,ca5bb524a17ab1e4,Masker HIJAB / HEADLOOP Kain Katun 2 lapis Bisa Insert Tissue Double Cotton Tali Karet Putih Hitam,1209681012,Nhà cửa & Đời sống
train_3482845746,0c1d6eac88ca668b0197ac423ac2dfed.jpg,abf0f5919503d09b,Sweater Basic Oblong Nirvana,4015764499,Thời trang
train_3470334462,1f4913c55393640035df323dd7bdcdc2.jpg,b59056639a8e6b35,( 1KG BISA 4PCS ) Sweater Hoodie Pria War Bahan Fleece Tebal Ukuran M-L,3381128080,Thời trang
train_1190102837,bab73801a4e7f7a2024e826d5aa2029d.jpg,e262c68d99b59791,Mini Cutter Q2 P202 P 202 Blender Manual Tangan Tarik Pencacah Penghalus Bumbu Pemotong Bawang,3193828193,Thực phẩm & Đồ uống
train_3944623297,0a69566f62f62bddf21043fe5ed08310.jpg,d6c0ca35683dda96,Jellys Pure Soap Brightening & Moisturizer 100g,3582590696,Sắc đẹp
train_4235354352,9a66805a363140febefdcb1691de8d2f.jpg,fa4ee0ec6c43b087,SEPATU SNEAKER CASUAL PRIA CONVERSE ALL STAR LOW CHUCK TAYLOR CLASSIC PREMIUM 2,1500577048,Phụ kiện thời trang
train_533310888,cc1e23e0ddf2cc602c3a11bbce597864.jpg,bebdc1d0b42a4c8d,Mainan Edukasi PUZZLE ANAK/FIRST STEP PUZZLE/MAINAN PUZZLE BUAT PEMULA,2911646536,Mẹ & Bé
train_3809329135,d329f30a785b63ef31e90ea9a168fdcd.jpg,d10ec699cb336e1a,Samsung A30s Ram 4GB/64GB Resmi 4 64,2692422890,Điện tử
train_1126163528,ea6cfedaffb9373aeab18f84e9dcaf88.jpg,bb3cb44fb4cc488a,CELANA OLAHRAGA HIJAB WANITA MUSLIMAH,2295418881,Thời trang
train_713073906,75d1ce076d2bf9476192583de84c164e.jpg,bfb88472d285c84f,Jubah Anak Kancing Karim 3-15 Tahun,1835033137,Mẹ & Bé
train_1943986671,5c1e0f695fb5ab7b0d83de0fef4bfdaf.jpg,fad28daa2ad05595,Perlak Bayi organik SUGAR BABY / Perlak karet bayi sugar baby,997220911,Mẹ & Bé
train_2354751773,da1a88c69d5b9470a4df462bb2942454.jpg,b0d38d25da58ccb5,GAMIS PLISKET ANAK (829.A) MAXY DRESS PLISKET PRISKET PLEATED DRESS PLISKET MAYUNG FLOWY REMPEL,3602809108,Thời trang
train_2112596726,d3212cb492aea55b6dba4b8edc872b00.jpg,bf60d1fed18cc089,BABYMAURI - Premium Baby Sleepsuit Motif Dandelion,855443949,Mẹ & Bé
train_2187617954,29b382d063052b888b3047d7691e4d55.jpg,eb35027b06d92bd4,Sabun Carex anti bakteri hand wash anti bacterial hand soap 200ml sabun cuci tangan antibacterial,3178528282,Phụ kiện thời trang
train_1264101701,35866d8f48830e53c07dc944d67562d9.jpg,b36c720dcb9193cc,FAIR N PINK BODY SERUM 160ML / 120ML,3703315251,Sắc đẹp
train_4238388589,7770856a7b599cfed427b5a90add8f4b.jpg,b192c66dce319ac3,[SET] SKIN1004 Centella Basic 2 (100ml Ampoule+ 400ml Toning Toner),1618268097,Sắc đẹp
train_2177614333,89654ea2d9f63bb40a9639b73e992d12.jpg,bdb0c24b61e61eb1,CIUSTOYS-MINI SHOP ICE CREAM CART TROLLEY 6831 MAINAN ANAK PEREMPUAN,3294457484,Sắc đẹp
train_3241637981,ec80cf33b1410dc6bd4b0801dd5d12be.jpg,bcc3c31e1c3cc3c3,Tas Selempang Wanita Aurora,1957515419,Phụ kiện thời trang
train_141033189,3650247c97f87df0e8c6fd080de32daa.jpg,9fd5c0d2464a3d93,SAMSUNG GALAXY A20S GARANSI RESMI SAMSUNG [32GB / 3GB] HP ANDROID MURAH,120145918,Điện tử
train_2906961145,61e8154bab74da2e10ae7f1b2ee659ef.jpg,e2e59d1e124b2b4b,OSM - J149 Jam Tangan LED Strap Rubber / Jam Digital / Jam Unisex / Arloji / Jam LED Persegi,3283040645,Phụ kiện thời trang
train_1020436726,1c06c998b3f8068e7c15614b7d2e7e43.jpg,bbc4d679840e8c6e,Jus Juice Cup Blender Portable Mata EMPAT / USB Blender Juicer / Alat Pembuat Jus [Gratis Bubble],4212107132,Điện tử
train_3196428079,65843b1a9b79e1ae2bfb7a89f86e998d.jpg,b9b9c686199b2d49,LED Watch [ Black Rose Gold ] Jam Tangan Digital Pria & Wanita - Strap Rubber,3101383649,Phụ kiện thời trang
train_310585191,72c90c9c7bacf4081faa83e600f64958.jpg,ffd4e023a323c26a,CR MB149 Mainan Anak Pagar Tenda Bayi 6 Sisi 10pcs Bola / Pagar Pengaman Bayi Pagar Bermain Baby Fen,1697829030,Mẹ & Bé
train_1877014636,960afd1e4315b5ae7f21b9329917c713.jpg,d6b0a9c3b817639c,MADU GIBRAN 4 FREE 2 (COD) | Madu Gibran | Vitamin Terlambat Bicara | Madu Anak GIbran | Madu Anak,2214168875,Sức khỏe
train_4146329680,182d9a998ec59ac30656d6ce606b7d95.jpg,e5ce92264d39e2e4,Earphone Handsfree Bluetooth Wireless Stereo dengan Mikrofon,2509591958,Điện tử
train_19491375,36d6ff6f729cf810d757007699e0dc42.jpg,bac836b1a4c3b6b8,Bonibol Cokelat Bola Toples isi 4 Toples @ 250 gram,785297015,Thực phẩm & Đồ uống
train_3525504278,e30db86669f5940ec460cbb8d877db87.jpg,e493db6cc9269361,RING LIGHT SELFIE LAMPU LED LAMP SELFI RINGLIGHT,2259957740,Nhà cửa & Đời sống
train_2679050144,c9f5319bf3c69e16f97aedcc2582aa7d.jpg,ab2d98e0c721bfd0,TOPI BAYI TOPI BAYI LAKI LAKI TOPI BAYI PEREMPUAN topi bayi newborn TOPI BAYI LUCU topi bayi laki,2843587555,Mẹ & Bé
train_440089241,726f8359c73d6e5ed3a8050af7bcb666.jpg,b3cdccc64c316633,Baju kurta Pakistan Toyobo original,3250698869,Thời trang
train_4111768875,79982b3a75ec3101c4efa5d25d8efa17.jpg,bf16c0a91b4e64b5,Sepatu Kickers Steven Pantofel Pria Formal Shoes Casual Pantopel Cowok Murah Kulit Swedian Kerja,750079332,Phụ kiện thời trang
train_1575495196,f6788058fda8a6f4688d823946f85d14.jpg,b0b3c30cce6d9a9a,Luwak White Koffie 3 Rasa Bag 10x20gr,1598362109,Phụ kiện thời trang
train_3760708431,9f56546e25897a9b9f16da8590da20c6.jpg,cddb934d460270bd,PAKET CREAM TABITA GLOW TRIAL ORIGINAL/TABITA TRAVEL(GLOW)kecil,1966793730,Sắc đẹp
train_579731665,ff8fe1b2a6c65a78b33f416c0dfaecb3.jpg,9c90337b67b2893c,"[PROMO] Kapsul Mujizat | Obat Asam Urat, Pegal Linu, Sakit Pinggang, Nyeri Sendi, Rematik",3087306003,Sức khỏe
train_3986225753,1a14357d2f992d58607f82381fd49ea3.jpg,eb8d1a2c718796f0,Gamepad single Usb M-Tech/stick laptop/stick pc/joystick,2909585470,Điện tử
train_1007193805,2c08012330aa599826ccc23148925782.jpg,95c56b6a32a42db9,ANTI CRACK REDMI 4A REDMI 4X REDMI 5 REDMI 5A REDMI 5 PLUS / ANTI CRACK FUZE BENING XIAOMI / AKRILIK,1815555102,Nhà cửa & Đời sống
train_98768622,0a506215c06edd2860b6881824eb35b7.jpg,b8b1c1ce4cc90f97,JAM TANGAN 8123 ANNIVERSARY JIMS HONEY,2043850607,Phụ kiện thời trang
train_2958646672,78382e584a9dc989934dbcd99cd49598.jpg,fb482b0b4c57c49b,PROMO Paket Lengkap Ringlight / Ring Light Make Up / Rias Pengantin / Studio / Selfie FREE HOLDER HP,2602085309,Điện tử
train_3748638690,499d937f699bd8d110e76ef8c16232be.jpg,dfad0dc12b562a52,Sugar Baby Perlak Bayi [90 x 60 CM] Organic Healthy Cot Sheet,997220911,Mẹ & Bé
train_2347365926,645a5045b0e2f6e121ee5b0164f8008d.jpg,b5371bc8c8c0ce1f,Cermin Bulat Karakter Kaca / Cermin Make Up Mini Travel Motif Kartun,3227121134,Nhà cửa & Đời sống
train_355892436,1a9f7db67feab65d25146b41eb7efa52.jpg,ee62859d9a5a4963,Sepatu Slip On Slavina TL111(POLOS),2797230249,Phụ kiện thời trang
train_709712465,7fab54d124736200122ecbbd0074e7c0.jpg,fad234e18d0d0ade,CARTER - Jumper Bayi Perempuan,3645608002,Mẹ & Bé
train_209819192,a078c53e42e6158aa7ba674f3c93b34d.jpg,bb97f703e818981c,Tas Wanita Import Jinjing Dan Selempang CHIBAO Mini CB7138 7138 Bordir Bahan Parasut - DS011,1996577230,Phụ kiện thời trang
train_1927779663,886fdc7cf54f6fca0385ca0719c34950.jpg,be6da1b10935b923,[AQ] Celemek Masak Anti Air / Apron Water Prov Karakter Hewan Lucu,520338796,Nhà cửa & Đời sống
train_2452559733,b912d2a4671620b7cf511a04a97e0bc1.jpg,e9c69624ce39cc93,DISPENSER AIR HOT AND NORMAL murah,3827053870,Nhà cửa & Đời sống
train_2029585826,71febf846a6091e46dd66cfa7ad3f0f8.jpg,e09a87c79a699966,\xef\xbc\x88FREE BOX Baterai\xef\xbc\x89JAM TANGAN PRIA IMPOR jamtangan Tahan air\xef\xbc\x88GROSIR BUY 10 GET1\xef\xbc\x89,2475641759,Phụ kiện thời trang
train_2608699197,53e36c4480c17287024bf2567bc76468.jpg,936c399668934e79,SAPU LANTAI NILLON SAPU NILON KHARISMA,2277954221,Nhà cửa & Đời sống
train_3360957046,fab6f4fef5570a25cb0ba15dee015885.jpg,b9b6c33c9f01b0c9,Perangkap Ikan Bubu Ikan Jaring Jala Pancingan Pancing Udang kepiting Payung Jebakan Ikan Fishing,3189320882,Nhà cửa & Đời sống
train_1699778889,0d916006dc8d290ab20273dd09e2694f.jpg,9f40604e39b6c8bf,Hanasui Naturgo LIGHTENING PEEL OFF MASK / Masker Hanasui / Peel Off Mask / Komedo,3962524495,Sắc đẹp
train_2354269215,aaa16df2f52bfe61eedcbffa5a7fce73.jpg,f34ab4a7a533ca48,Himalaya Neem Mask 100ml,3904189995,Sắc đẹp
train_46919072,cc73b73be5c5197736bcc5a4949ba8a7.jpg,9fe0a7e14770e00f,Penghapus Pensil Joyko Hitam Putih Kecil Sedamg Besar,1212903834,Nhà cửa & Đời sống
train_2054427851,710b17c3dfa5a764458b38b0b7b325dc.jpg,bec06373341b6ec1,Handsfree / Headset / Earphone SAMSUNG ORIGINAL INDONESIA 100%,3586500603,Điện tử
train_3976004106,c412c6f44b4729eb83d0e9bfbc7dd432.jpg,fa80a4fe7b0a129b,(BISA COD) PART 2 manset muslimah /manset baju /daleman muslimah/manset jersey premium,1534178715,Thời trang
train_4059999437,d7732baf92c93cdb221964b49dccc279.jpg,ba4b91e6c653c970,Sandal Slip On Karet Welcome Home Mpus,1236265227,Phụ kiện thời trang
train_4047390538,eec1bae032083683322f49cd801c337d.jpg,bc6dc38698e5329c,MORINAGA CHIL KID 1600gr Vanila Madu / chilkid gold 1600gr / chil kid reguler 1600gr,1873046912,Sức khỏe
train_1036373061,34b4aa697f4606fcf52ec74f53c9f246.jpg,dc132bece40552db,stopper mini,578575602,Mẹ & Bé
train_3597653600,89faa0e871b6de01cb9517641768a2b5.jpg,e187d2869cce3dc8,Parfum Garuda Lavina,2476861661,Sắc đẹp
train_3616034922,0433a8e9bee270cdf66f8dfa8c4ba977.jpg,ef53e0afd88c9640,JNV Piyama PP Satin EMBOS / Hembos - Baju Tidur Katun Saten Wanita Dewasa - Murah / Termurah,1933278346,Thời trang
train_1801916292,ed223362151dc3e5357a7943b9ab537a.jpg,9ce1ead4d21aa53c,\xe2\x99\xa5MO\xe2\x99\xa5 Sarung Tangan R46 Cuci Piring Dapur Sarung Tangan Pembersih Tahan Air,3170475874,Phụ kiện thời trang
train_2993518446,ae81f3d6d4c7371d51d71588627e8c26.jpg,a4bc4be44b9343ec,LIFE CAT SALMON 85 gram / MAKANAN KUICNG BASAH,3919462897,Thực phẩm & Đồ uống
train_3256916403,b36bd4319caedef75ba971edeb95148f.jpg,f227da8dd8892672,Mustela Stelatopia Emollient Cream 200ml,191411989,Sắc đẹp
train_27726943,b186676906b6a89cd0936d8b7f1fbd4a.jpg,ad90dee3c667841a,saver 2usb adaptor car charger mobil batok kepala mini lighter output,326632910,Điện tử
train_3582053311,6183ecd192fb04a9530b54d99478a0cd.jpg,b419cb96c6c5664d,SA Naturel Stretch Mark Minimizing Cream by Shandy Aulia,572085747,Sắc đẹp
train_2679822205,9f672c754b96f8619e94c314a1964664.jpg,bb636c932dc36c82,Tic Tac Snack 90gr,2465859858,Thực phẩm & Đồ uống
train_3432541273,e68bced3475bc8237d0c6999f799cdce.jpg,a955d50aca2d2d76,Kaca Helm Bogo Dewasa YOIHO,1866498400,Nhà cửa & Đời sống
train_2387135261,eb3c7184f0c60cfbbc4350250dd52f17.jpg,e686a7698ce69aa4,MAMABEAR TEH PELANCAR ASI 60 GR(20 TEA BAGS),1088754866,Thực phẩm & Đồ uống
train_143810349,258a9fbbb89bd2cd81ff6d6aaac368e2.jpg,b32ccc737320c6c7,Cussons Lotion 100gr Cream Anti Nyamuk Moscare Natural Skin Protection / Cusson,2498046981,Sắc đẹp
train_1989131290,d5604df68295977f41fcee6fbd00b7d1.jpg,e19ad3192c67969c,Kaos Anak Lion King Perempuan Laki Laki,3063837453,Mẹ & Bé
train_2972455435,64c4f4adbb0a5e16e50f02820d066548.jpg,ea91914e962fb169,Mosquito Killer Lamp Purple Vortex/Lampu Pembunuh Nyamuk Aman Nyaman,1083330713,Nhà cửa & Đời sống
train_2727496353,49ec1baa3c5234c4ab78cae14828b9b1.jpg,b93e86c1613e3a69,Kipas Genggam / Kipas Angin Portable / Kipas Tangan Lipat / Handfan / Mini Fan / Kipas Minifan,2653319346,Phụ kiện thời trang
train_1712594148,c3c6e49c9ec4b9992ef264ba1ed6dbf0.jpg,c6b8b8a6b146f44e,NIANA DRESS // VINARA MAXI DRESS // ZEMA ETNIK HOMEYDRESS,531894828,Thời trang
train_3711756310,f1955ecdf8de4cdfd6ecee20d747febb.jpg,bb1be40ef1031d93,MONALISA ~ SLIMMING SUIT ~ BAJU PELANGSING dengan INFRA RED,220504063,Thời trang
train_1308692960,fb55ba580c391cbd98ffbd0ef1669aea.jpg,e08b873c78e2ceb1,Dijual Tablet Pembersih Mesin Cuci isi 12 - Washer Deep Cleaning / Waching Machine,1993411799,Sức khỏe
train_3154987767,fe38bb7d175b46c41b465486e14ee8db.jpg,9ed9291da7867186,(ORIGINAL) MIRAEL Sugar Waxing Kit Sugar Wax Hair Removal Penghilang Pencukur cukur cabut Bulu,2260370623,Sắc đẹp
train_3582068839,a6e37c218f6676439ea1e82e9433fa8c.jpg,e161969a7921c6e7,Termostat / Thermostat Digital AC 220V XH-W3001,710702403,Phụ kiện thời trang
train_3712575369,772b8f351432e77287de7c26b3bc889d.jpg,f635191a6b6f014e,Gamis Anak Tanggung,1244468742,Thời trang
train_4270145275,2cd540e8c1810d1d1aaf3d73b8116cdc.jpg,fad28daa2ad05595,Perlak Bayi Sugar Baby (Alas Ompol Waterproof Untuk bayi) Kado Kelahiran Baby newborn,997220911,Mẹ & Bé
train_4200248893,cf23ef91877f0a58a4be4216352765a9.jpg,fc8c568c4623eae9,GARNIER Micellar Water Biru Pink Putih - 400ml,2761022735,Điện tử
train_1654290754,6400efc966ef85774ff4626045ff6e22.jpg,f465abb6c692d811,Sepatu Cewek Wanita Casual Kickers Dinas Kerja Kuliah Perawat Dokter Suster Hitam Mewah,2287542993,Phụ kiện thời trang
train_2251804917,cd89ef5f934de281ef9dc0694a0a6b0d.jpg,bdc0873bc09d9c78,Bra Fashion Wanita Bra wanita Murah BH Busa Tipis Tanpa Kawat / MULTICOLOR / RENDA / XIANG CAO 102,1815525994,Thời trang
train_741479454,953c1f6ce598b86f10c4fbac0a113777.jpg,b2bc18bc39b83746,Colgate Plax Freshmint Mouthwash/Obat Kumur 250 ml,750789077,Sức khỏe
train_970708776,1df4adb8f886f88fe96df92ccb95aa42.jpg,930f4a6b3dd83b06,Reel Pancing Fugu Aojiro 1000/2000/3000/4000/6000 Japan,2858826238,Nhà cửa & Đời sống
train_2872490186,711b9940a0d492f8e29d9502e3471d95.jpg,ba36c5c9ea359452,Pisau Silet Cutter Catter Karter Kecil Joyko Kenko A-300,355303141,Nhà cửa & Đời sống
train_1097645154,9e5b0e5aa961a8eee994cd18763238a5.jpg,b399cc6496339936,Correction Tape Joyko CT522,1963142010,Nhà cửa & Đời sống
train_2753534142,45a51f4aba1398574d11c1d2c30eb02e.jpg,ceb1e19f66102d1d,Baju Koko Pria Gus Azmi Syubbanul Muslimin Kombinasi Hadroh Azzahir Hilw HO187 KEMEJA KOKO PRIA BAJU,1918908464,Thời trang
train_3470806357,5e4f9eef7a040624b1f137a86036a7e3.jpg,b6f3c32c4c989963,"SALEP KL / SALEP HL / SALEP PI KANG WANG (SALEP GATAL, EKSIM,KUDIS)",3441184770,Sức khỏe
train_2949975968,88547e7eecb92c6be2e053edfdc5f186.jpg,81757e497c32760d,NUTRINIDRINK POWDER 400 GRAM,899136538,Thực phẩm & Đồ uống
train_3841419866,7b6f76f62a0357c45e7c74739aaa1f95.jpg,bb70c187ce989993,cl 1 Pasang Kaos Kaki Ankle Bahan Serat Bambu untuk  / Wanita,3019954661,Thời trang
train_1419977018,433155e1bdfb04de598c0f029eee2c87.jpg,e6cdd916cc263326,JUBAH ARABI - Pakaian Muslim Gamis Pria Lengan Pendek Al-Isra,2142378653,Thời trang
train_1401881074,2772b2a82efe302650550ca79b547979.jpg,ade4e12d9a63962a,Rak jemuran Gantungan Pakaian Lipat Px08/ Stand Hanger FOLDING jemuran menara baby anak kecil,2625785545,Nhà cửa & Đời sống
train_58793206,aeada39c61acb004ad29b0cd5549dcc2.jpg,db7f8000e6e0b2f6,Dompet Kartu 6 Slot Tempat Credit Card Case ATM Debit KTP Member 9055,2687850690,Phụ kiện thời trang
train_3721448969,709b9810ab903bd3a3e2007001bfc4d0.jpg,e631999a89ce6731,Mascara Wand/spoolie/sisir bulu mata/kuas/sikat eyelash extension bulu mata,3346181780,Sức khỏe
train_989692481,2969cc9fedb213d4fbcc7ac46beced10.jpg,9f0fe0e2a2159de1,Kotak Softlens DORAEMON BULAT / Tempat Wadah Soflens / Tempat Softlens Karakter,3645982713,Nhà cửa & Đời sống
train_3947390820,7eb0723128c946df2d0669816bdf9492.jpg,ecf89387871a9670,[READY] ONE STEP HAIR DRYER AND STYLER HOT AIR BRUSH (SISIR PENGERING RAMBUT 3IN1),2285573787,Sắc đẹp
train_1369918853,a77d5dc65aca1ac68cf2a40e566e74ab.jpg,f4451a62c73de11e,Sabun QM Lightening Soap BPOM,123385121,Sắc đẹp
train_2250132017,af0b3779ece60c1589ec8bb6f510babb.jpg,909b7f336ce0e80d,Stick Glow In The Dark / Gelang Stik Glow Colorful Nyala dalam Gelap,1257427351,Phụ kiện thời trang
train_1624853001,7236affd6a70f5dd4e776926d981a1d1.jpg,a38ff178ce970c42,BAJU TIDUR PIYAMA DEWASA PDK SETELAN PENDEK KATUN DORAEMON,2706567003,Thời trang
train_65654720,0f5035b4455748e35dbb849f237f4d76.jpg,f4be4f04ec28d919,[ ORIGINAL NAZILLA ] Jilbab Khimar Aisyah M Ori Nazilla,2594065762,Thời trang
train_3008317453,14a5eed14eaeb0ad1d1b46df7de60486.jpg,aba1d41ec16fe4c8,Cover Motor Urban Sarung Motor Matic Bebek Vario Mio Beat Supra Scoopy,2820713094,Nhà cửa & Đời sống
train_1897331336,5cc10e78599e164f51bcfd54367ce000.jpg,e59e9a7999649660,MORYMONY TAS YUKA - Tas Ransel Backpack Korea Fashion (Bisa Ransel Bisa Selempang),2401981101,Phụ kiện thời trang
train_2450277487,1c9f34cacea6181c79dd21a40f8a6605.jpg,b3f1ce0cc43333e1,Philips Avent Botol Susu Classic Plus Twin Pack 260ml (isi 2),3369236656,Thực phẩm & Đồ uống
train_3936687428,57a0642c8aeb5e04c2136ca067ef6809.jpg,c8e43593874b4f3a,Juara Snack - Keripik Singkong TES 500gr,4089882606,Thực phẩm & Đồ uống
train_2571266617,3442fda64d2906757c1eb6eb55709a6a.jpg,be85853ac50f856e,PULPEN ZEBRA KOKORO GEL 0.5 ORIGINAL,1695363826,Thời trang
train_3684046225,f85202223e25f84a27d49f2a823c15c2.jpg,af84f0cb1fa4f016,Mendidik Anak Laki-laki ORIGINAL - Penerbit Aqwam,505860016,Mẹ & Bé
train_3379287396,61123d2d8863e5fc12b59929d5754186.jpg,bf10092fc61ef037,Kc. 5Pcs Alat Pembersih Kotoran Telinga Bentuk Spiral Bahan Stainless Steel dengan Kotak,2633817001,Nhà cửa & Đời sống
train_3693573145,e3fceded6964b4fdb094301f77afbe80.jpg,bfc1c03c270f2fc1,LAKBAN YATTA TAPE BENING DAN COKLAT 45MM 72 YARD 50 MIC,1991476213,Nhà cửa & Đời sống
train_1176820784,2dabbd7f12c9c8f663d149344c231edd.jpg,b71c9d17c363e0e0,Wardah Lightening BB Cream,1765818203,Sắc đẹp
train_837513604,34335882f21c7413a32c802731fc6bc1.jpg,ea9885471af8e387,DISCOUNT - SEPATU SNEAKERS PRIA KOREA IMPORT PREMIUM (FREE KOTAK & KAOSKAKI) - SHG043,2989373813,Phụ kiện thời trang
train_3889949936,701ef7ce3c4b7ad32d1a77635161cff4.jpg,af95c07ac3691d4a,Dompet pendek pria lipat 3 fuerdanni,1713520364,Phụ kiện thời trang
train_4144729182,2df613f337b6749970179f86fb5c2fda.jpg,be3ba123276cda90,Spons Blender Telur Gucl/Spons Make Up/Spons Muka/beauty Blender/ Makeup Bebas Latex/ Spons Kosmetik B1265,2804467266,Sắc đẹp
train_831555130,db80975d0251a1249833cff2cb83264a.jpg,af916e946a95b162,"Unit Rak Dinding/ Rak Dekorasi 60x70 cm, putih serbaguna LRBRG",499316216,Phụ kiện thời trang
train_1390802240,8f9b32a83b90f0c6645b16359a49019a.jpg,ea9c8563cc3d9368,Joyseus Earphone Large Square Storage Case Bag Waterproof EVA PU Material,2295294587,Phụ kiện thời trang
train_855646448,902dfc3b091e09ba6c83abf7fab5b043.jpg,a9a5a8ad45aad59a,Bakso sapi essem super polos,1054236580,Thời trang
train_2181764184,1d5383e8d29fd9b1013e46ffce75c47c.jpg,a919d0e72e948b1f,iGlove Touch Screen Smartphones Iphone Sarung Tangan Motor HP Android,3102159163,Phụ kiện thời trang
train_3341165040,1dab201966404bc62a46aba04f8efdb4.jpg,b63e99998c26e293,Tripod Portable Tefeng TF-3110 Panjang 1 Meter Ringan,2457457611,Điện tử
train_58574564,addc5ca31c1c13daa719677006bdbf22.jpg,c59b426f08fe836a,Matte Clear Soft TPU Edge Hard Plastic Back Case IPhone 6 6S 7 8 11 Plus X MAX XR Silicone Cover,59413042,Điện tử
train_2476542077,15ca614ad7429f0ae25ddc29476e7b62.jpg,ed94924b95654bb4,Bucket Hat Kanvas Polos FANTA I Bucket Hat Kpop I Bucket Hat,821474700,Gia dụng
train_3097713372,dfceed0842c3308f5d7b7fbe4521c667.jpg,ba33350778d887b4,OTG non kabel,612013449,Điện tử
train_3820774890,87c390314c194430f002441cbed32ec8.jpg,af871e8960f2c13b,Emina Masquerade Face Mask Rice 23 g [SLO],2108322384,Sắc đẹp
train_2917234304,32a36c20fb3c58130b0a870f50b2a46f.jpg,b331cc3388cece99,ST. Ives Acne Control Apricot Scrub 170gr,1393385481,Sắc đẹp
train_1435982688,7dca66298aad963fc1d8e207b2a17cfe.jpg,aa8a9d9c9d8c8d9c,OSM - K376 (N - Z) Kalung Huruf Stainless / Fashion Style / Set Perhiasan Wanita,3901457261,Phụ kiện thời trang
train_2188207532,c9f66d1361a4f738b5b05c805a503838.jpg,e4a952ad69179a6c,Citra Green Tea Anti Acne Face Moisturizer 40gr 100 % ORIGINAL,2176043810,Sắc đẹp
train_396267439,ba4ca85f3621eabe06ece82881379bc7.jpg,eadb3afc85250187,Baju Bayi 1 Pc Jumper Pendek / Jumper Panjang / Romper - PCS1214,3645608002,Mẹ & Bé
train_1185179339,7fd17aad145100a27e00ad16e14ab6ad.jpg,b9289693c24fe437,TOOTHBRUSH HOLDER TEMPAT SIKAT GIGI TEMPEL LADYBUG BRUSH HOLDER,705729218,Điện tử
train_3566206531,992659f5206e91ad1789010c640e40c3.jpg,ff608ca0e28de4f2,HOVELSHOP Tas Kosmetik Korea Travel Bag Organizer Multifungsi,1010522046,Phụ kiện thời trang
train_2805806584,a654896b01627066d6da3886f4013685.jpg,ed929072b32d936c,MUKENA ANAK UNICORN PINK (TAS SEJADAH),420878019,Phụ kiện thời trang
train_2297133720,9448cff82c3eaa514e68457e67506323.jpg,eec7811c9e316873,KZ Case High Quality EVA Bag untuk Earphone IEM Earbud Earpods Storage Pouch,4136779221,Phụ kiện thời trang
train_2875985236,fa9372341d46a7bb82d23c37f11fa56e.jpg,ce1de42abfc091b1,Hanasui egg white masker putih telur peel off,32960388,Nhà cửa & Đời sống
train_2376300347,2e0f518c22c28d379223568cfe30965f.jpg,fb85c4959564954b,KINTAKUN Sprei 120x200 motif Aalborg Fiji Unicorn Celestia Rockstar Abel Albany Kezia- 120 Single SP,2235227223,Nhà cửa & Đời sống
train_1096810250,6a9a60fa58eabfd7ff473d1bc103d1ee.jpg,bab6854bc09c3673,Mainan kasir kasiran cash register mini,1679308428,Mẹ & Bé
train_1093276225,7ca40100175690823f01127be4b884f5.jpg,d1beb04971b529cc,Adem Sari Ching ku Botol 350ml,3369871131,Nhà cửa & Đời sống
train_4037292681,93ada954a2b289c14e6ad5be10e42694.jpg,e124c9cfb6d1d342,Koko Anak Turki Ecer dan Grosir 1-7 Tahun,2111500135,Mẹ & Bé
train_2608507645,d19fd2bfe3d0f7a09588bfd61634b4df.jpg,bc96c349c36cc6e4,Maspion Maxim Ultra Grill 25 cm / Wajan Panggangan Bahan Teflon 25cm,1513043749,Gia dụng
train_1506381466,bc3fb4f61cc2e9ccfec671387a3ad9d1.jpg,b8dce4d8201b37dc,Kaos polos lengan pendek [real pict!!!],1191459008,Thời trang
train_2846404271,7b5d9939d03e2d2ae316f967f1ab3d15.jpg,cb95da55a4a5b44a,\xe2\x9a\xab\xef\xb8\x8f Alat cukur Pencukur Alis / Pisau Alis Tinkle,2256121048,Nhà cửa & Đời sống
train_1187084861,4a2a616a4b78cc35d6f882273775b947.jpg,ea819d7ee00a339d,Dazzling white instant teeth whitening gel pen peroksida pemutih gigi instant,1809363506,Thời trang
train_959253242,760f774dcdd2dfe7a2fcae4fc9b95816.jpg,95283f922e3c2b9b,Cermin LED Makeup Kaca Rias Double Sided,3314562999,Sắc đẹp
train_875862443,2ef9f93710f11b99ded05118e7eecb32.jpg,a703af35a4ec94ac,Bawang Putih Kating Bersih Pretelan Kualitas Super LY Aja 500 Gram,4003277752,Phụ kiện thời trang
train_894526102,1b135fd3746664e4ddd4edd465514ca6.jpg,806d6a6e7e6e7c08,FREE ONGKIR !! || PROMO HARI INI || VITAMIN C KIMIA FARMA,1014849774,Sức khỏe
train_1544929110,948adf0aae4eaeed5eee789701d2acfa.jpg,d0fac3c7c383328b,Bubble Tapioka Bobatee 1kg,3721047951,Sức khỏe
train_882208607,154761cbd55b835c8c5cea66f4837ce9.jpg,f8d6a4a187e4e439,Vitamin Rambut Elips /Elips Hair Vitamin Blister isi 6,2838788803,Sức khỏe
train_3724076800,3c3ea9d5462d139908bfe86c06ead98f.jpg,f4d3cb24a46d84f8,MASKER OXFORD MASKER TALI SAMBUNG PUTUS,3800445786,Sắc đẹp
train_1210290340,b41041433e9d7900c927fbd1146f3240.jpg,fb61c2951f5cd818,Topi Atas Bolong Topi Lari Tenis Golf Olahraga Outdoor Unisex SPORT 03,831055515,Phụ kiện thời trang
train_225044743,604e5bc652f85129e87b327ea6fd2348.jpg,c00219cd693f96fe,PROMO!!! Jilbab Instan Siria Series 1Slup Crepe High Quality Antem tammia Rempel Depan Praktis kerja,3513398405,Nhà cửa & Đời sống
train_3954996680,2ebe248e2bb9d4cd75e69074a8f00f3e.jpg,de0fe1b0a11c6dc3,Gel Pad Nano Technology GelPad Phone Holder SerbaGuna,1515647204,Phụ kiện thời trang
train_326371582,f14ffa1763bb6c482831b03ae4f12c7c.jpg,8151e7c24bd6ab74,Buku Cerita Bergambar Seri Balita pintar dan muslim Paud colour,1375664237,Mẹ & Bé
train_1275191373,96ba5a201604a0d94bc0b8b403dc8f4f.jpg,be32a565c0dc3c69,Jubah Bordir Anak Set Usia 2-7 Tahun,1835033137,Mẹ & Bé
train_853246735,0f06e38b76cbe470f803349451ff43ae.jpg,d2335cccccfc3131,"b""ORIGINAL L'Oreal Paris Revitalift Micronized Centella Essence Water Loreal 130 ML""",3189180703,Điện tử
train_3343934633,bea2c92dd7c1e9331ac7d038752a5be4.jpg,ec42931b6d24d63e,Car Holder HP Bunga Flexible Universal Gekko VIP Stand Holder HP Flower,452508504,Điện tử
train_1921451175,3f80660f6968dea36ae601d49e299ebf.jpg,8d1e69db96f2a085,TAS IMPORT JAKARTA DOCTOR ANYAM DIAMOND JELLY MATTE DAYD22D FREE BONEKA DAN SYAL,2744918833,Phụ kiện thời trang
train_1550472148,72cc94bfeb7f195229e85a874ff214f3.jpg,eee29134919de12e,\xe2\x9d\xa4\xef\xb8\x8fTOKO SP\xe2\x9d\xa4\xef\xb8\x8f ACNOL LOTION 10ML / OBAT JERAWAT ACNOL / ACNOL LOTION FOR ACNE 10ML,1746655739,Sắc đẹp
train_3598878838,866f4047986cd93b3554c5eee2c99c2e.jpg,ed869b39922bc51c,Dot bayi BPA FREE size L / baby nipple perilastic,1306578136,Mẹ & Bé
train_4100561638,eaf617dec4cb15183c16f1792f35b631.jpg,a61949f6a5641b97,SABUN DOSTING WHITENING BPOM | SABUN DOSTING KUNING NATURAL ORIGINAL | SABUN PEMUTIH,2475969854,Sắc đẹp
train_562608471,4bf959e2823f4428c6e25e9557c386a2.jpg,a79d0cb60ecc23cb,Garnier Light Complete Booster Serum 30 ml,650812621,Sắc đẹp
train_2355079296,be2451e3f840dffcd64e43a5e2eca344.jpg,eae990b566489b33,Milo Choco Bar Cokelat 15 Gram,2808351940,Thực phẩm & Đồ uống
train_1355783793,63b611283969baea9444e5afad124a6b.jpg,bf58c366b183cc94,Lampu Taman Lampu Solar 30 Led Lampu Tenaga Surya Murah,555070786,Nhà cửa & Đời sống
train_2379337133,cb9f1664bca40bbf772fef86d367eb24.jpg,9f9fa0f0d8461d0d,Lazy Neck Phone Holder Lazy Pod MODEL JEPIT,1470646027,Điện tử
train_2673730155,fa628de70563c42926c2da46768afff3.jpg,8e86f0a59869f39a,Spuit Alat Hias Kue 8 in 1 Suntikan Cake Decoration Set Peralatan Hias Kue Hias Tart Kue Kering Unik,2354234256,Nhà cửa & Đời sống
train_522982411,4e490c6c74fda61561b6bc420bd72f0e.jpg,bb4adbd859a6a4a0,Kurta Pakistan Pria - Atasan Muslim Pria,1367471899,Phụ kiện thời trang
train_1845892823,e399d702a95a8b9fe691280a9ae07a90.jpg,a87b9a968527e5a1,1pc Holder Helm Full Face Untuk Dji Hero 8/7/5 Motor,1746993187,Điện tử
train_3290275854,29e36d74db7c0ce851955253730ff1ec.jpg,eeb1e03ba40f326c,Enblanc baby wipes tissue basah bayi tisue korea LAV,713416067,Mẹ & Bé
train_4172556635,22fbd1ca647d9059dea264a8809abfdf.jpg,edb48d96921292bb,ROCKET CROSS Kaos polos kancing henley bahan katun,803882194,Thời trang
train_4131874013,b18ed44932f4ae46b5e258721b7628b5.jpg,caf3e7909c5b0cc1,Sapu Pengki Set / Sapu dan Pengki Mini Set / Mini Dustpan,424835120,Phụ kiện thời trang
train_946312203,303737bd57a9753ca693bdb05a987640.jpg,fac6b562c6b14a25,KIRANA SET Ori SOFIYA HIJAB,3123453722,Thời trang
train_2504376116,7160929a511778429493d727ad7317d8.jpg,fbe81578c4961e64,Handguard tulang stang protaper/acerbis buat klx/trail/xabre/vixion/nmax/xmax,349638083,Nhà cửa & Đời sống
train_1651221736,4da49a6a2bd982ba1b682e21bcf759da.jpg,9aa5ea3c4e1ba3c1,"b""Jumper bayi 5in1 carter's b;uefly lengan pendek TERMURAH!! JUMPER BAYI (SNI) 1 pack = 5 pcs""",2526641932,Mẹ & Bé
train_3208068967,94668aafa5ef19b8cf33acd204080339.jpg,a70f07078d72d8f2,JULIUS jam tangan wanita mode mungil berlian tahan air JA-755,3768552290,Phụ kiện thời trang
train_3087797817,47761d12a29157a1db891ee8582238af.jpg,acc9c36db4949687,Wardah Nature Daily Sheet Mask Green Tea 20 ml / masker wajah [SLO],1887467014,Thực phẩm & Đồ uống
train_1723270005,e37c5f49d49406c146c12c983b487ace.jpg,bf18d1f4d47c9403,Sarung Lengan Tangan Tatto - Manset tangan Motif Tatto,2926204798,Phụ kiện thời trang
train_205024809,864422f206c4962ec1c3d55ad9ab957d.jpg,ffc0803fab80aeaa,Shuttlecock/kok Dakota Bagus Murah,1487974851,Phụ kiện thời trang
train_1331043142,8349b86d24cc90e43fd2690de8974193.jpg,dba505a77447d832,ST.IVES GLOWING APRICOT SHEET MASK / MASKER WAJAH,2558401176,Sắc đẹp
train_2642006627,7e403c1d26df3454dd3a75ffac0ac904.jpg,a58f0f0f2d7078f0,D51 Obat Pembersih Jamur Kaca Mobil Cairan Penghilang Kerak Serbaguna,4012802395,Phụ kiện thời trang
train_3040946603,c02f7010700789ef426d39427dd48a5c.jpg,fa7ad0d087078787,Teether Mainan Gigitan Bayi baby Safe TT001 TT002 TT003 TT004 TT005,2543427432,Mẹ & Bé
train_8559025,570e563ad18c28e191bc36b2b7865fe4.jpg,ebe133e4cd1f9024,PEPSODENT HERBAL ACTION 123 190 Gram,2725454200,Sức khỏe
train_20366384,5da7ba6a741fd2c7b943b407be6c2ac7.jpg,b9b161b806c7ce2d,OTG Kit Mini USB Type C POLOS - Converter USB Tipe C - Mini Adapter Smart Connection,3335711423,Điện tử
train_3747996943,61ade7be9f70b1017d7482a8e0f7b3b4.jpg,fa7896a1919545d6,[G04] Kacamata safety Goggle / Kaca Mata Corona Premium,2929113351,Phụ kiện thời trang
train_1186336765,d66a99c3aa87029fce730ffc8b230e53.jpg,f39c8c6366729964,EMINA Grapeseed Olive Face Mask 60 ml,3737606129,Sắc đẹp
train_831012216,04600c7612a6e1790ee318d0d4f78384.jpg,eb4a94a51e72d94c,Sandal Anak Perempuan Shimmer & Shine SNS-JLT05,3001408302,Phụ kiện thời trang
train_1298274482,2f397108370676e8ce60a7b4a2f1c435.jpg,bf97c0604a3b2d17,Tas Selempang Waistbag Pria Wanita,1237550763,Phụ kiện thời trang
train_3647157621,ea4a876de79c65a82988a50ae60cf71d.jpg,ba8c8695d9d2f162,"bando tv tabung, lcd,led karakter.. untuk tv19inc-32inc",540189442,Nhà cửa & Đời sống
train_2545604579,9a110a9290f584abbddd7acb48c03c6c.jpg,ff1de05ca154826b,Mobil Aki Mainan Anak PMB 5688 Moraine,1055892095,Mẹ & Bé
train_531798208,9800b8a964045ffcdb60a4788b20bece.jpg,bd14c26ba19a3ef0,Lemari Baju Motif 105 Bongkar Pasang Buka Samping,907296127,Thời trang
train_2117549226,315aa536b554ce65358a18d6323777e7.jpg,af96d0781d6552c3,NICOLE  SEPATU KELSEY GS102,472964117,Phụ kiện thời trang
train_1933387343,12809b06c2dd3987f82e39fa4539bf80.jpg,fa8413cc8d17ec47,COD / MOS Sepatu Olahraga Wanita Sneakers versi Korea Sepatu Cewek trendy  Sepatu Sport SW9811,2465848132,Phụ kiện thời trang
train_2595608300,0469adcd80163d0524994037fea91945.jpg,bce0c31f5a3a1ce1,Celana Dalam / CD Asli Sorex Super Soft 1257 Model Mini,100304050,Thời trang
train_1521625627,69ecb704e7ce71422ecbbaed2c74db61.jpg,fb2e4621714e96b1,Madu Maag Obat Asam Lambung Obat Maag Madu Lambung Obat Lambung Magastrol Forte,2684150012,Sức khỏe
train_1306906524,a6ebb9ceae1626924d5cc2ab7dda645b.jpg,eed0944e3ac0c7b9,Kurma Ajwa Jumbo XL Super Besar Nabi Rosul Premium Madinah,3158260736,Thực phẩm & Đồ uống
train_3123142715,ff08be1008438fd612f897d6f592725e.jpg,e596ce89d8879a70,Ertos Serum niacinamide plus,315481361,Sắc đẹp
train_2594118898,896f438cd934a0ed1b8c5f8435ec6068.jpg,e4679b9830676674,Acnes Washing Bar 80gr,1650317636,Sắc đẹp
train_1946229607,303b9460ebc11790157a7adeeaa7ea2a.jpg,b396c1639c19cdc3,Rattle Donat Bayi/ Mainan Bayi,220186114,Mẹ & Bé
train_3914586021,34425c1c7906073a3ffe3b23f66ca173.jpg,bbb08d633d86928d,360 CASE FULL SOFTCASE IPHONE 7 8  7+ 8+,937802694,Điện tử
train_1073345113,a472a0dc36654ceb7d70f2d1cfd4c178.jpg,dba4cc7c33230adc,Headset Bluetooth JBL Magnetic Sport HF Handsfree Earphone JBL Magnet,1744240905,Điện tử
train_2894171037,31d91e85be488daa22f44f9526c20edf.jpg,ecd3932c92a56c4b,ENGRAVE IT / ALAT UKIR / PULPEN UKIR ELEKTRIK,934827064,Nhà cửa & Đời sống
train_3297816647,007d97e52d6da9ed8fc0eeb8cf4aab84.jpg,f92dd296a07829da,HHG Kacamata Thug Life Double Mosaic Sunglasses Kaca mata Hitam Wanita Pria Unisex Import,371502910,Phụ kiện thời trang
train_316445972,50390f430117decb9f122b7d3563f70f.jpg,a15b1e7433f1c9c8,Haylou GT1 TWS Wireless Earphone Bluetooth 5.0 Touch Control,773944833,Điện tử
train_2254527140,3bdd7c642bacc512b402aaced8ed8b06.jpg,e58a9b6472636e07,[Wholesale-Acc] Korean Easy Travel Bag foldable Tas travel hand carry Koper Lipat,1059567621,Phụ kiện thời trang
train_3216024877,5d4dda7ed62e92c83edacdd189c9fb1b.jpg,d6a2a93cad9e5a81,Sarung Tangan Cuci Piring Korea Sikat Cuci Piring Sarung Tangan Silikon Silicon Dishwashing Gloves,2964076520,Phụ kiện thời trang
train_3659039677,e30635992410ad11b51c03113f4c0209.jpg,895494a3e61cbf6a,SET HBO 4 IN 1(rak tas+rak sepatu+rak hijab/jilbab+rak kosmetik),3166170968,Nhà cửa & Đời sống
train_3424106526,30226faaaba393e44e1bbc3db61c7881.jpg,fa9585627a8d6934,Monde Milk Marie 125gr,3788331982,Thực phẩm & Đồ uống
train_2589156613,2fe996c622d50f8a049f1fe11a8bdfc0.jpg,b81c09c366354eef,Obat Stres Ikan Hobie Fishes Isi 10 Kaplet Obat Ikan Hilang Nafsu Makan,3785800752,Sức khỏe
train_18130084,41bdf82eeec778e70991297639a859cc.jpg,be49e6b459467318,Pashmina Turkish Heavy Chiffon WMD (Part 1),3729890874,Mẹ & Bé
train_2034763060,837a6217e8f9c723f0a6043f3431ce96.jpg,b33332ccccccc633,Kuas Masker 051 Bening,1251645465,Nhà cửa & Đời sống
train_1048792557,c600c119861656fa104568e64849e47a.jpg,f3c64c9991d61aa9,Cream lipatan,3855092404,Sắc đẹp
train_3793072161,be2ad1a24a9314ae5558d37d5d102e7c.jpg,90cc30c99fd3e8cd,Vidoran Xmart 1+ Madu 1000gr,651301341,Sức khỏe
train_2424255770,5139e657ac1565ddcb0655efd9cdfd39.jpg,e5c63919cc6693cc,SG FISH MINERAL TABLET PLUS VITAMIN C isi 40 tablet garam ikan,3853564218,Sức khỏe
train_2025061578,b106fafd3059190c85f1867e64ef1da0.jpg,9fc6f0f0c6b1f030,\xe3\x80\x90Bayar Di Tempat\xe3\x80\x91HANDAIYAN Makeup Lipstik Matte Tahan Air Tahan Lama,3215053587,Sắc đẹp
train_3025571730,b1307e3007f56aff7923f3a8b79576ca.jpg,e2c5950e7a308bf3,THE SANDALS RAD 508 CREAM,927598871,Phụ kiện thời trang
train_789691321,234ab3f40dec8d163a72de3b3854d4da.jpg,bee2c1c391ac6599,BREYLEE Serum Perawatan Wajah Mengurangi Bekas Jerawat Mengecilkan Pori,3001123709,Sắc đẹp
train_3411347209,beaf01ac41449b409789129c75452906.jpg,a2f50dc83d4a723d,\xe2\x9d\xa4\xef\xb8\x8fSAFI\xe2\x9d\xa4\xef\xb8\x8fAge Defy Cream Cleanser Deep Moisturizer 150 ml,571550607,Sắc đẹp
train_2710511017,476839842027ec5e1310450f278bc295.jpg,8b0430cfd35bda6a,"Tatakan, kaki 4 kompor Rinnai 522 c dll",1690930588,Gia dụng
train_1105386091,5bef12b166dc559d8b4dea1ce17a313e.jpg,e9c997bc91b48526,SP.SEPATU PRIA Xv (39-43),1508883541,Phụ kiện thời trang
train_160534059,40322ef23f085c2e5905bc7f56d315f5.jpg,afc225f36663180f,Pigeon Dot Nipple Comapct Powder Cream Cologne Hair Lotion Shampoo MagMag Wash 2in1,1306578136,Mẹ & Bé
train_2456148906,8a16fca40ffd1e5e4a4b359acc9aecce.jpg,94cae2921faf42e9,Rak Dinding 2 Pintu,2959670655,Nhà cửa & Đời sống
train_2640454826,13b6c3a7fcce85e72e16f9fd7ce158d3.jpg,def6e14b4a398885,TAS SELEMPANG WANITA TF3048 L182 T1575 Q2600 D12042 TAS HANDBAG TERMURAH TASFASHION10 TAS FASHION,2050565864,Phụ kiện thời trang
train_1617184465,09561b842daef385636ead89177af1a0.jpg,a1dde3386e8f6051,[ECER CREAM MALAM KECIL] CREAM KRIM HN ORI ORIGINAL ASLI 100% TANGAN PERTAMA 15 GR 15 GRAM 15GRAM,2459323567,Phụ kiện thời trang
train_3451730997,d7005ecc2fc0df49950f2e389af1fe88.jpg,fac8e18fa3c08ed2,Sandal Teplek Kokop Kerut,1729557206,Phụ kiện thời trang
train_244652740,cc5416987c3449936e18d38fec93059b.jpg,f364cc333332cccc,[ EB ] Forever 21 FVR 21 Women Claasic Legging Celana,1074678405,Thời trang
train_3688157200,eefc36d3ccbb436f10e9629651e455cd.jpg,e5679a1a9cc41b9c,ALAT CUKUR RAMBUT KUMIS JENGGOT DAN BULU HIDUNG SONAR SN-5802,294998300,Sắc đẹp
train_3266693272,086b1708c2ace7526c7b758f2ba643ec.jpg,beabd1d4ae4cc902,Puzzle Petak Kayu 3D Animal Mainan Edukasi Anak CherryBabyKidsShop LC,2911646536,Mẹ & Bé
train_1786645483,058b79db614c524ff790ac3722bc18ef.jpg,84563f696135c79a,Jam Tangan Wanita Sporty Baby-G BGA110 Crono Hiasan,777596345,Phụ kiện thời trang
train_964863856,27a805a3f09f52abdc06c063a08e2803.jpg,c9f1950fb80ff842,Baju Gamis Set Khimar + Koko Wenela Couple Outfit Pasangan Muslim Syari Terlaris,224611800,Thời trang
train_3402391379,9e21d29b5aa609fd58947c05c18d6275.jpg,955f5fd340e8e484,Masker Wajah Mengakan DIY Kuas Rias Kosmetik Lembut 847,32403559,Sắc đẹp
train_560686145,633cd32da699ed6246038d4ec22fd2ec.jpg,ae3f641f29c03dc4,CIPUT RAJUT PREMIUM,2008989859,Điện tử
train_2712630555,cd873d532c65dcb50a6bd45d3172ad0c.jpg,e19e98658e3b9664,Gula Semut Organik | Gula Aren Organik Sertifikat Halal 1000 gram 1 kg,1193794313,Mẹ & Bé
train_4040613661,0d62439a0881b06021a3b07ee69f10c2.jpg,a58f86d3d09a9a6c,Susu diamond milk 1l 1 liter 1000ml rasa full cream coklat rendah lemak low fat 1liter,3336192469,Thực phẩm & Đồ uống
train_1523684494,62f3fab0abf5b23c724e90d0f3862e04.jpg,f3a613cccc229b9a,(COD)KEMEJA PRIA CASUAL TC-MAIKEL 5 UKURAN M-L-XL-JUMBO-3XL/HEM PRIA,77254707,Thời trang
train_1977945726,e1ddaf2963d89f08617debcadab75966.jpg,bfc9d88637b69090,GURDO PARI Kemeja Batik Pria Atasan Batik Baju Batik Pria Lengan Panjang Batik Modern Ori By Kharis,2656848782,Phụ kiện thời trang
train_4190860175,737bdc581e3ccfcb1ee2c13c9f2d7b5a.jpg,e68e9921c63b8dc9,Momami Tooth Gum Wipes tissue basah gigi dan gusi bayi,2998750975,Mẹ & Bé
train_2810145478,c9871c3faea0a58be6d359438aeff8f2.jpg,ea9795d0f06f91c0,Jessen Pigeon Cotton Swab Small Tip / Cotton Buds Baby 100s - Refill,1776011373,Mẹ & Bé
train_525048682,4951228f9149e56c2c3731e80e649863.jpg,f26d6aa7a414358b,Face Shield Anak & Dewasa -Pelindung wajah kwalitas Pemium,2953731236,Phụ kiện thời trang
train_2375162891,3c340e6695bf312295fda97e8723262a.jpg,bf3dd6e0c861614c,SERUM SCARLETT 15ML BRIGHTLY / ACNE PILIH SALAH SATU,1163569239,Sắc đẹp
train_1707323127,5c95de4bd9f3305e77315a585530a855.jpg,ba91c367651e9079,Kaos kaki jempol berwarna Kaos kaki muslimah pendek semata kaki,279532671,Sức khỏe
train_2230754774,ddd0b21c51ed32812dd8e1b1931aa195.jpg,ac91c39c1ec3f12e,Buku 500 Cara Membenahi Perilaku Anak (Bhuana Ilmu Populer),2073932971,Mẹ & Bé
train_1165410768,3e4b0faf15132990a84b6d00b9d373bd.jpg,ac99d73be841813e,JESSY UMBERELLA /ROK PECAH 8 /ROK JEANS PAYUNG,3932447208,Thời trang
train_1891705997,4ce30910e57cafbea74945326cbba3c2.jpg,fa9111489dc3e74e,Sandal Wedges CATHY Silang tali 1606-3 Balance import,1065718333,Phụ kiện thời trang
train_510526172,3d8558c87ec9715c54cd605d605427e0.jpg,d4ec2de0668e399a,SETELAN TUTU ANAK SWAN BAJU ANAK PEREMPUAN IMPORT,3478572959,Mẹ & Bé
train_4006388230,d7daee327511de5ed47d3f252abc5883.jpg,fa7cc2e926867318,Dompet Baellerry Panjang Polos Slot Simpel Termurah Cewek Wanita Wallet Kartu Atm,4143102922,Phụ kiện thời trang
train_3884538671,13331b0d5ea531b37cd67767e219e881.jpg,b09cc3e2cd2bccc6,(Harga Termurah) Jam Tangan Pria Sporty Digital Strap Rubber,558174567,Phụ kiện thời trang
train_1559453268,82aa277f6a912dcf5c884175d540a765.jpg,8746e8bdb3d88827,PIGEON NIPPLE (DOT) SILICON UK S/M/L,1306578136,Mẹ & Bé
train_864025966,5bb39c3ca2a5c0a81e4ed07c24959cc1.jpg,bf93c691c16c3b48,Sepatu Running Ortuseight Harvard Black White,2980580336,Phụ kiện thời trang
train_2908352005,bbfe70a592659d6d308fbf91faf4ff89.jpg,bac14c1cc43fb33c,FION HAIR TREATMEN | FION SERUM PERAWATAN RAMBUT ISI 135ML,3147726258,Sắc đẹp
train_2841216112,441149ea9fed8b98167c4ac918f38895.jpg,e48ecb199931936d,Maybelline Lipstik Color Sensational Powder Matte,2824381301,Sắc đẹp
train_2917489869,4f0209e20c6d503fdceedb9bb0c75e95.jpg,bb86d9dbc8a284b8,TJ BAJU MUSLIM KOKO QURTA AGAM PAKISTAN TERBARU,1688689394,Thời trang
train_2184049832,f98217c434d045ec8d100fd14470f0fa.jpg,c08b873c7aa3cef0,10pcs Washing Machine Cleaner Washer Cleaning Detergent Effervescent Tablet Washer,1233357588,Sức khỏe
train_2710728655,9ea737ab9de7f877f355c49e47666b1a.jpg,b433999a636ccb64,Bear Brand Milk Tin 189ml,2945904377,Thực phẩm & Đồ uống
train_3282443439,712782879a3ef3acbb0c8eb945335528.jpg,afc0e09d9a2d947a,MAKANAN KUCING OMEGA CAT SEAFOOD 1 KG REPACK,366239857,Thực phẩm & Đồ uống
train_14173576,f7bd043c1db61aac8140a4d164fa88e5.jpg,ee94c3699236996a,"Tanam Organik 1kg/media tanam tanah subur/tanam humus kompos,media tanah subur",3336942941,Mẹ & Bé
train_3616892154,4da6b42ac999000e41b935ba2e1b58ce.jpg,dab4e14b94bd9192,Sambungan kabel HDMI Male to HDMI Female / panjang 30 cm,412112378,Điện tử
train_3626041310,9b358f3fc3dd0666702d27f2638ce55e.jpg,b81bc3ccc261cde6,READY !! BOX JAM TANGAN KANCING POLOS EKSKLUSIF,3623740237,Phụ kiện thời trang
train_3581997586,ea255a4382ebd4071b009f87da319bba.jpg,e8979f48b02c5ab9,TGB Mesin Jahit Mini / Mesin Jahit Portable / Mesin Jahit Tangan,3100531922,Phụ kiện thời trang
train_2643020173,5b8eb1eb2bad949230ce1e36002c5ecd.jpg,a68e0d061c3e76fc,Barco Minyak Goreng Barco Botol 1 liter,954571849,Nhà cửa & Đời sống
train_2827655811,385f5d62de224d8143747d74c3276f83.jpg,aa84dd2fc2922d6d,The Body Shop Chinese Ginseng & Rice Clarifying Mask 15ml,4115604501,Sắc đẹp
train_73306457,844a5cf5537b3630eeddcb1377b73fbc.jpg,bfc1903f6ac4258b,MORYMONY SIMPLY - Dompet Lipat Wanita,4143102922,Phụ kiện thời trang
train_317811505,dcd22e53a4c8321b2c5f6a4779ddb7ed.jpg,8ef5cae13558a163,DEENAY TARATASY SERIES ( JAHIT TEPI ) RAPTUNE ROSE GRANAL GOLDY NAVY MUSTARD GREY BROW,3626024184,Phụ kiện thời trang
train_3811633557,63da5502794b3357e76b18e2745adf1c.jpg,8cce4c1cb14fb3b2,TONER BRIGHTENING PREMIUM RK GLOW,348693451,Sắc đẹp
train_251564276,cf3567ca8366637200e769636ebf2f23.jpg,afe1d41e9818c7c5,FREE BUBBLE WARP - BIOAQUA BB CREAM EXQUISTE CUSHION0,2343874161,Sắc đẹp
train_330547162,25ea3bb64a6859312e1a30847ca31d99.jpg,91bee4cd4aa5e243,PELICIN NIGHT CREAM. 15gr,2118783089,Sắc đẹp
train_565848201,a5ad7f3ffad66a0c42238f89afe7cde7.jpg,9b9b64e4383c93c3,[100ml] Toner Apple Cider Vinegar by Yoqueen Beauty,1848313115,Sắc đẹp
train_2137677186,d7d5c6055308cb2e0780a13a07969b78.jpg,bec33d626318274e,Madu uray/madu lebah hutan 100% raw natural honey 330ml,1948384771,Sức khỏe
train_3547953149,b36278c1b599af4226d32925f1244b83.jpg,ea95d06a95cb68b4,KABEL DATA CHARGER POWERBANK ULTRA PENDEK,506635365,Điện tử
train_3417669769,0da461b5c9184ec52badb2fe2d989ab9.jpg,ad3c92c66bc3826b,BIOAQUA REMOVE BLACKHEAD 3 IN 1 MASKER HIDUNG BIOAQUA BLACK HEAD REMOVED STEP ORIGINAL 100%,1238910730,Sắc đẹp
train_1628467056,aeee21f021bae396a108d2568d0c2d41.jpg,d2c92fd289508f3e,COD\xef\xbc\x88Yimi\xef\xbc\x89Gelang Mutiara Temperamen 8mm,3759805898,Phụ kiện thời trang
train_2552312219,3944157f1ce33889609bd77d5e1039d3.jpg,b9cd30cece3286b2,KAOS POLOS WANITA SOFT COTTON COMBED 30s KAOS PENDEK REGULER FIT,2507534942,Thời trang
train_1125701206,c946c0a741f80be6639ce0b064c93290.jpg,ba8cec0666d9e6a4,CRRJU Jam Tangan Pria 2162 Casual Quartz Stainless Steel Anti Air Calendar Watch,2856557907,Phụ kiện thời trang
train_990754815,f5c383d8aea71cf3dbd1b86e1d94aa63.jpg,e49b9964c664999b,Aurabright Whitening Serum for acne,58377970,Sắc đẹp
train_3681333117,29cebf9baf7446eeef6f676fcb7fa188.jpg,ed8c9233cc2d3a9a,AVOSKIN PHTE - PERFECT HYDRATING TREATMENT ESSENCE 30ml - vitamin c rosehip cerah dan glowing,3484362115,Sức khỏe
train_824747324,ae80117b5279ac19223b44bb1f1ae5cd.jpg,e378878b95c4fa84,V-NECK SWEATER - Baju Rajut Pria - Sweater Rajut Pria - Grosir Rajut Korea - Supplier Rajut Bandung,2097430525,Thời trang
train_1467168729,717dc57d284ed0df0001b846ad09681c.jpg,fac4c91625f852ad,MMTOYS MB143 Alat Perekat Plastik Hand Sealer Mini Perekat Snack Elektrik Bisa Lengket Di Kulkas,1065450055,Nhà cửa & Đời sống
train_1821438258,29ced800d1319f84e2865cf77b1c4d69.jpg,b79fc444a415337a,[ACQ] Mainan Gigitan Bayi / Teether,3326267479,Mẹ & Bé
train_1831941588,b0fe67a25aaad6098bdab7d3afe73484.jpg,d5c42af8fc837170,Double Tape 3M 4900 VHB 24 mm x 4.5m tebal 1.1 mm 24mm Ori Original 24 mm 1 inchi,2819310070,Nhà cửa & Đời sống
train_1473649598,809bf38c4413dcccecafd927733f856b.jpg,daa1f57a1d0e3314,Dompet Wanita D61 Dompet Panjang Wanita dompet murah real pic,1165065283,Phụ kiện thời trang
train_2995467697,2f22a156c5ffdc2789b7f3a17d72b3fb.jpg,a5d5ba26c58b3278,[64gr] Masker Organik Greentea by Yoqueen Beauty,2623309270,Sắc đẹp
train_1601238489,51040c074ea5b65c0edb14558a910986.jpg,b4c6c3cc8b9a9933,VITMEN minuman serbuk HERBAL CARE SURABAYA,2768197776,Sức khỏe
train_4147112260,c951538be1a9ba0ec264d045a03d54ba.jpg,ba7e8c8bb0e43362,KEMASAN BARU MADU AZ ZIKRA ASLI 100% (AGEN RESMI),2075200438,Sức khỏe
train_114135462,56be9f3b23f9b5caf1a2ca7e4e41caa6.jpg,ef61943ea8b187c8,TERLARIS !! Sepatu Pantofel Hitam Pria Slop Formal Kasual Kerja Kantor Tanpa Tali Murah,21545740,Phụ kiện thời trang
train_620756860,9f2b37eeeb26a23c8aa55a29fa7f9abd.jpg,cfa7b0d2b04fe04a,Celana sarung wayang gunungan gold | sarung tenun | sarung celana dewasa,3017519116,Thời trang
train_2690906433,f0b569841173e64ae33e261d5862fcd3.jpg,db344987873627aa,Toples Penyimpan Serbaguna Botol Penyimpanan Bumbu Minyak Saus,3270606483,Thực phẩm & Đồ uống
train_4270956187,af04de97e26a29a83f22787847fe26e2.jpg,b03887ced2a578ad,ERIC KOKO Kemeja koko pria Lengan Panjang Bahan Katun Popline Veros Bahan DIJAMIN Tidak Menyusut,1906490599,Thời trang
train_2859591959,4cfe4e0b2e355f62b5c40168c3710021.jpg,d906a88b37ec70c7,Space Military Drop iPhone Case High Quality Premium Acrylic Casing Clear Apple Bahan Akrilik,3999466382,Điện tử
train_3280339596,5dd082f2c8b03c016f7dcf0e1b6b0a03.jpg,8eecb09369969cca,"Baju kaos jersey gaming e-sport  CUSTOM pubg,free fire,mobile legend,dota",1365941543,Thời trang
train_1734796888,a913e3e58fc95aa40fa65208331734ba.jpg,abf580da1d69d88c,Cadbury dairy milk MINI 15g ecer,3824033503,Thực phẩm & Đồ uống
train_3139467744,6df8575e6c44cb01f621e15af6f8e5be.jpg,fc41c39e7c618333,TERLARIS!! Cream hn 15gr original plus serum gold paket lengkap,1920091538,Sắc đẹp
train_4292121182,49cc21b76df4d50cea1698ab623a7a3c.jpg,bec86433999b964c,Atasan Wanita Baju Rajut MIKA knit,2803559682,Phụ kiện thời trang
train_925751208,06fbff431c3a85283713fd1a435d21fd.jpg,e9d5a02ad56196e5,Momogi Jagung Bakar / Cokelat / Cappucino / Tutti Frutti 20 pcs x 8 gr Cemilan Stik Keju MURAH 1 DUS,2261226227,Thực phẩm & Đồ uống
train_949658061,551ff59f8d1a961b233f48d906e5dd09.jpg,afc0c4959192dbb9,"Gamis rayon, gamis murah, gamis bangkok 1 kg muat 4 pcs",3931972584,Thời trang
train_1296524903,1e306c8d85f19d0f0927804d57a3cb97.jpg,beb8c856c26b2395,MASKER SCUBA UNISEX NAVY / MASKER SCUBA EARLOOP /MASKER KAIN SCUBA /MASKER KOREA /MASKER SCUBA KOREA,514101767,Sắc đẹp
train_3897715894,aadb349c98222b0c1f6a22058aced0bb.jpg,ee8f953a6a90b162,Softlens bening bausch&lomb daily 15 psg harian,2210325571,Nhà cửa & Đời sống
train_2554774440,a94caed5f934897a532de3ef986564c6.jpg,ec97c33b128c38b3,RAK SEPATU GANTUNG KARAKTER HSO,628283471,Phụ kiện thời trang
train_1347675476,d1b63b8ff468d122a5c6c8438a64843f.jpg,f207d8e8c1a1b33d,Korek Zippo Polos Black Doff,3452542252,Thời trang
train_2052193435,506bfcfdd3f11adfa8edfe39baecd0f4.jpg,b50dc3c1179e9a33,LIGE Jam Tangan Quartz Sport Mewah Bahan Stainless Steel Anti Air,89255494,Phụ kiện thời trang
train_45802343,7f07ec0985472f447bd6a68ab8074d0a.jpg,bfc0e439c967c231,MOSEHAT Obat Herbal Ampuh Alami Berkhasiat,2027771431,Sức khỏe
train_4195707750,6722cbe79b99e0a3d46785bf3ec92cf7.jpg,a60198dee9e8ee92,ZYO LFT Meja Lipat Anak - Meja Laptop - Meja Belajar Anak,2867962563,Điện tử
train_3442664377,4b223706bec6ad2d3151c81a3ad73def.jpg,eebf21cea1c231d0,READY SURABAYA!! Susu Almond Lactamond Bubuk /Premium 5x Minum/ ASI Booster Minuman Pelancar,717019588,Thực phẩm & Đồ uống
train_2447611768,cf0d7be20072e7b35d35c4818a4c192c.jpg,b93bc6c0dcc4c0f6,Kaos pria Oneck,382936841,Thời trang
train_2227817513,7187a4df3a013daddb5200451b5084f2.jpg,b9d6698f60cd3681,Casing Iphone 6 6s 7 8 Plus 11 Pro Max Xr X Xs Max Gambar Kartun Bunga Dan Unicorn,1678524432,Điện tử
train_2601681033,bb039b01368d0932b3420d1d9c7c2e27.jpg,b962c69d49d89ec1,USB Hub 4 Port High Speed Saklar-Switch On-Off,1639967516,Điện tử
train_1065523597,fef0374b5f70970966a200bc05c44324.jpg,ab8684078f3dc657,KAPSTOCK GANTUNGAN BAJU KARAKTER,3416183195,Nhà cửa & Đời sống
train_290750343,1d11b2e30ee2f91401ac4b75b22822c3.jpg,abe9c2b5b80dca92,Nami Instant Hijab,1753736265,Thời trang
train_1491438625,ea725e11c0f3c448ddc24dc3eaf81c11.jpg,a9e369969692c639,Fanbo all in one Deep cleansing Balm,1406531816,Gia dụng
train_1714924923,76a6d1a1ab8e5ba0ecc3b81fa5f6cd21.jpg,ea62851ddaf219ca,FACE  SHIELD / VISOR SHIELD  PELINDUNG WAJAH ( 1 Frame & 1 visor film ),1322749330,Sắc đẹp
train_271833792,c6aabc21215dfd0e4aaaceb4ce03edbd.jpg,dfcc1b98c1e02de1,Celana Pendek Pria Surfing Distro Banyak Motif Keren Allsize Bahan Tebal Premium,3082929619,Thời trang
train_1013530599,5b85fd83540798c2c61df2a0acc640cd.jpg,ad9b923b6b70c9c0,CELANA DALAM SUPER SOFT SOREX ART. 1253,1047766797,Thời trang
train_1318178547,1eacb7d191e0b790249af39d54fdbaf8.jpg,a951f938907f832d,MINISO Tas Travel Bag Lipat Ringan Olahraga Sport Boston,1937399020,Phụ kiện thời trang
train_1862164887,683015cb98a0277781738d9884605700.jpg,bcc1c71e6bb03643,Kurma Mesir Madu Premium 500 g,1508531623,Thực phẩm & Đồ uống
train_3497651571,fccd6131409610e52e7a17a47c5412f8.jpg,b3cccc3298c76339,Viva milk clenser,672499766,Thực phẩm & Đồ uống
train_2474119415,afba2653225922f387498d5b5565caec.jpg,f6d0a5c9886bdd14,Goggle Mask Modular Kacamata Masker Helm Motor Retro Bogo JPN Cargloss Paintball Goggles Cross,2145882222,Phụ kiện thời trang
train_1871892440,75b9a6add4eeb6d60d618ffe125ef68c.jpg,b86987e6c49e9299,Glossy Photo Paper / Kertas Foto A4 230 gr Combo,30796165,Phụ kiện thời trang
train_1583901459,1aabecc74fe46758a02fa62088f28ebd.jpg,fcb1d35ac394440f,Jam Dinding Karakter FREE BUBLE WARP..!!!!!,3719335490,Nhà cửa & Đời sống
train_1792335742,5926f7a2c2beba29492d75b83d73ccdc.jpg,a29fb5b1d3424d4c,Puzzle ada Knop di Bawahnya Ada Gambar Serupa (UPDATE 19 OKTOBER 2020) BANDUNG Angka Huruf dan Buah,3205175747,Mẹ & Bé
train_1999114349,e62614ac2f1654fef7805c596df8f406.jpg,bfddc0680f701a93,Parfum Garuda 60ML EAU DE TOILETTE,71375986,Thực phẩm & Đồ uống
train_1277022694,03c4f8e9669d31b6e129806dae1a7402.jpg,e9b6970b52612db2,ROBOT TRANSFORM POLIIISI MOBIL BERUBAH JADI ROBOT - KADO MAINAN ANAK,66057972,Mẹ & Bé
train_1324831570,e3ffcf3920fca788783b047081ba2c3d.jpg,ec859e329fc26169,LAMPU LED STRIP FLEXIBLE REM/STOP & SEIN/ SEN MOTOR MOBIL BELAKANG DC - SIAP KIRIM,2000614473,Nhà cửa & Đời sống
train_4247501822,4654c1dde5b02e70f16dd284e3eb0fd4.jpg,a188ce23738c79f3,[LOKAL] POKY - D1093 TOTE NICE - Tote Bag Tas Wanita MORYMONY  BISA COD DARI JAKARTA,3624452617,Phụ kiện thời trang
train_543815701,7757309a9304b42f76eb007d2d872393.jpg,c5b1705a79a93a63,Robot Charger RT-K5 Dual USB Charger Handphone Charger Iphone Charger Android Garansi 1 Tahun,261613777,Điện tử
train_853951529,5364e1b2d81bd68083df47aebb0e923c.jpg,8f8b94b424f66999,MAMABEAR TEH PELANCAR ASI,1088754866,Thực phẩm & Đồ uống
train_2159393534,31d5e8e4b42441016ff92b52144ca06a.jpg,af92d0a9b44b7e90,NET VOLI/VOLLY/VOLLEY GTO TAS MURAH,1622796134,Phụ kiện thời trang
train_831584048,f3775b6ed524dad3475627d0d454d8c5.jpg,ec8f936c649a9a64,Madame Gie Femme Cheek Xoxo - MakeUp Blush On,2098400894,Sắc đẹp
train_3267286668,3d884bb030adcef87d6bf8fd21d8ab8a.jpg,ffc890cfa4b48d82,Avail Day Use Biru Pembalut Herbal Kewanitaan Pemakaian Siang,2835868861,Sức khỏe
train_3234389027,561f3699c2f00e483c93a1f2ab96fb5e.jpg,ee429593993c92e3,BELI 1 GRATIS 1 DOMPET HEADSET DOMPET KOIN DOMPET EARPHONE,2593171562,Phụ kiện thời trang
train_1943530167,379e540a0e5af2027506d8a84f07a9f8.jpg,f0339698796369a5,Smile TFW-148 TasWanita /Tas Import Tas selempang SlingBag Free Boneka Gantungan,2220728478,Phụ kiện thời trang
train_1478250943,5bc951f09a561bb8c94d0d01aadc5b8e.jpg,f59ccc36993c9c22,ROK PAYUNG PLISKET PANJANG MURAH // ROK MAYUNG KATUN POLOS BAHAN PREMIUM IMPORT,1953458414,Thời trang
train_1735434138,27d89adfeb6e131681771cd9e4a3bcc0.jpg,ee9be17499429165,iPhone 11 Pro Max Casing Soft Case iPhone 6S 7 Plus 8 plus iPhone XS Motif Print Kartun  Rainbow Bear Blue Sky  Cute,1597600220,Điện tử
train_1576135571,d75385d3cee130eb8ad65f6f74f8f049.jpg,bc1bd384c16cba93,SEXY BOOBS BREAST CREAM THE BODY CULTURE BPOM,1467271016,Sắc đẹp
train_3816399867,b09e902ea850eeed4ec4097af4e7e9d7.jpg,bb93c46c8c333bc4,TokoMinah Prochiz Keju Cheddar Slices Original Taste Better 1 pak ( 10 lembar),191946414,Phụ kiện thời trang
train_1177446200,38628e025f0cbdb7b14c7cd976579c3b.jpg,cec2acaef3296815,Centella Herb Serum,3013331231,Sắc đẹp
train_969795691,f6cb7d4cf32d1a359453a66ffec4a015.jpg,bfd4c060b50f9366,3Pcs / Set Alat Pembersih Komedo,3755999018,Nhà cửa & Đời sống
train_4231666385,3831ff02337add51dac461377e561e56.jpg,d86f251047823f3f,Penyangga Masker / Mask Bracket Support penahan anti pengap,652176199,Sắc đẹp
train_3578248856,d64c0c2d44e9205f074989168fff1af0.jpg,c4e82d8f96979392,[BPOM] Cussons Gift Bag Set / Cussons Mini Bag & Cussons Medium Bag / MY MOM,772217144,Phụ kiện thời trang
train_659696257,6b21260453d6e74866f5daf1e43280d5.jpg,be69c192ce89364e,Panci Listrik Panci Kukus Elektrik Kukusan Listrik Q2 8518 / Q2-8518 / Q28518,912986022,Nhà cửa & Đời sống
train_1012206555,1bd2f6b7920cb75223f94b1be4426984.jpg,beb23cc8a39c4927,Masker kain Oxford,3322005001,Sắc đẹp
train_2907908909,ce47c9a3f30d4382aab7c8d4b8feacd5.jpg,bcfcc3839eb0612c,Waterproof HP Universal Waterproof Case HP Sarung anti air smartphone 5.5 inch,3213608540,Điện tử
train_1187231558,d34dbf3c603e55cafce2703a1e84ee18.jpg,eae2d31e9515b4c1,[BISA COD] Vitamin C IPI isi 45 tablet,2945967054,Sức khỏe
train_2072990387,664a3928500c23fc4bcf2e3a1203b5c4.jpg,d5359c2c66e9a496,Kabel Adaptor Splitter Audio 3.5Mm Male Ke Female Bentuk Y Untuk Headphone,3376768574,Điện tử
train_3978299913,60763145af4b3d44fa8b172577f571bb.jpg,fae4852b945c471b,Hippo Adapter OTG Type C ( USB to Type C 3.0 ) Xiaomi Samsung Type C,815957098,Điện tử
train_1552572312,22b4dde41306fb0cee6370c918c00dd7.jpg,9e1ada649314adf2,Nano Spray Perawatan Wajah Mini Portable Usb Reacharge Mist Sprayer Pelembab Wajah,3040690230,Sắc đẹp
train_1106282790,14697a1567597f907175c8ed4a55ced0.jpg,ce5999a4f2a6a453,Lampu anti nyamuk,3531856534,Nhà cửa & Đời sống
train_2470478770,9405d2d598496f50f1d69d2f7d38f377.jpg,bf3ac0c0949575e5,Diamond Kunci Ring Pas 11Pcs 8-22mm,2701291020,Phụ kiện thời trang
train_3356168922,4fcba2039048bf2e9817a92f6eeeb66f.jpg,d4c516ac6f7b7090,FACEMASK / MASKER ORGANIK MASKYOURNEED PRODUCT + FREE KUAS,224531634,Sắc đẹp
train_495638834,d83213e5244c51a82127c1a11bc19392.jpg,fba4636578732c82,HNS - kerudung bergo/ kerudung masker anti corona,3768186621,Sắc đẹp
train_2966645795,54479be26318265bb8b8a4887a072ab2.jpg,bb00c0b3cef0dfc1,XIYU IPhone Transparan Matte Penutup SE2 6 7 8 XS XR Max 11 Pro Max TPU Telepon Kasus,234286799,Điện tử
train_595175079,4166c735d40e11e6d0e8d6dd8f746fa5.jpg,f2a54ab548db25ca,Master Kids Spray Cologne Transformers 100ml,578736984,Mẹ & Bé
train_322813306,a61737e02461e62b51758a56fb74a88d.jpg,e496db1984ca9ccb,ABA agen baju GAMIS POLOS CITRA EMBOS XL,2748003083,Thời trang
train_1750956381,f6d53133665bc2077a395388c2e9f172.jpg,ec329b0e96d3b22c,termurah Sewing Kit Box/ Set Perlengkapan Alat Jahit,1652514766,Nhà cửa & Đời sống
train_3610612695,31438de6e65e37c5f08d611f9be48e5c.jpg,8468dc0fa3b2e2f3,[READY!!!] LIP BALM KISS BEAUTY / TANAKO PEACH,2913737300,Sắc đẹp
train_1959166094,e0c06b0e6e35c6d00d058d43c76ba5d1.jpg,c99f343076dd1ba0,Masker anak/masker motif/masker libby velvet,1822865877,Sắc đẹp
train_3214050028,e7b02384581b1398f59843b7e8a32d4b.jpg,eb0594726b8f6790,KIOS HIKAMI - Speaker Subwoofer Audio TECNIX SPK-S080 Multimedia 2.1 Channel Design Bass Murah COD,1333574565,Điện tử
train_1142563685,93b5250dcea06611db9db95c2a982151.jpg,aa8fc7628b07958d,Adaptor Kepala Batok Charger BASEUS BX02 24W Fast Quick Charging 3.0,2204481244,Điện tử
train_2000523452,967e0cebc6703b1a1c0adf19d3018435.jpg,fae3a50cca391c96,Paket HN Original 30gr + Serum Hanasui Gold,4162041121,Sắc đẹp
train_2832212915,7daa4c7810befdfdfa49d95e0148ba25.jpg,eca49b4996db8463,Kaos kaki avo anti slip pendek futsal sebetis / tanggung,417337045,Thời trang
train_358244722,4d821a2a71ab3553d582f373913be488.jpg,a673996c9988de89,TALLY 8859 Legging Hamil Celana Panjang Hamil Bahan Katun Spandeks,2273666591,Thời trang
train_3378458250,057ba8a700c9209b8ee55475aadea046.jpg,b66ec19999c63626,Lampu Sen Jelly 2 Warna Kedip Flash,3482856533,Nhà cửa & Đời sống
train_3121169010,3633fcb65992a8ea793745f31379ac68.jpg,a44d9a331bd22d4f,OSM - 276 (RANDOM) Stand Holder Potrait & Landscape / Stand HP / Tempat Duduk HP / Aksesoris HP,3694216813,Điện tử
train_2579952477,fb90f3ec3770db4841b0f0ea1e0e7456.jpg,af42d5b8f8946d42,Baterai AA A2 Battery AA A2/AAA A3/ Baterai remote control / batrai mainan,864052537,Mẹ & Bé
train_2052006439,827126a79684619e83b6917efb896d05.jpg,bee161b6783c6096,DZIKIR PAGI & PETANG DAN SETELAH SHALAT FARDHU - Sa\xe2\x80\x99id Al-Qahthani,2520431179,Nhà cửa & Đời sống
train_856535198,b066a7122d522eb8439422379d31cd91.jpg,e518c9cd6630cfcc,SUN bubur bayi cereal susu rasa ubi ungu 120gr,4159034341,Thực phẩm & Đồ uống
train_2161873669,153f331665a7ffd81e665ea8e7e63f5f.jpg,dda067d524817e4d,\xe2\x9a\xab\xef\xb8\x8f Beauty Blender Sponge Telur,147823124,Sắc đẹp
train_2699894644,5c08d6c728fb01771efc5690fd49b0b9.jpg,aa95d77a3e088527,SILKORO VITAMIN RAMBUT,2377831355,Sắc đẹp
train_623333284,2311218e9bf36bf4ae86aa61006962cc.jpg,cee4b2d3b1496986,Grosir Jegging Bayi size 2 size S Jegging anak termurah / jegging bayi termurah / Legging Jeans Anak,472641544,Mẹ & Bé
train_3296983821,5ddb049c0eb15fe35ce1d6157dce8094.jpg,ec939392876cc46e,Body Compound Obat Penghilang Baret Lecet Halus Mobil Polish Wax MC308,730955675,Sức khỏe
train_4267716570,e6bd1bdc6c9ce63796bbaa5723b029da.jpg,d18d0f95189e2e97,SANDAL PRIA NIKE BENASSI SWOOSH FLIP FLOP GRADE ORI TERMURAH SANDAL PRIA NIKE,2225545214,Phụ kiện thời trang
train_679137689,6affabd5f9eea2af0d37ce5d02b51788.jpg,afd2d0a5d02f85d2,Pashmina Kaos / Pashmina Kaos Polos / Jersey Shawl / Pashmina Kaos Premium / Pashmina Jersey,338163236,Thời trang
train_4105152927,caf2806177eea6cb865f246c6da85f3f.jpg,94f005f007f13e9f,Pouch Hanging Gantung Organizer 16 Sekat Tempat Celana Dalam Storage,2314232878,Thời trang
train_1747702871,f5436087f3faa4106ef8c29044d360da.jpg,a9e394984bcc36b6,CREAM HN PLATINUM PAKET LENGKAP ORIGINAL BPOM,4094408277,Sắc đẹp
train_1875472132,6e485e72d0c2bd1d4fac1b6b452cc120.jpg,e6619938316766cb,Strawberry - S47 EDDY / Handphone Candybar Dual SIM Card / HP Kamera Murah / Bluetooth,2674482637,Điện tử
train_2374569033,b2f9dce011199785ca7d825c3edbd475.jpg,9cdee0959cf4a309,Sarung Kasur Busa Monalisa 100x200 Tinggi 15cm Dan 20cm,4100816652,Nhà cửa & Đời sống
train_680436439,37f75b7ec31ec8c81f74e5b444e90a96.jpg,eac5b4c56c6c914b,Maenan anak kasir kasiran indo kasir,1944366654,Mẹ & Bé
train_323465319,ef7b8e06250523600143568e47d3abb3.jpg,fec281bc7642aea4,Asah Asahan Pisau SURMENE Stainless Serbaguna Knife Grinder Sharpener,2988598517,Phụ kiện thời trang
train_2386617429,3578c7381c246b939008423d6d57b647.jpg,e6669a19c9cd3863,Sepatu Eagle Balance Navy White \xe2\x80\x93 Lifestyle Shoes,3336681029,Phụ kiện thời trang
train_1394289258,253de946e9862890bf392f2898ea5889.jpg,ea86a596c31ac79a,BLOK TAS - MAINAN EDUKASI MAINAN BONGKAR PASANG BLOK,3121905605,Phụ kiện thời trang
train_3675691968,d8cef182537f394c882908f6d50b52d2.jpg,a4c6933df938f0c4,Speaker murottal quran tp600 16 gb speaker murajaah alquran speaker hafalan alquran speaker hafiz,4234729206,Điện tử
train_589791292,108a245666a4bbace486a5a78b1ebb07.jpg,b26681cf2938b6b9,[FREE KUAS] 25gram Masker Beras Jepang dan Beras Hitam by Vazo,357787359,Sắc đẹp
train_3951880732,e410863cb91afc9a3982c9cfe4a835b5.jpg,bd68c0bdb0ca5a78,FYGALERYJAKARTA - HL0089 Pulpen Emoticon Goyang Per Karakter Gel Unik Lucu Pena Emoji Goyang Import,723872739,Nhà cửa & Đời sống
train_3903271866,be9b89e225314314b88cf2b560d01779.jpg,ee1eb4f9d3054864,Map File A4 Organizer Tempat File kain - Tas laptop Ipad tenteng  F116,445743372,Phụ kiện thời trang
train_4124756225,1d9d28b204afe926da262bba8713f65b.jpg,b9e2469d9b56e148,WS170 Cetakan Telur Karakter Stainless,2092743282,Nhà cửa & Đời sống
train_2627298011,89d88939ebc40b2c99c521c0e9670645.jpg,eed0914f983c2ee1,Beauty Blender Sponge Puff Egg Drop Contouring Spon Makeup Spons / KEMASAN MIKA PREMIUM QUALITY,882155223,Gia dụng
train_46854445,adb99c1b540942caa44ca1e1c9060b1d.jpg,8ac9b1b7e6d8a14c,Celana Chino Anak Panjang Oshkosh Usia 1 - 14 Tahun Cewe Cowo UNISEX,3305869421,Mẹ & Bé
train_425949105,1c1e5ec880222256fa1812fe099cc750.jpg,bf2397266a1ee148,Velvet Junior 3 pcs Size S / M / L oblong tangan bloon,1998723780,Phụ kiện thời trang
train_2064751433,d1a7e35a2efd41691c4c6821cf0a2007.jpg,8f55c1683c4cf92e,ORIGINAL 100% VITAMER BLENDER PORTABLE 350ML Blender Juice Mini USB 4 Mata,3566010337,Điện tử
train_727305597,7d17d96262dd71b9bbc36de761b82ce4.jpg,fbd40cb50d69165a,Gamis wini dress,2932987408,Thời trang
train_3653456112,e749e5b1ef5b1b2d74fa9bdcb37e7ba7.jpg,fad28daa2ad05595,Sugar Baby Organic Healthy Premium Rubber Cot Sheet Perlak,997220911,Mẹ & Bé
train_90370162,ebef8f3b33c3f05195e5650545737f14.jpg,e983926db570873c,ZAS AERY-TAS SELEMPANG WANITA,503126361,Phụ kiện thời trang
train_3150409291,feb5df36cf816e820d12c09aa4288077.jpg,ba96522e8778e1a5,Maskyourneeds 25gr BACA DESCRIPTION BOX || Free Gift,656698835,Sắc đẹp
train_2462741674,c302119f7354b1ac38c2f48d1bfbf7c2.jpg,b336c1da1e2d3172,FYGALERY MY BOTTLE PLASTIK VERSI TUTUP BARU BOTOL MINUM MURAH BATAM BOTOL IMPORT MYBOTTLE WARNA,45510916,Nhà cửa & Đời sống
train_2046895110,91e3422639eb978e62f1af12c92d3909.jpg,c84de14596babb46,1kg Panci Listrik Serbaguna Multifunctional Electric Fry Pan Panci Listrik Lapisan Keramik,259006220,Phụ kiện thời trang
train_3405275395,444361d7f8084952889dbfa74a089238.jpg,b9b287e9c70d1836,Kobe Tepung Bumbu Putih 75 Gram,3106133444,Thực phẩm & Đồ uống
train_3063210040,26bc613c6660ad4a909017840d23111c.jpg,b0cdcf329c93329c,Koepoe koepoe Lada Putih 1000 gr,1422811788,Nhà cửa & Đời sống
train_1831233441,ee68a3d68f203c1ec2e576687aa093e6.jpg,a78137a57ab54ac8,KAOS POLOS VNECK LENGAN PENDEK COTTON COMBED 30S,3411862234,Thời trang
train_2724232300,4191149e870b5e7b1e4cb6ee610b0414.jpg,ba83c9f4b526901f,Lampu Depan Sepeda 5 LED Model Super Terang,1898876699,Nhà cửa & Đời sống
train_4040304053,deb6f31a867670be75f1a22ee5067b8a.jpg,fa5ac0819a7729ea,Panggangan MASPION alat panggang magic roaster 34cm,1076961511,Nhà cửa & Đời sống
train_3957235942,d2b6496073dd79f00a62d22084ebaf7f.jpg,be94c14bd8613b87,Buds Calming Tummy Rub Cream 30ml,612214045,Sắc đẹp
train_2695630789,6002e9baa8a5ab2f2f6d5b6667a1e2bc.jpg,bc9b95b0b4e98d81,Kaos distro greenlight do it better kaos pria T shirt pria T shirt distro,2448739506,Thời trang
train_3035712886,5c58f34fd76d322a58d09c78a617aea1.jpg,9d14cee171c230fb,SCARLETT WHITENING SHOWER SCRUB SABUN MANDI TERMURAH DAN TERLENGKAP,3582011792,Sắc đẹp
train_2617858290,1d8a1480d4cbbcaf6af14b1b51dc14ca.jpg,eb84961b25694bce,"MICRO SD CARD 32GB, 64GB & 128GB OEM UHS-1 NON ADAPTER - GIITECH",1619466870,Điện tử
train_4117261493,c064e807abadef77f5eebe098a177ab9.jpg,9fdce3138e031f0c,Juicer Blender Vitamer Portable Buah Mini Praktis USB Blender,3566010337,Điện tử
train_4273486050,d79526057f2b0b2fbd8f9cc26b4daf16.jpg,9e8adac2c2adad31,Sugar Baby Infant Seat Bouncer / Infant Sugar Baby Kursi Bayi,1395051225,Mẹ & Bé
train_720116982,ead0836ba145aab44e2500f562f08f83.jpg,f88dc7920d792996,"b""ERTOS WHY ACNE NIGHT CREAM / KRIM MALAM ERTO'S ASLI BPOM""",1041750302,Sắc đẹp
train_2259097320,51d738fac93c9e1d262e0bd698d4a1ab.jpg,ca85977fa02a3695,Tudung saji BESAR KOTAK lipat aluminium penahan panas PENUTUP MAKANAN DI MEJA F328,1819542892,Thực phẩm & Đồ uống
train_2358814542,8bce2b3dbc6b23a210b837e277ee9d5e.jpg,fbc0c4e1c49d8d9c,MASKER WAJAH PEMBERSIH KOMEDO PEEL OFF CHARCOAL MASK SHINING 50ML ORIGINAL BPOM,952489020,Sắc đẹp
train_1693157824,aa0f46caeaedae845b29cb531f81f9f6.jpg,e6ec9b639c349131,1KG MUAT 4PCS | AYLA SEMI MAXY DRESS MOTIF RAYON BOHEMIAN BKK LEBARAN SYARIAH FASHION MUSLIMAH,3640656231,Thời trang
train_2075934561,75b011438cef18348c2670274bb342f6.jpg,eb9d9466a1696a94,Botol minum SELIYA 2000ML BP-7159-1,1862772245,Nhà cửa & Đời sống
train_182034939,4692da4222f2d4f2e73668ab12ee9268.jpg,b6b8c904cc63cf39,500 Gram Madu Sarang Murni Original Premium,515853114,Sức khỏe
train_3067889429,c39b483e39d00181ea02d9e7db1c5fbd.jpg,b3c81c33c837c83f,Dress Amira Original By Izzati Muslimah,178205299,Thời trang
train_1897900473,55ea3f7c0d8bd37c1b368c676f656e9c.jpg,aeb6c149d83e34f0,"Minyak kayu putih Caplang 15ml,30ml,60ml,120ml",2398547853,Nhà cửa & Đời sống
train_3890472196,90fdb5c3a4fcdd9912f1a13f81b44c22.jpg,e69999316c6699cc,Kikkoman Soy Sauce Halal 150ml Shoyu Kecap Asin khas Jepang HALAL,3525263032,Thực phẩm & Đồ uống
train_732167048,7386d1e9c1755d98a45954481b9f0544.jpg,cbb3f12c85d8124f,COD KOTAK MAKE UP BEAUTYCASE TAS KOMESTIK BOX MAKEUP,2233323999,Sắc đẹp
train_3932843753,95a276af343da2610ee3e0cfa3d81259.jpg,e51e868f1c2e9e32,Jam Tangan Pria Digital SKMEI 1123 Rose Gold Water Resistant 30M,1118678170,Phụ kiện thời trang
train_2379784995,c72f6faf6f2e9f8df7477f70d6dccd76.jpg,a44fe83dcd82fa06,TFS DRESS HAPPY FACE,179698337,Thời trang
train_76157241,624098cbee83385d8c68a153304d5bfd.jpg,dbc6ccc0e1d04d2f,MYRON Tempered Glass Phone Back Protective Film Explosion-proof Rear Protector For iPhone 11 Pro Max,4063341370,Điện tử
train_1398381924,feebaab3322c1a509f5198c69da70dbd.jpg,fd55c06852e9ce2a,(\xe2\x9c\x93BISA COD) WARDAH EXCLUSIVE MATTE LIPCREAM | LIPCREAM TERLARIS DENGAN 18 VARIAN WARNA,745812174,Sắc đẹp
train_1777685343,d10978da98d1c9a22b5acb4b1a1f31f9.jpg,b4cbc33cc9649333,Blackmores Calcimag Multi (60 Tablet),1322597928,Sức khỏe
train_2270766486,21814df7f91c489e31bd1a9c22bb8908.jpg,b40fc3f0c70f0f4a,MOTZ Kemeja Pendek Reguler Fit,838020562,Thời trang
train_3219470891,faf4a6be883830dc13dea37a2ad8df2e.jpg,e9940acbf4e41f29,Shining Peel Off Charcoal Mask - Masker Muka,607127945,Sắc đẹp
train_2429322411,925a91f919e7dad5fbb9139e2bb047e6.jpg,9f91e9fa981898f0,MINGKE Tas laptop 13.3 / 14 / 15.6 inch Waterproof Tas sekolah Wanita Ransel multifungsi,724817056,Phụ kiện thời trang
train_1738939704,cf454354fffc5c243c6b6395d693da1c.jpg,a49ec3619e73c465,Sendal / Sandal Flat Best Seller Unisex WEBING,3912457894,Phụ kiện thời trang
train_2472611088,f689a0eefa2bbd9ee69787ffea15585b.jpg,b898c240e53fafc5,Gantungan Putih ENUDDEN DOOR Gantungan Baju,222620729,Điện tử
train_2793429759,f7488b93bcd633122524ebbca001dcba.jpg,dea8e517f84a4a1c,RING LIGHT LAMPU SELFIE RINGLIGHT LED FOR ALL SMARTPHONE,2259957740,Nhà cửa & Đời sống
train_682378421,cbda572a244664368e4eb48f2bfdd0cb.jpg,8910f6e69c1837e7,Makarizo Hair Energy Scentsations Hair Fragrance Blue Coast 100 mL Parfum Rambut / Hair Parfume,1960879393,Sắc đẹp
train_2939111714,6b57e7c6071e33909ae5e8141ae9d685.jpg,b96986907666c3b9,Daun Monstera imitasi plastik Artificial 40cm,613281689,Phụ kiện thời trang
train_85875327,5d49df7adde40223b103eea33f462e8c.jpg,e9439ab8433f3465,Kain jersey polos eceran meteran murah,1303037451,Thời trang
train_2046363784,97d615ef59019f3772135adfe8d9b79d.jpg,eb65e562b29a8a86,Face Shield Baby Pelindung Wajah APD untuk bayi,4103086857,Sắc đẹp
train_1527835932,7cd82454171c8374c8a2690077680acc.jpg,b193c64c9339dc4d,Tas wanita HOMME STYLE BACKPACK,91583006,Phụ kiện thời trang
train_3938684045,cb1ed8b56b0e5acde7997afc660d86f6.jpg,e2c895b11d956adc,iPhone 6S - Smartphone Apple Bergaransi Termurah,382555461,Điện tử
train_3967841150,1db540a7fabc473fcec49b8b223f4dbe.jpg,dd582438a7732d72,Softlens MAKI BROWN Dream Color / Soflen Maki Dreamcolor / Softlens Korea Kemasan Botol Kaca,1713964795,Nhà cửa & Đời sống
train_2024500122,249ed756c7098cc85a67628ddaae9ca5.jpg,aef09f94e02edc84,Kaos kaki polos se mata kaki // kao kaki mata kaki,1279238330,Thời trang
train_919198592,8c919084611a1cfcbbd9372fbade52d4.jpg,c458aaa1b7a493f3,"SPREI HOME MADE KLATEN HELLO KITTY NO 1,NO 2 & NO 3 MURAH BERKUALITAS/sprei anak hello kitty",3721890204,Phụ kiện thời trang
train_2512009542,92394414388e82ccc782fae516933cb3.jpg,96491b7bac4c6636,Sepatu Boots Safety Pria Proyek Lapangan Crocodile Morisey,53859343,Phụ kiện thời trang
train_1378326860,2b21a11829af141314e5f5e4ef5e20ba.jpg,a70e9e0e9e1f8c13,Baseus Mini JA Fast Charging Power Bank Dual USB PD TYPE C,1269461037,Điện tử
train_540302865,dc2f4d908a8af11cc54c5bf0f93d8062.jpg,fa51856b1bbc4c92,[LOKAL] DOMMO - D1373 TAS AUDREY - Tas Wanita Tas Buaya Shoulder bag MORYMONY Croco Bag Bahan Buaya,2163353660,Phụ kiện thời trang
train_981445195,0479ad6ffddf5e17efe80065eccf6f8d.jpg,eb9fa196718c605a,Sarung Tangan Oven Microwave / Anti Panas Kitchen Set Gloves,4000267419,Phụ kiện thời trang
train_545145734,ac2c6558ee493ac6bf9bb68217933ac5.jpg,b9e3839e982d8c69,The Simplicity Matte Lip Color by You Makeups,3241581991,Sắc đẹp
train_1168263422,daaa74fa1b8995458585968ab8be07c3.jpg,abd2a58e1e693386,[COD] Keset AntiSlip Motif Import Murah / Keset Bulu Karakter / Keset Bihun AntiSlip Import Termurah,1800371108,Nhà cửa & Đời sống
train_538991901,9940d928ae26664817af674ea456b0c2.jpg,f6cb988e8819ccb6,DASTER ANAK SMILEE MOTIF SABLON DRESS ANAK MURAH,2055353646,Mẹ & Bé
train_3596739874,09f0c27ba339acff9e4b2de338ede314.jpg,bbe6db42948cb40b,Masker kain Dewasa/Anak 1 Lusin,2238979942,Sắc đẹp
train_1142393920,545c5f401a450db31ad7b47e0d1004de.jpg,ba9d89ee9116b22a,Kaos top racing,794555454,Thời trang
train_3405782673,44705bf88ea76b60ac7ecb829b851070.jpg,fe45b0ca931ec287,Sandal Anak Yongki Komaladi-Sandal Yongkidz Original-Yongki Junior-Sandal Anak Pria-Z30042004,1456402297,Phụ kiện thời trang
train_3805367181,223bc7892a2cace00dda19fc205ca2fa.jpg,9e197423ae9c0b5e,Kiss Beauty Liquid Highlighter,3146943158,Sắc đẹp
train_4257299737,3eee10a5be68aa19fedad54a74f28805.jpg,bf03c14c3e93836d,910 Nineten Noru 1.5  Sepatu Running Hitam Jingga,2398901595,Phụ kiện thời trang
train_1995851245,f9eb2c49c869488f1943abe844b64744.jpg,df8ce10b2e4a2baa,Slip On Wanita Kirania SDS263 Putih,2590432328,Nhà cửa & Đời sống
train_2638560857,8e06f9eeb92491495ae5ce6a5b46af91.jpg,bcf0c22dc1878fcc,COD TJM Dompet Wanita Kecil Forever Young FOR 030 / Dompet Wanita Murah Dompet kekinian import Batam,3570782259,Phụ kiện thời trang
train_1091371065,ab8bd6b7fc73b082c515d3e506699577.jpg,d8f429d3772aec04,"b""Kintakun Sprei D'luxe - 160 x 200 (Queen) - Rose""",3997948698,Nhà cửa & Đời sống
train_3508659965,92394414388e82ccc782fae516933cb3.jpg,96491b7bac4c6636,SEPATU PRIA CROCODILE MORISEY SAFETY WORK TRACKING,53859343,Phụ kiện thời trang
train_3638406146,361e30037a72c2c9b391d680215b7886.jpg,d5818a7aa915cc3f,Kertas Art Paper 100gram A4 isi 50 Lembar,2522976723,Phụ kiện thời trang
train_3298027476,85ceb6172e86773ad92889e8e7eea97b.jpg,b7621f4a491e48b7,STANLEY Combination Wrench Set - Kunci Ring Pas Set 8 pcs STMT78099-8,1611066645,Nhà cửa & Đời sống
train_658737175,f6ef53d7d4e69228ab126c2b83543d14.jpg,b2339bcccc993266,Kojiesan Dreamwhite Toner Collagen 60ml,3699964574,Sắc đẹp
train_2994682231,0ff8f9bc7f0f1c5ea756b9c41168588f.jpg,f2d287da0dda38d0,Obat Sakit Gigi Cap Burung Kakak Tua,2339638407,Sức khỏe
train_45710717,f1fd8963c02aa373e3843cfeaeb4a578.jpg,e7329a4dc9988e4d,Kojie San Dream White Anti- Aging Facial Toner,3699964574,Sắc đẹp
train_1724760722,0190e8da4a4c315050a6d1884c25f907.jpg,b333cccccccccc89,Skin Aqua UV Moisture Milk 40g SPF 50,2123332638,Thực phẩm & Đồ uống
train_856110584,30bd85cd0afa6f7cdcd875cbd2250f1c.jpg,fe4280b4c13d7c5b,KESET handuk Merah Putih motif strip garis garis 40x60 - Warna dan Tebal Campur,3773023553,Nhà cửa & Đời sống
train_1638187876,cb6f0000da9284b7b61df098a72e9341.jpg,efc096b0d38e98c3,PASHMINA KUSUT POLOS RAWIS HITAM,509010932,Thời trang
train_2844388369,123821a0f33d829ad8df6c26ca706e41.jpg,9f0fc6470e1ce8f0,Sades Wings10 Gaming Earphone,3111902365,Điện tử
train_1530309331,398ebe06ecc601449b2e2c4a59ed71eb.jpg,e633998999666666,KLAIRS Supple Preparation Facial Toner 30ml,2463157749,Sắc đẹp
train_2505970813,ba4b45c2f45b4ef01d2f93b8b41903d3.jpg,ee9d9b66b4c2c160,AM085 Kotak Bumbu/ Tempat Bumbu Dapur 3 in 1/ Tempat Simpan Bumbu Dapur 4 in 1 dan 3 in 1,575798617,Thực phẩm & Đồ uống
train_2305367958,906dbc7ae48691d74482c70efc911745.jpg,e79c93632472c66c,SCARLETT WHITENING SERUM / BRIGHTLY EVER AFTER SERUM / ACNE SERUM / SERUM WAJAH,1163569239,Sắc đẹp
train_2788619332,7e2d03ea08b5b799f84d64daabc3d2e4.jpg,aafea5804f9762a4,Case VIVO Y20 Y20S Y20i Y30 Y30i Y50 Y12 Y12i V19 S1 Z1 Pro Y91 Y91C Y11 V15 V11 V9 Pro Y19 Y95 Y15 Y17 Y93 V5S Y81 Y71 V7 Plus Soft TPU Case Phone Covers Motif ENJOY,1443514486,Điện tử
train_4196323045,51da1df49c71bde4229f10508087e943.jpg,f384e26218b1af9d,READY Life Space Probiotic Powder for Baby 60gr 60 gr,2069743339,Mẹ & Bé
train_290863952,09202dfb218312485441d3206da1d4eb.jpg,9f68e087127a2f6c,MEJA BELAJAR LIPAT ANAK LAPDESK KARAKTER NAPOLLY,1330876523,Nhà cửa & Đời sống
train_4227549842,00b84a9606509d5e0901bdb6e150fe69.jpg,fb18c3e3cc2bd064,Nova NS 216 Alat Mesin Cukur Rambut Multifungsi kumis jenggot dan rambut,3580263851,Nhà cửa & Đời sống
train_1141098045,f6f3ed2a8d3ad16092c928f77998a346.jpg,ea95956a968d1933,[READY] Gluta Collagen Soap Beautetox BPOM [FREE JARING],159351600,Thực phẩm & Đồ uống
train_4178419804,e30b56c6391e87846a6a153bbff68230.jpg,bc4aa5a5de34d2e0,PROMO!!! TAS Totebag camera,3145779110,Phụ kiện thời trang
train_802789874,ef3a5dcf031dcebe7772b4a9d066bb47.jpg,aad42bd74ad51a25,Samsung Mesin Cuci Top Loading 11 Kg WA10M5120SG,3433885447,Điện tử
train_154076652,3a5a9eb12fc9ddb2de291d183684174b.jpg,d11bfc3432c4936e,SEPATU SNEAKERS WANITA JINTU,284754035,Phụ kiện thời trang
train_2281818008,c3908dfd795279bb89cd4932ea15f5d8.jpg,ba1cd24bc5a5618f,CONE MANGKUK SEPAK BOLA FUTSAL TRAINING LATIHAN BOLA KAKI KUN MANGKOK MARKER SPORT SPEEDS LX005-01,596811522,Nhà cửa & Đời sống
train_3273003631,efe078fda51ad34d7ecd55c9a8d3d1ea.jpg,e895c6689d7a6c85,KAMIYASTUFF Neira Slingbag Handel Kayu - Tas selempang wanita,2934912555,Phụ kiện thời trang
train_3367450685,351ea2ae41b1c4bf35930c178bf3a111.jpg,fe05817aa085faba,[home set GKM] sarung/Bando KIPAS karakter boneka,1429371944,Nhà cửa & Đời sống
train_326059127,575713d2fe645634fbf6bbfd00454632.jpg,b3cfcc33886cc631,Klairs freshly juiced vitamin drop 35ml,1613572780,Sức khỏe
train_27844203,7fec4906b33917a1fe132376ad7ccb6a.jpg,ab12c0f9cc913ab7,Tas Wanita Import Jinjing Dan Selempang CHIBAO CB7701 7701 CB701 701 0156-01 7701-8 Bordir Parasut,2137811355,Phụ kiện thời trang
train_2633277918,30590ad03ba3b89770b2ecc0763b964a.jpg,d8478be9a4c7909e,Safety Goggle Bening Murah Kacamata kerja Lab anti-Virus Dust Fog laboratory Goggles anti Dust Fog safety impact kaca mata gerinda Pengaman Pelindung Mata Import,852852893,Phụ kiện thời trang
train_1493038623,8edca62c9b8da9cb87a157713682b18e.jpg,bc97956c933c38e0,Battery Samsung J2 Original 99%,2620666302,Điện tử
train_1836609334,4cbb85f694402aaf15eb5880c7194792.jpg,aa9da6ef85504473,SEGI EMPAT BELLA SQUARE 110x110,3770883933,Thể thao & Dã ngoại
train_107312092,4aa47efc4a834fc68488d1f159933319.jpg,85d83c2d2576c69e,Ponds Age Miracle Night Cream Moisturizer Krim Wajah Youthful Glow 50g,917624949,Sắc đẹp
train_895605782,d30fcce431e7b5c9919fa98c6130e2da.jpg,e691ae9228d3e71a,FASHION MUSLIMAH JILBAB INSTAN NIQAB  3 IN 1 / JILBAB JUMBO MURAH BAHAN JERSEY ORI ENA ( MIRZA),2284373882,Thời trang
train_2796119577,71f7aafdd36e3f140fc1d7f7abc58bad.jpg,bc1bc324e33466c7,[SEPASANG] KAOS KAKI PELINDUNG LUTUT BAYI / KNEE PROTECTOR BAYI,2912212709,Mẹ & Bé
train_4097025108,d809b45e6b9f04f36bb6e1ffb818fd60.jpg,fabdc107854a955c,Sticker 3D Karakter H120 KPOP Korea BT21 / Tempelan Sticker Buku & Alat Tulis Label Dekorasi Aladdin,1261987196,Nhà cửa & Đời sống
train_3375155783,06b789c6c559b37ad032331422d3243b.jpg,ef85d19af0630a2b,"SPONGE , SPONS BEAUTY BLENDER / spons egg/sponge telur",1111259106,Sắc đẹp
train_552116242,f1e2f31e810224689a98d33398bd2463.jpg,9b955145810afdbb,(BISA COD) TERMURAH CELANA JEANS PRIA,3678349373,Thời trang
train_3106673627,8f2b9e8a050db967771715de3623223c.jpg,ea60d57f94971684,TweedyToys - Mainan Edukasi Cognition Puzzle / Puzzle Mencocokkan Karakter,605914940,Nhà cửa & Đời sống
train_3271302289,f9965529d28a3770681ad6d14432b996.jpg,e2ca58e819a725b7,137 Degrees Pistachio Belgian Chocolate 180ml,2673473861,Thực phẩm & Đồ uống
train_439781287,b5c5e421de67cf9f251fb2978e73a38c.jpg,bdc0c793c61bc196,Buku ABACAGA Cara Praktis Belajar Membaca Untuk Anak Usia 5-6 th,1780690017,Nhà cửa & Đời sống
train_3335610237,3daf906e9a70d36a793eec7ccde36483.jpg,ce72c08fa51b99f0,Car Holder Flower Flexible Universal Gekko VIP Stand Holder HP Bunga,452508504,Điện tử
train_250139717,3074e913a2a9ac90cc5dc162cf025fc9.jpg,a747d898d86cad23,"^KHURENZA""PEMBERSIH KERAK MESIN TAMPAK SEPERTI BARU""",275760310,Nhà cửa & Đời sống
train_2953043464,8a57814ff97aa92a139607b3cde30f4e.jpg,e92b9131b631393b,FYGALERY Cermin Bulat Karakter Kaca Cermin Make Up Mini Travelling Motif Kartun Colorful HR210,3227121134,Nhà cửa & Đời sống
train_432893561,5496557ddfe3fa328779d28ea3236124.jpg,fac3973bc14bc830,jilbab / anak / bayi / hijab /allsize 0-3 tahun/ BERGO TALI POLOS,862560029,Mẹ & Bé
train_3838492072,9ffe85ff26ae972dabd04a8f9032c0f3.jpg,af92e42f9f02e0d1,Jaket Jeans Denim Cewek Oversize Bioblitz (2pcs-1kg),1870827695,Thời trang
train_2387427315,1be6cf453c550b9b9417921806faeca9.jpg,b138dec3e5e61826,Bibit tanaman obat salam daun salam (Syzygium polyanthum),1919417064,Sức khỏe
train_2950766168,91ed415914668a332d2c31ee94d9ed1d.jpg,bec1c7c19d1cc172,MEDICATED OIL 40ml / FOUR SEASON 40ml,1567080949,Sắc đẹp
train_3256768265,61d493bd29e8c27370edf74a817aa722.jpg,fe85802e95c935d9,Loose Leaf A5 - Bookpaper/ Kertas File,3180258517,Phụ kiện thời trang
train_351250497,ae2cb17de9fc38d656c001f59b508096.jpg,eb1794e8301f0f65,KABEL DATA VIVAN CSM100S ANDROID MICRO USB 2.1A FAST CHARGING SAMSUNG XIAOMI OPPO [VIVAN CSM100S],3959821353,Điện tử
train_1972732851,cb73bca1d1bacceea518ab1a4350db0b.jpg,e1966c32936b34cd,PURE KIDS FEVER FREE COOLING PATCH GEL ~ ISI 4 LEMBAR,1715041013,Mẹ & Bé
train_4164511179,1761c10e92e97d3e1717d54b26676f46.jpg,bd9dc2e0c03b3bc4,EDW 320 Dompet Kosmetik Polos,3626831010,Phụ kiện thời trang
train_2435717374,5a18f2942ee31cf7de91852e346f79b4.jpg,e2a9855dae63d162,Tali hijab /  Tali kepala  /  Tali Masker - 26 WARNA -  aksesoris masker - HANYA TALI AJA,1112690691,Sắc đẹp
train_2425174052,5d682bb884c05ad337293f77f257c7d6.jpg,cf9ea0292d830f76,ACNES OIL CONTROL MILK CLEANSER - TONER  110 ml,2210745930,Thực phẩm & Đồ uống
train_631312859,7a5c862a55015c83d41369c6d8e16a3f.jpg,c580b119de67a976,Good day white coffee 10x20 gram,758110628,Thực phẩm & Đồ uống
train_1611583388,d3212cb492aea55b6dba4b8edc872b00.jpg,bf60d1fed18cc089,LITTLEOLALA - Premium Baby Sleepsuit Motif Dandelion,855443949,Mẹ & Bé
train_2226730653,17cad17ddd518c95faba15621386f0de.jpg,e896858797969a96,Long neck man black - Sweater pria - Rajut katun,447873549,Thời trang
train_281513862,708d7906f686583b226cfd6b70ce5f3d.jpg,d610d8f6e827aa2b,MAXY AUDY| DRESS GAMIS MEWAH MURAH BERKUALITAS BAHAN MOSCREPE TEBAL,23125363,Phụ kiện thời trang
train_986606202,a0094ac02f07d8d226483a47de04be8d.jpg,b33330cb8ccdccc9,Miyako KAS-1618 B Kipas Angin Berdiri / Stand Fan [16 Inch],2231601193,Gia dụng
train_2134970615,968725ad5aa974b91c01d1196b06598a.jpg,ead58da98fb09415,100% ORIGINAL BPOM Salsa Dynamatte Lipcream Matte / Lip Cream Matte - Long Lasting Matte grosir,1201602115,Sắc đẹp
train_1820535872,027df1b1101d68ad0ef31e8bf3b7fc73.jpg,fac1c5cc46867e86,KARBOL PEMBERSIH LANTAI CAIRAN DISINFEKTAN WIPOL BOTOL 450 ML,854939166,Nhà cửa & Đời sống
train_4182674456,284f9582dedef50f1a32b692411705b8.jpg,df197e06443f8307,KURMA TUNIS TANGKAI 1KG,3667798812,Thực phẩm & Đồ uống
train_2079568096,ffb355e7707313dac74d60b5d13d2d4e.jpg,f841cf6bcc4a850f,EPSON 664 - TINTA BOTOL ORIGINAL EPSON 70ML UNTUK EPSON L SERIES L100,1518626050,Nhà cửa & Đời sống
train_1936082812,35c242086ac0751ff91ac3e069da9d31.jpg,ea3c94c2c947db25,SEPATU SNEAKERS PRIA/WANITA XBO SPORT,3815469593,Phụ kiện thời trang
train_3359890363,59afe69e7581f943b74fabfa27164803.jpg,eed25068959992ed,TERMURAHH JILBAB SERUT POLOS JOKOWI JERSEY LICRA PREMIUM La,2158251648,Thời trang
train_2721383565,5dc0a645807ec85ba540e39ee7a1db04.jpg,b939c692c34e9867,Chek Hup 3 in 1 Ipoh White Coffee King 40gr x 15,2723899357,Thực phẩm & Đồ uống
train_466770390,9613e8081a0a7c2a1f9a0a20f74b8bbd.jpg,fbb1cecc856383c0,BAJU SETELAN KIDS / SINGLET ANAK LAKI-LAKI USIA 6-24 BULAN / 44,2423415527,Mẹ & Bé
train_1080698977,a02c3762ee7dd2ae640f5f0d658158c7.jpg,e396da699c4e8cc8,Bergo ALANA tali+mask,3801514961,Sắc đẹp
train_2220525500,aded1449837bcd1c4843cde93b19897c.jpg,b139cc3199e66699,ST Ives Acne Control Apricot Scrub 170g,1393385481,Sắc đẹp
train_1575813596,b4fcfdb1dc9ca4beed1741d288e7746b.jpg,fa1e95e1e2644a93,PAKET CREAM COLLAGEN ORIGINAL 4in1,3742739192,Sắc đẹp
train_227941223,f1789d11958e626a9c0ca0c4baee8c01.jpg,c32c3b60d7c9b689,FASHION TERMURAH SLING BAG GESPER SELEMPANG SUMSHINE TRANSPARAN,1511152593,Phụ kiện thời trang
train_3322266162,8ee5131007bddb9507a66c01193d4d3f.jpg,fed1cc269548a81f,Kurma Sayer Al Saad 1 Kg / Oleh Oleh Haji Dan Umroh,1583529373,Thực phẩm & Đồ uống
train_2594944462,1eebda081e5583069e82bd640d3b8d61.jpg,f38dce269971cc48,[ Promo Flash Sale ] Mecca Syari S M L XL | Fashion Muslim Gamis Syari Terbaru | Bahan Moscrepe HQ,1019858566,Thời trang
train_924412601,5f8e065d0c76b3de7394af219cab647e.jpg,c84de14516ba7b47,Panci Wajan Listrik Multifungsi P8 / Panci Lapisan Keramik Wajan Penggorengan,1226500780,Nhà cửa & Đời sống
train_1655547854,53bef9f7307cad30ab9fd34184533454.jpg,f2b1c95eb6e803c4,hb E5 KAOS POLOS ANAK ADEM NYAMAN BAHAN KATUN COMBED 30S KAOS ANAK MURAH 1-4 TAHUN,2034928702,Mẹ & Bé
train_4286859517,66b514ae0aa024cdc240a8a022b84e43.jpg,c04f07387f28df70,Acne lotion/obat jerawat Larissa,1910606719,Sức khỏe
train_1826971005,fcb9cf1a58d57ce9364a36f86383965e.jpg,f8298931a4adccdb,Empeng Buah Bayi Fruit Pacifier Dot Bay,4031719865,Mẹ & Bé
train_1808934410,5c69be1febaf0936c51ecc0732f9c737.jpg,951f2b2775487075,NEW SANDAL JELLY MIKA POLOS,3486959857,Phụ kiện thời trang
train_2578052633,0411d8f891c61cdc37ea066eee4eb60d.jpg,ed9692b2c96d9292,Ready! Pure kids baby inhalant decongestant oil 10ml batuk pilek anak,3079715991,Mẹ & Bé
train_3825759619,1898768bdd80aec966e9696f765089d8.jpg,b5d4ce6159c660b9,SENDAL JEPIT SPON PRIA / COWO SUMMER EVERY STEP  LOULUEN,1024453873,Phụ kiện thời trang
train_2156588187,930a69b7cc89d6ce29888fda4373c031.jpg,afb9d0c6c6733038,Kain katun rayon polos eceran meteran,950582004,Thời trang
train_3217085115,23cdaa77a414bab05b5d4a5b42515b02.jpg,b399cc64cc33cccc,Kikkoman Fish Sauce 150 ml,732294763,Thực phẩm & Đồ uống
train_3642606932,3fb764dfa308eff4d38db90f4daf42d9.jpg,f19d46c65b336464,Baju baseball Jersey baseball Pria Wanita NY navy terlaris,1088036017,Thời trang
train_2182920282,68e888a230e7ff8a3086a4255b52202e.jpg,834afc2043bf36d9,CABLE BASEUS NIMBLE USB TYPE C 23CM 2A FAST CHARGING ORIGINAL,2183454261,Điện tử
train_2544946297,cc5b720449896f72ba6c023c0cabf5a2.jpg,ef3392642d91a46d,bluelans\xe2\x99\x98Pelinsung Kabel Data Charger USB Bahan Silikon Bentuk Spiral untuk Handphone Universal,3682428332,Điện tử
train_1420228920,45bc23aabacba7f5899e9ba912fa7f27.jpg,faa0e667a5178951,renta#2 maxi dress,1529681595,Thời trang
train_2678063394,7928334b02b72241494109b86e3339e3.jpg,c40fbbf0c60b19f4,(GROSIR) MASKER OXFORD 2 LAPIS BISA ISI TISU DAN BISA DI CUCIo,1457227967,Sắc đẹp
train_2216410129,a686e2f8da171789cfa7ac586225a8f0.jpg,edc5902a8b3cecd4,Jaring Ikan Hexagonal Hole Fishing Net Trap Cage - H14572,3460411879,Sức khỏe
train_1887921479,34590009f3524fdcf7acd607dfd4e297.jpg,eae01ebaac94e2b4,SPREI KINTAKUN DLUXE 120x200x20 CM MOTIF MEIKO - SCARLET - TIANA - CASEY,33000780,Nhà cửa & Đời sống
train_1447195766,12c5a0402e622eb0e1b2c7fe18f8b63f.jpg,eb5a9735d08527c8,baju/ kostum mermaid sisik emas eceran harga grosir,3944450190,Thời trang
train_26894087,d641ed9e3bda947e09fbc615fc3a5291.jpg,fedb8e3658a061e0,NEW!!! Tas Selempang Wanita Fairly Mini Murah,2418158256,Phụ kiện thời trang
train_719800812,a0a392b4925f3481f746255d30b2b165.jpg,b896c7998e679834,Ready Kathh Mask Coffe,1851016573,Sắc đẹp
train_4044141741,1af53473f30b62ca8b658f6292ba0e3d.jpg,f6befcb0c068c8c8,SABUN PYARY ORIGINAL IMPORT SAUDI | 100% Original Garansi uang kembali,3202881534,Sắc đẹp
train_967133822,f8984db954030053b9fdc7b2547b21f4.jpg,a3de09f623fc4309,Wardah Renew You Anti Aging Intensive Serum 17 ml,1334396542,Sắc đẹp
train_666627179,f201e99f98a92d5328b688b86afd654a.jpg,ac69e1e41f9127b4,Setelan kebaya Peplum Prilly anak 1-2th,1872019742,Mẹ & Bé
train_2554588206,4ed41af3e14c7437e3faa1b56fda191b.jpg,f0a957214fc62f4a,Rak Gantungan MultiFungsi Sudut Dinding Tempel Rumah Dapur Toilet Tempat Sabun Organizer,133933733,Sắc đẹp
train_4058602874,4faab28f9c18068c5935d9770be6abcc.jpg,b61c99cb6361f498,E018 - STANDING HANDPHONE LUCU PANDA BEAR STANDING HANDPHONE BAGUS,3183595062,Phụ kiện thời trang
train_489884886,be1c85c8909d2a87a0cecbfe8cc8abc3.jpg,fa8781788e799368,Mainan Anak Tradisional Game Air bentuk PSP (Mainan Jaman Dulu),2022021717,Mẹ & Bé
train_296085715,2c3b4fe4b56c0faecae1afe945725a32.jpg,a54fec2d4d82f813,TFS JUMBO DRESS ANNYEONG,288343058,Thời trang
train_3290848650,e9cd82441c8205dff7a8661b47b5bfc7.jpg,eb370e999c99e424,JILBAB SEGI EMPAT QUEEN / HIJAB MURAH,1216084470,Thời trang
train_612716048,3d1aa8b5773842f5498ab2d3ba7282b7.jpg,aeb6d2e89851cd0e,Celana Dalam Anak Cowok LAKI LAKI / SABLON / BANANA / 056 ESSEN,1760031776,Mẹ & Bé
train_2917169596,7dde9752053dc9651a9763a7acac6237.jpg,bf4bc0b42e62798a,Catokan Catokan Sonar SN 823 Splint Straight Hair / Catok Plat Lurus #HB021,168301489,Sắc đẹp
train_481999629,4fcad890fd0ffc0daf52d3a527f0384d.jpg,e211bd66b54a9993,Haylou GT1 / GT1 Pro GoogleAssist Tws Bluetooth Earphone Nirkabel Kontrol Sentuh HD Stereo Headphone,773944833,Điện tử
train_698653694,38c75058bcbe6777bbf4b0e057f36954.jpg,e49963ec49c99873,Tas HP SlingBag Dora explorer,2718759617,Phụ kiện thời trang
train_3137677229,92660dc37823af520ceaeb51384c569f.jpg,cbefb430d1c3948c,G-129 Bracket Classone Cheramic Transparan Bening Mini Roth 3 Hook Slot 022 Resin Clear Class One,1863236168,Nhà cửa & Đời sống
train_4207068046,c2bc54bd027924d54f85c004690004eb.jpg,adf5d24a372529d0,Bekasi ! BabyFB SLABBER SILIKON PLASTIK / CELEMEK MAKAN BAYI ANTI AIR / SLABBER SILIKON BAYI,4228591399,Mẹ & Bé
train_3939264919,6a7ef977b6850cc5e06ad7be516cca5e.jpg,8fd14f2bd01cbe50,sepatu pria Dlta cordura tactical gurun tinggi 8 inci safety boots ujungbesi outdoor,1779297273,Phụ kiện thời trang
train_4135197658,1e8815a3c7abec3d414678722bd8191b.jpg,b0604df9aad43772,Double Tape Nano Gel Bening Tahan Air Lebar 30mm Super Kuat Bisa Cuci,336893387,Nhà cửa & Đời sống
train_1301571760,3da4597232cd0b0aabd03c8150533aa8.jpg,d608d275f472ca93,MASKER SHIELD ANAK LIFE MASK SHIELD MASKER ANAK MASKER KAIN ANAK FACE MASK SHIELD ANAK MASKER MURAH,1620825543,Sắc đẹp
train_1553744737,0aa41cc81e327662bc843f008aac70ac.jpg,b0604df9aad43772,Nano Magic 1 m Double Tape Bening Tahan Air 30mm x 1m TAPE PU SOFT GEL,336893387,Nhà cửa & Đời sống
train_1067240091,0beef241633326e0bbcc986ab6963efb.jpg,f2928d6d97695492,SHARE IN JAR BOTTLE NACIFIC FRESH HERB PHYTO NIACIN SERUM TONER ESSENCE,2843883548,Sắc đẹp
train_2337330113,6499b98d4e0f900ec649ccd81bb963b1.jpg,81f50ede374a3c49,Osm - F540 Sepatu Flatshoes Karet Wanita Termurah,833264571,Phụ kiện thời trang
train_528394457,3c55af5c2a444b75b97009e39ac46c2c.jpg,cdf424cd3cc931c9,Cooky Tas Tote Wanita Tas Totebag Wanita Tas Wanita Murah Tas Korea Totebag Kpop,2669812524,Phụ kiện thời trang
train_1212128151,1ae08aea1c128715b5345b6c6b96e80a.jpg,aa8b12f416b137ce,COD/BAYAR DITEMPAT - Buku Islam Mendidik Anak Laki Laki - Aqwam - 100% ORIGINAL,505860016,Mẹ & Bé
train_2358100521,2a8ba008866958c389882d340741dc1a.jpg,bf2dc0c03f1f6434,Oven Mito Fantasy,2133235145,Phụ kiện thời trang
train_1614570990,7102ddebe50b5fe1d4a835a1c0e3074d.jpg,8e91e1629999679e,Julius jam tangan wanita korea asli sederhana tahan air JA-1122,3768552290,Phụ kiện thời trang
train_4156393,fa996e422a1d151665c6e67bfeff2f05.jpg,e59cc2639e366961,Koko anak rayya syawal 1-5 tahun GUDANG.CLODI,579273273,Mẹ & Bé
train_2847641686,ee3cc28819caaeac676dae19d1724c82.jpg,dd952a58e2bde052,Ertos NIACINAMIDE PLUS WITH ALOEVERA MOISTURIZING - SERUM ACNE & FLEK HITAM,315481361,Sắc đẹp
train_756444791,1cf10c608685c44410ace582e42290f0.jpg,8b37c8dac34887f4,RX FASHION KIA BLOUSE / NAURA BLOUSE / ATASAN MOSCREPE BAHAN TWISCONE FIT L 1R,2206777473,Phụ kiện thời trang
train_1710566465,e4f0013bea21e8da7ff8b0e02a8cba04.jpg,e32635c9ccb5cc91,Ikyusan Air Disinfectant 300ml (Organic Baby) [ HE 919 ],2634848676,Mẹ & Bé
train_3076387099,444a51b6a878c02e074a2b3f0158dad7.jpg,f96af9c491b90a25,FREE BUBBLE - HELM T1 MODEL INK CX22 DOUBLE VISOR MURAH RESELER COCOK PRIA WANITA  DROPSHIP RESELER,877705286,Nhà cửa & Đời sống
train_3219879882,87276f4aebed65ee33a15142fb469f7b.jpg,ff86c49fb2c0b0c8,Kain katun jepang toyobo ori japan royal mix lebar 150cm / katun jepang polos / bahan masker,486632107,Sắc đẹp
train_2136070630,7c2cba0e09a0fcb50cacff53b522a181.jpg,946d7a360fd0ca4d,"Kola Go - Mengatasi nyeri sendi, Osteoporosis & Menjaga kekuatan otot - kolago",4101480140,Phụ kiện thời trang
train_928374630,caee87831c1ed7cca16ef188d2026cc4.jpg,fb929591ca6ea509,Dompet Kartu / Dompet ATM Emoney Card Clip,1179631934,Phụ kiện thời trang
train_1982083012,54d9ac90baa0084f1246256b4beddb2b.jpg,ff06c0e93dc6482d,Marshwillow Nail Boom Nail Polis Playfull Series (set) by Natasha Wilona,933146825,Phụ kiện thời trang
train_57689090,fadd6193b82083bb9dc2ca10843ecabe.jpg,abd4806bb6d26996,Garnier Light Complete White Speed Serum Cream Extra SPF 19/PA+++ - 50 ml,2725797685,Sắc đẹp
train_1316936602,caf6bd6536b3a155b045ebb00ffd47b2.jpg,a63ae15bf0e8e8c4,Mu touch shower cream 1000ml,1764824678,Sắc đẹp
train_3425409472,fcdb15b55928a0f41244f67d9004bab9.jpg,e8c394cd9b369932,Jam Tangan Anak Digital Skmei 1144 Rosered,1437750952,Phụ kiện thời trang
train_479980569,e2df9968149012ae168d2e9601aee11a.jpg,f846c7381ac72c3e,15gr Masker Bubuk Organik by lea gloria Masker lea 15 gram,3465761771,Sắc đẹp
train_2084831093,4498e300cf105478232af0a0740dc7b9.jpg,8df6a8add66a054c,Masker kain  - masker hijab - masker karakter- masker pelindung debu - masker headloop,3983880329,Nhà cửa & Đời sống
train_177737816,fbf427996e5ea57710718b23a7b9744e.jpg,fab111489dc3c74e,Balance 1606-3 sandal wedges/ sandal jelly/ sandal wedges wanita,1065718333,Phụ kiện thời trang
train_1577098440,e0b1756f767a600fbfe2c4180c39ea8b.jpg,ea6694399599959c,holder hp gurita/gurita hp/holder tempel gurita,217774922,Điện tử
train_1914971729,d710f9877001f6d0e0cca4435860cbda.jpg,9b2df16f80d24ed0,Atm Celengan Berbagai Karakter Bahasa Indonesia,3688346948,Phụ kiện thời trang
train_3454071238,b64201e8ce4412f39276257a6c8fbcb4.jpg,f9cb92306ec5a0ce,CR CMK012 Xylophone/Alat Musik Ketukan Kayu Mainan Edukasi Anak,242136445,Nhà cửa & Đời sống
train_3199340661,babf218389a8772d963ee388f512a444.jpg,bc4aa5a5de34d2e0,totebag wanita camera (pake reseleting),3145779110,Phụ kiện thời trang
train_2753295474,0b5b2b2b3f84721140a7e18c2e43a4ff.jpg,bbd097a7870f4a50,grosir_solo ||PROMO!!! CELANA BAGGY PANT XL_BODY BIGSIZE_CELANA BAHAN AMERICAN DRILL || 1kg isi 5pcs,2660605217,Phụ kiện thời trang
train_2162256432,baff16def076bb951168daccdf4d6903.jpg,9bd9b91129da8768,Goodiebag kain spund bond oval 30x40,497927023,Phụ kiện thời trang
train_3336913317,6c95d557f905d1a5addcf7a3b1ac2ac0.jpg,fc15856a94699e2d,FDR 70/90-14 Flemmo Tubetype Ban Depan Motor Matic Honda Yamaha,4148231465,Nhà cửa & Đời sống
train_888082882,fb1b7be2d70f974023ccc341029d30ba.jpg,b333ccc3cc2ccccc,[BAJ] JAM TANGAN APPLE WATCH IPHONE RUBBER ANALOG IMPORT // AP023,1094131958,Phụ kiện thời trang
train_10918676,85297761bce069e3daad204eb5da4bd9.jpg,b38ccc23cccdc333,La Tulipe Acne 2 in 1 pore cleanser,3634193612,Sắc đẹp
train_493010813,76a49b28b99000ee0f4bc339cc48b088.jpg,fb899466a9786a94,Botol minum 2 liter - Seliya - Bejorejoshop,1862772245,Nhà cửa & Đời sống
train_2398344447,254d854e68054ebcb843e4e7103bd12a.jpg,ce9992630c6d1b75,Topi Korea baseball cap YOUTH style humble Korea Rafel Ory,1080492366,Mẹ & Bé
train_4208154496,fa313cd20d5c4eee90f3403017e7040f.jpg,bbc0879cd987c03e,"b""[3 kg] Mom's Baby Kasur Bayi Lipat + Kelambu 3 Fungsi (Kasur, Sofa, Playmat) Mildy Series - MBK 4013""",2389632852,Mẹ & Bé
train_2165364184,301617a58897c9d8db5c3fb08b6a15d4.jpg,9037e8daa7c9dac0,SCARLETT@ ASHWIN SYDNEY SNEAKERS EDITION S502105 NDY# FASHION BRANDED IMPORT SNEAKERS WANITA BATAM02,794382785,Phụ kiện thời trang
train_1389865368,67c2b111bd85eac6699813732e17097f.jpg,ee1591dac1633c3c,ZERNII WATER FILTER ALAT LENGKAP,3469866782,Nhà cửa & Đời sống
train_620570788,f5da9b24fdbaf7dc9edca456c5e7d716.jpg,fc6c83915a6e2c65,Bagcu Shopping bag /Kantong Belanja Lipat Bagcu,3187904921,Phụ kiện thời trang
train_3519205589,946889c7f4b3cc99db62bcb459306f3f.jpg,95956ae21b6ec259,HANDSFREE HF BLUETOOTH i7S TWS WIRELESS,3958825391,Điện tử
train_4113914044,9766557f172482efb43ab589c9a867fb.jpg,bac3c639d0c417da,Original Boya BY-M1 Lavalier Clip On Mic for Camcorders Mirrorless DSLR PC Smartphone,811765912,Điện tử
train_4051806674,b2c7e6d4c0627e606298c67255498fef.jpg,81407fbf1a3d272c,"Lampu Tidur Anak, Lampu Tidur Hias, Lampu LED",1192966411,Nhà cửa & Đời sống
train_2236201598,ba1efbcd2d98e20606bfa7588df2cf79.jpg,fb4a3e9494d0e313,HOT PANTS MUNIKO SALUR | CELANA PENDEK WANITA JUMBO,198574160,Thời trang
train_3414293340,fbced36545a91bf5596647250db71dcc.jpg,e7ac5cd3304f2998,[READY]Sabun Gluta Collagen Beautetox Chocowhite Whitemilky Soap,159351600,Thực phẩm & Đồ uống
train_3225495514,fc046795ccecdd95264d7723d73be79b.jpg,bd554a0d3328b4f3,Tenda anak 100x100cm,2651183235,Mẹ & Bé
train_4271719007,311fea1d2234701ca2018cae38f60ca5.jpg,be9cc1e3963c6982,MASKER KAIN POLOS OXFORD GRADE A PREMIUM QUALITY / MASKER AKSESORIS PENGENDARA MOTOR,1709902370,Nhà cửa & Đời sống
train_2356466469,2860adcd76a1ed16de793cd26cb8e221.jpg,e4939b64c6319a6d,Little Palmerhaus - Kids Denim Jogger (Celana Anak),1869226442,Mẹ & Bé
train_3756477860,3d690245b26aae0e890559d3de1033c2.jpg,b70fc9e0682e9f30,HEADSET BLUETOOTH WIRELESS i11 TWS 5.0 TOUCH CONTROL,3527300842,Điện tử
train_2451825701,8dc3b3fde9a6fcc964e34cd44dfe54af.jpg,ab5af9da9290da48,GORDEN SMOKRING + RENDA / PONI PINTU DAN JENDELA MOTIF EMBOS EMBOSS / POLOS WARNA,2911345952,Thời trang
train_1310421846,d47a64b8d74772e63c0615d05a2da52e.jpg,d145ae3287adbc92,[MAMAYA KECIL] SABUN PEPAYA / PAPAYA BY MAMAYA ORIGINAL BPOM 75 GRAM,2384099722,Sắc đẹp
train_3649296199,750c53dc441f507bd374d0c9422970ab.jpg,ebe9c13839e16a1a,Celana Jeans Levis Pensil Skinny Pria Ukuran Besar 27 - 38,816065745,Thời trang
train_1694463085,02acc9a5a70c8586380d3acbb9b2dd46.jpg,be0f8792274cb135,Meja Belajar Anak Karakter / Meja Lipat Anak Karakter / Meja Laptop / Minimalis Serbaguna,921303212,Phụ kiện thời trang
train_3930566485,d285cb7f9cf0f3657ad27248938f6d7b.jpg,e63599585b24355b,Acome Wired Earphone Headset 14mm Diafragma Clear Audio Garansi Resmi 1 Tahun AW01,286465092,Điện tử
train_1400047013,38bb50a3daa06b374a72bf310a567996.jpg,bc2cc7d032939b3c,BOGOTA SKINCARE Night cream ecer / normal & acne / bogota beauty / pemutih wajah / skincare,384557186,Sắc đẹp
train_844118769,133eb0009f4870d06da92b3a63de4b2b.jpg,a63789990f9d6662,YOU Golden Age Illuminating Day Cream 18g [Total Radical Protection with SPF 30 PA+++],791476097,Sắc đẹp
train_2600816306,668feeaf7a03b77fe376b0fc0d908e88.jpg,e792990d9c67b262,((COD)) CN Cutbray Palazo Import BKK With Zipper / Fashion Korea /Celana panjang/celana import/,3695290182,Thời trang
train_1046769490,6f160950258076c1bc85fcc261d2c4ad.jpg,fe6cc3b88cb39148,BIG SIZE (Sampai Sz 42) Skinny Jeans Wanita Celana Panjang Jumbo Cewek JSK Jeans Denim Jeans Wanita,2677619773,Thời trang
train_9159764,3d59f7b107c14a3d2123e46c9b16a48b.jpg,f7821fd22dd8c02d,PIGEON Baby Wash Chamomile 200Ml | Shampoo & Sabun Cair Bayi,2754379298,Sắc đẹp
train_578634056,1c5cf614f832786ce4d1a40739132d15.jpg,e924e435936ce5c5,Tas Ransel MIni VL Victory,889771636,Phụ kiện thời trang
train_1950639044,ace8203a997d77e971e7faa3266125d4.jpg,cb592066c6399bcd,chandrasurya TUSPIN PITA Jarum Jilbab Hijab Aksesoris Wanita Muslim Korea Cantik Kerudung,659856182,Điện tử
train_1553589,0aaed845bfddcb32b70fdc6b4ba68239.jpg,a896c3c2b53f9634,Jaket pria IKC 002 distro cbr six Bandung hoodie dua sisi bolak balik keren grosir pakaian pria H0D7,3557183765,Thời trang
train_2973180059,76d746a7cb2237e476bd4191ace858af.jpg,b332cccf43cc1999,DASTER KAOS JUMBO / DASTER TERMURAH,2808461087,Thời trang
train_3520836374,e70c7ab170ebc1c42bbc6e9adda76773.jpg,e2659d1e12d86ad3,OSM JKT J149 Jam Tangan LED Strap Rubber / Jam Digital / Jam Unisex / Arloji,3283040645,Phụ kiện thời trang
train_1010113489,d2a27ffdea6fd38683efd2a478319cfc.jpg,ab8684078f3dc657,[ADER SHOP] Gantungan Baju Karakter | Kapstok Karakter | Capstok,3416183195,Nhà cửa & Đời sống
train_4233442225,671aca46709f9390d20ce735fe8ffb17.jpg,c88f36736b85cd30,PRIME PRIMEROSE JOJU COLLAGEN 33 TABLET ORIGINAL DISTRIBUTOR RESMI/ UPDATE DARI CL COLLAGEN 12TH,709353370,Sức khỏe
train_647014306,6070a472aa12b799d530f8d6de98d27c.jpg,ee81855ef1689565,KAP LAMPU GANTUNG/ KAP WD + FITTING GANTUNG E27 uk 30cm,2949933659,Nhà cửa & Đời sống
train_194273808,94853c1e9c0ef9fd6398aef69eb243c9.jpg,b8e38599c63c6f30,MORYMONY DOMPET BLACK PHANTER - Dompet Lipat Wanita,2498542265,Phụ kiện thời trang
train_3846259178,7facf70f5890f00d45cedfd187a1b2a1.jpg,af32c04dac34b3cb,OTO HOOVER BOLDE - Vacuum Cleaner Interior Mobil - Alat Sedot Debu 12 V DC,2206258979,Nhà cửa & Đời sống
train_2481095925,298864390effbb8517a69f3821fc3516.jpg,f0958f3a4c60b5cb,Sekai Kipas Angin Meja FCU 1035 - 10 inch,408060723,Gia dụng
train_3129517250,595d3ecfe180324503a14252c0333a87.jpg,b293cdccb63191cc,Nuface Facial Mask Anti Acne,257984140,Sắc đẹp
train_3168234566,28c578237c5b36efc49d41ef86124d0c.jpg,faa4bd7b4294a18c,Kojie San Face Lightening Cream 30gr,2134514629,Sắc đẹp
train_3425512268,2bfb3d25cfd023e7a3b70feeb5edbd0c.jpg,ef3390cc946b6e14,KSM Powerbeam Lampu Depan Sepeda 5 LED & Lampu Belakang - WJ-101,2832357206,Nhà cửa & Đời sống
train_3837417318,a0b31a48a06ad984ca0413775642c542.jpg,9f6db2b88c92f444,Cussons baby wipes / Cussons tisue basah anak bayi tisu tissu tisue natural soft,2947146461,Mẹ & Bé
train_3812876516,2c0a43de4134729651c74a139bbeab84.jpg,b8a9c6a7871e9649,Mainan Pirate Jumping Game,3542310171,Điện tử
train_4211797822,bf000d68acea3de3119cd7f6d2e28da8.jpg,bbcb16f01ae0039f,Serum scarlet,1163569239,Sắc đẹp
train_4169282500,b4726b5abb4db09e9248a14252a4c5fb.jpg,e85b85a59ee0334b,Lcd Iphone 6 / 6S / 6+ / 6S+ Plus Layar & Touchscreen Digitizer Glass Display Ori Bergaransi,1323612960,Điện tử
train_290486421,660222cbc54af20a57215c5889fd5128.jpg,ef25959acac02d6c,OMGENDUT Xylophone Mainan,3206317999,Mẹ & Bé
train_3017172184,2527a54c5247af7de9cf28bbb2c1ed35.jpg,c8e53d1ac23d8fe0,SEPATU SNEAKERS DB RDI02,2693848485,Phụ kiện thời trang
train_2363459771,88dab14c5a0a2d3e15d9eea0becfa410.jpg,a9d496219a6ecd3c,Kurma Sukari ember kemasan 850gr,2214640257,Thực phẩm & Đồ uống
train_1542634621,d0bd48684e64b5828d3320a6c3c419d3.jpg,ed92c3e994ed920a,T-SHIRT STRIPE BIG BLACK - WHITE / KAOS STRIPE HITAM - PUTIH GARIS BESAR,2720162070,Nhà cửa & Đời sống
train_3064482315,e82c1876b2b782e352c156aef46698f4.jpg,c80c9485f0f2fbe9,INNER BANDANA KARET JERSEY POLOS/BANDANA  KARET JERSEY/BANDANA KARET POLOS,2419539248,Thời trang
train_848319062,13a9b55669d1ebbefdd8ea25798a6c8d.jpg,938b8e0c0e7b0f75,Alat Pencukur Bulu / Rambut Elektrik untuk Wanita,3202128395,Nhà cửa & Đời sống
train_2548327910,2c1eb34f4f27babcc49e7f10fc10992e.jpg,bbb295216a3f35c0,Fygalery Catokan Murah Batam Catokan Import Catokan Rambut Wanita Catok Mini Haidi Topsonic HD-768,2986160770,Sắc đẹp
train_2310888731,d5a21fd8b20038dec18a743def927097.jpg,9fe1e01e87c31a2d,ring basket single untuk bola basket size 7,279495752,Thể thao & Dã ngoại
train_242811238,615fce960dcf232a0025b3c050ba56d6.jpg,ba910f7cf087c3d0,(BLUETOOTH Chip 16) Speaker Al-Quran 99 Qori Advance TP 600 memori 16GB Terlengkap,1553075002,Điện tử
train_4125260414,cd4bb44e0dfc394c8cef8dfa2fe1de72.jpg,ba4f95e0c236256b,"SGC 53 FLIPFLOP SANDALS MUTE,",2086433099,Phụ kiện thời trang
train_2454293055,41db64ea500717e67365ede02014b858.jpg,eb3590483d8fc4f4,B2Y Pisau Buah Motif + Sarung ( Pisau Apel Pear),952183003,Nhà cửa & Đời sống
train_2247566755,72a02d2b141b3ae1b17e6207e918d820.jpg,bec19473383ec394,Dompet Import Dompet Kartu Kancing,1724130968,Phụ kiện thời trang
train_1405171508,3bb3b97c0d006ee8fac1611053f1c380.jpg,ace1d113c6968b7c,S530 Wireless Stereo Bluetooth Earphone Mini Headset with Microphone,1188436229,Điện tử
train_290945602,90d920f806ca6784fd131eff370e7e92.jpg,ef9dc462191d62ca,Josh&Joe Sandal Pria Keren - Putih01,1514204319,Phụ kiện thời trang
train_2548480872,d340bf61c6c1de915a18293d93008f5f.jpg,bee9fcbca02c6122,POKITA DRESS / DRESS POCKET / DRESS SAKU,2685099437,Thời trang
train_1177573553,e634926e94025cba715bba641c6e4ef7.jpg,e96a86e59a86cc3a,(COD) Jam Hp onix U9/ DZ09 (SMARTWATCH + BOX) (Jam Tangan Pintar ) bisa Telpon dan SMS | GSM SIMCard,4044845496,Phụ kiện thời trang
train_3918597348,08c7adc1ec9b24b791b6fea33fb2144e.jpg,b3cccc3299cccccc,Mitu Baby Cologne Fresh & Clean 100ml,587282424,Mẹ & Bé
train_462347484,06ba2698bf9b326bf0e432229271d8f5.jpg,b3cccc33333389cc,Whitening Serum By Aura Bright,58377970,Sắc đẹp
train_3959226353,de6dc19d93876d7d810b471868eb140d.jpg,eb4ac0c9c5adc47c,Celana training olahraga dewasa,2596872305,Thời trang
train_1029733396,d3d477475eeb0c54efdbdcdda37b0d41.jpg,af25d23e98d099d8,Cone Kerucut Marker isi 1 pcs 23 Cm Latihan Olahraga Futsal Skate Sepak Bola Speeds baru 006-,962737723,Thể thao & Dã ngoại
train_2147095743,732850122ecf88d8c9b43165903f0c0f.jpg,bea1c55ecb34e830,LADIESBAG TAS WANITA SELEMPANG CEWEK FASHION BAG MURAH IMPORT KERJA SANTAI SLING BAG  J8G7,1708472517,Phụ kiện thời trang
train_3759733339,7dadcedf29bcc180ead5b14cadcbfdfd.jpg,b25d8d21e705c87e,Breylee Step 2 Serum Wajah Pengecil Pori-pori skincare Pemurnian Pori Serum 17ml,3001123709,Sắc đẹp
train_1872604044,117fc108669bc20f0664bfbdcdc75846.jpg,fe4c6a9ab065494b,Mainan Go Fishing Duckling Series - Pancing Duck Ikan Anak Edukatif,118145987,Nhà cửa & Đời sống
train_516088437,0bfbda102009445ecfa7d516b14c31d8.jpg,bc3333633333638c,Skin Aqua UV moisture Milk SPF 50 PA++ 40 gr,2123332638,Thực phẩm & Đồ uống
train_324722145,45c2675606cbf37a5e55b11552bfb187.jpg,b986ce99c3783466,ISHANA Tanktop Wanita dewasa/Tanktop tali kecil polos/Tanktop cewek Katun,2172278652,Thời trang
train_3550756971,6eaef8f030f19f8e157761de5d7fde9b.jpg,e4b01bf9733b3c02,PowerBank ROBOT 10000mAh RT130  - Dual Port USB - Garansi Resmi 1 Tahun by VivanN,2493236254,Điện tử
train_3958817816,b983de232faca0a4d521669095ed8786.jpg,c7c283c9b8789967,Tas selempang wanita#CH 77 ARL,724703364,Phụ kiện thời trang
train_3209208163,8ccc899ed8f177ec4c9c2238876c7e92.jpg,b3a1fcc88c1b8dcc,Ms Glow Luminous Glowing Serum / kemasan baru / original,2092002172,Sắc đẹp
train_106191713,ba4cfa4daf5cbfbdc0396f4a159309aa.jpg,91138e4dcfe2399c,TERBARU!!! Sandal jepit pria LOULUEN,1024453873,Phụ kiện thời trang
train_1151186123,3411152ed791c7191bf63b27e6f63649.jpg,cf13865af26f8c03,PAKET CREAM RDL 4IN1,1333419571,Sắc đẹp
train_3491901981,2a3d7bf7819b0a4258dc53adff5b2b1a.jpg,d36c186633972799,Fantech X5s Zeus RGB - Macro Optical Mouse,1696985863,Điện tử
train_2930293647,0439533532252dca458cea0adbe5cb77.jpg,97e0e4193be69961,Sepatu Sneakers dengan Bahan Kulit PU dan Lampu LED Warna Warni Bergaya Sporty,798247050,Phụ kiện thời trang
train_2873751457,e3116606a9d8f0b9ad2f5db2cd7dc901.jpg,aeedc4d48b52911b,CROCODILE DENTIST PRANK GAMES FAMILY GAMES,3604334178,Mẹ & Bé
train_3866048168,fccade9417f83c4f8137248c23b81171.jpg,aa82f5d1a179d52a,Chil kid platinum 800gr madu/vanila,249398264,Sức khỏe
train_1018552940,7c5f1f934ee91f296931eaccf318cb2a.jpg,acb44ea5f14ac378,Sepatu Bola Specs Lightspeed 20 FG Original,1196769090,Phụ kiện thời trang
train_3600790521,cc9c9e33c1bf0349559ff42cc139aa39.jpg,a7de999949e161c2,1 KG MUAT 4 PCS | LIRA OVERALL / OVERALL WOLFIS / OVERALL POLOS / OVERALL SELEBGRAM,1034382231,Thời trang
train_2071669772,8577beb91be2dec9606868a0c5c254ce.jpg,9cb1420defca2d87,MINI KHIMAR SWAROVKY / PASHMINA SYARI / INSTAN / HOODIE / HIJAB SYARI / PASHMINA SYARI / INSTAN,2594065762,Thời trang
train_3723995479,9e2dec04bbb521c47370d21a00d8045c.jpg,afe4b813c4dc807e,JS - Baju Training/Running/Olahraga Nik 01,794316241,Thời trang
train_2926108297,95a1a66df4cf00eb455f405d9be3e5f2.jpg,8b97c4e8703347d6,Hw Tablet Effervescent Pembersih Pakaian Untuk Mesin Cuci,4099841600,Sức khỏe
train_1367437374,874df7b5666971074b5bf6bcc4c7f9cd.jpg,b08d4fb16a1b8d5a,BIJI KOPI BALI PENGHARUM MOBIL DAN RUANGAN,377021214,Thực phẩm & Đồ uống
train_3544265366,31b878772cc32db6e292b2ded710f1cc.jpg,f5b14a9b62f01bc2,PONDS JUICE COLLECTION SHEET MASK / MASKER WAJAH  WATERMELON EXTRACT 20G,2520007137,Sắc đẹp
train_705121775,67597a709ae9ea012be834b4b3fbeb84.jpg,beb4cb1f9168a492,Tas pinggang consina coda waistbag consina,886336390,Phụ kiện thời trang
train_580107475,47fcc9f806f4abf487bae08e63705dfa.jpg,fbb0c80c8c73e297,Cessa Baby Immune Booster (0-2th) - Cessababy Ungu Meningkatkan Daya Tahan Tubuh Bayi,2944857642,Mẹ & Bé
train_3136009079,679973bfd34cbef23aa45d79f2b2fa39.jpg,a9c330071fbbb278,JJ Foldable Bike | Sepeda Lipat 3 Roda,3731662312,Thể thao & Dã ngoại
train_975217944,fea6148dd2a41862f2f8fa66245d352e.jpg,af6af80395959594,SONY MDR-EX15AP In Ear Earphone With Mic / EX15AP / EX-15AP,3946905431,Điện tử
train_1563216992,af25929d69d70e526e56788d23c249f7.jpg,d718682dbdf6420b,Mainan mesin cuci dan setrika set,3344605314,Mẹ & Bé
train_3482259528,eae4113de1fceaae24655a87a788dd71.jpg,e30ec9e1b6db3610,MASKER KOMEDO GELATIN,4243140889,Sắc đẹp
train_3745486771,2151d57f868780f3d32134915c812c0c.jpg,9acc241b4bc3b43f,Exp Min 2021 Mama Bear / Mamabear Teh Tea Pelancar ASI [60 g],1088754866,Thực phẩm & Đồ uống
train_3208126535,1721840cb57a939051dbc1f439154f17.jpg,c78318e01f871ff4,Cessa cold and flu untuk anak usia 2-8 tahun,923607315,Mẹ & Bé
train_2894912568,9310ef14ed0aecb2d5d65af1524a645a.jpg,ee5ce360d0978e61,Parfum Mobil Kopi Bali,1816991679,Thực phẩm & Đồ uống
train_3571707814,faf4a6be883830dc13dea37a2ad8df2e.jpg,e9940acbf4e41f29,PEEL OFF CHARCOAL MASK SHINING 50ML /masker wajah masker arang,607127945,Sắc đẹp
train_1635661557,737d63fe82eb61006032004ce92dfe8d.jpg,a24bcd0ee4f1b94a,MAGIC! NO GLUE EYELASHES/Bulu Mata Palsu 3D Tanpa Lem Liddy Eyelash Fake Eyelashes Korean Eyelash,416701145,Sức khỏe
train_4028265689,fff1c07ceefc2c970a7964cfb81981c5.jpg,e3cd72389f248f21,Masker Bahan Kain Spunbond Non Woven 75 gsm 3 ply lapis Bisa Dicuci,3776555725,Sắc đẹp
train_2857803591,b2e841b38cf8521f0363f39efe53ac56.jpg,bf6592d2941bc287,KUNCI SOCK SET 1/4 DR 21 PCS 6 PT (PLASTIK) TEKIRO SC-SE0610,2862225366,Nhà cửa & Đời sống
train_3566117367,340ab9ea1f765f2eb74c655aa1744727.jpg,aeedc4d48b52911b,MAINAN CROCODILE DENTIST GAME  MAINAN GIGITAN BUAYA  GIGI BUAYA BESAR,3604334178,Mẹ & Bé
train_116007393,e818197ab98f7ece21769f6b6d7f6d7e.jpg,b48e8f2c8f279c34,VEGER ROCKET / kabel data VEGER ROCKET bulat 2.4a FAST,1186806654,Điện tử
train_1597430592,cec46022c0638ec050ce938ed6a2079b.jpg,e9764b91764d5628,Plazashop\xe2\x99\xa8 COD BS45 Sponge Beauty Blender Make Up Spons Colorfull Unik Kosmestik Batam Import Murah,2474335262,Sắc đẹp
train_150841277,1b35046ed8c8c5ddeff912ed32066fd9.jpg,c19b702e1c23df27,Lachel vitamin C,1911010635,Sức khỏe
train_180909417,7f323a8d769cf188963846de7b564521.jpg,bce1d43cc31ed2c8,Mediheal Essential Mask Sheet,1943450976,Sắc đẹp
train_674041975,ddc5dd066b46c5e6c10ac92c0363690d.jpg,b333cccccc8ccc66,Makarizo Hair Energy Scensations White Musk 100ml,463367425,Sắc đẹp
train_1288137889,9311d7a4c48b3b48ea7959b1b6e9f569.jpg,b892b363cb6c309b,Slingbag Waistbag Sashenka.Id Warna KUNING I Tas Selempang Pria Waisbag Trendy,4020712492,Phụ kiện thời trang
train_4147489958,015da1976817ddd5e7047e9612ac1230.jpg,eba3f416971d804e,Termurah Eric summers neo gracella gamis gracella ceruti gamis polos set khimar,2380085497,Thời trang
train_2114711451,1cf1ccf04382be09243437d23b700411.jpg,b333cc2ccc33cd31,Kikkoman hoisin sauce,1963800346,Thực phẩm & Đồ uống
train_2225558922,1a6c0398e740e2055be071833fa40662.jpg,c34c9dc3693d246b,NEW ARRIVAL!! Face Shield Baby,2272961187,Mẹ & Bé
train_2398505861,49755b3279f7c37f689763d32b8683d8.jpg,f9aec194c7c2c88b,Masker kain brokat cantik masker 3ply,2936424732,Sắc đẹp
train_3990953202,e0444c0b6d5e2034253564385e10c0b4.jpg,be906bc530c986cf,BOTOL KACA 100ML VINTAGE TUTUP KAYU,4056844103,Nhà cửa & Đời sống
train_4242844180,2f9bf684192443e25b6bf148d9e30940.jpg,80e72dc8b29dd61e,WW Sprei Kintakun Dluxe - CROWN - 120x200 (Single) - Tinggi 20cm,2120709289,Nhà cửa & Đời sống
train_1206509401,3338873a453b51a045a1137f9ef60b2c.jpg,ceb9e3229166bd30,GUNINCO CANTOLAN TEMPEL hook perekat gantungan tanpa paku dinding kail baju barang serbaguna,2609303586,Thời trang
train_642995441,d7ed3c7aa2ac8e3ae13d730c636ecce0.jpg,acd0d343b32db92c,Mukena Anak Katun Unicorn Biru ( Tas Sajadah ),1472301980,Thời trang
train_571238789,96f68582ddd8e2e34d6c64ae5e47e2cb.jpg,e4a3d8368e5a9a8b,Makanan Kucing Nice Cat 20kg Tuna Seafood Food Dry 20 kg,2690005728,Thực phẩm & Đồ uống
train_3593261092,197cd1c651deae152ea46b24b8c0eaf5.jpg,ef8794940b5ba499,Realme C15 C11 C12 6 Oppo A92 Vivo Y50 Y30 Y30i  Casing Soft Case Silikon Motif We Bare Bears wbb untuk iPhone 6 7 8 7P 8P  x XS 11 11Pro Oppo A52 A72 A91 Reno3 wbb wbb,219059962,Điện tử
train_229926161,f2974d377d08626665d6d78dfcf47598.jpg,bdc4d03b62853b72,TB 141 Tas Kosmetik B112 Tas Kosmetik Besar Monopoly Pouch Travel 100gr,3433277712,Phụ kiện thời trang
train_2221573232,6f90845c72fb153ee00f27423bea6bb9.jpg,e035d2cbccce8c9c,ELBER D060 KAOS KAKI POLOS BAHAN SPANDEK PLUS POLYESTER KAOS KAKI MURAH BATAM KAOS KAKI IMPORT,1091404026,Thời trang
train_727447770,874df7b5666971074b5bf6bcc4c7f9cd.jpg,b08d4fb16a1b8d5a,Parfum Mobil KOPI BALI ORIGINAL Pewangi Kendaraan Car Coffee Parfume,377021214,Thực phẩm & Đồ uống
train_597149354,1f12aabe49847c01db74b866d8edab2d.jpg,a931b356ccec4ec1,MK 02 SNEAKERS SEPATU FL,2217554619,Phụ kiện thời trang
train_3381731304,22792873b00fff7376b5b9ecebd47fbe.jpg,dac67d1f46525e80,Gamis Rayon Viscose Ld105 Pb135 Siena,2087590585,Thời trang
train_1977491871,e0dd70463c8afdfd2897b8aab426ce9e.jpg,8717988cad2f92d5,SPONGE BLENDER / BEAUTY BLENDER,4141124289,Sắc đẹp
train_3737645286,37477589551b2270c05e462b31c1f299.jpg,9e4f9969e4b1c894,Sepeda anak mainan MB21 Scooter Otoped Anak Roda 3 KUMBANG Skuter Bisa Lipat LED Di Roda  T8F0,267301901,Mẹ & Bé
train_1827788872,af160323509e5fdbca9088c0b102e6d6.jpg,afd0822fd15c7ca1,sandal karet DORAEMON,2210983937,Phụ kiện thời trang
train_320257063,150a8eab35aaad28d376e5ea5394f4f3.jpg,ae1d917086347d6e,SANDAL SELOP MURAH PRIA NIKE BENASSI BLACK WHITE SENDALSELOP GRADE ORIGINAL,4192123820,Phụ kiện thời trang
train_2042551639,3cda0d549acf011aed3439c32634077a.jpg,b00fdd78d960c327,SARUNG WADIMOR POLOS HITAM ORIGINAL TERMURAH,3404702965,Thời trang
train_1697120834,7181736109581ac656d973a14c9b53fd.jpg,c06a3f9d6a94546b,Lampu led strip AC 220V Lampu plafon,4094593850,Nhà cửa & Đời sống
train_3934337015,2aad4802f8cd247e7c785e9fbe8d3e96.jpg,a8f5b002e3e786ce,IND - K310 Kaos Kaki Polos Semata Kaki / Kaos Kaki Ankle Cute / Socks / Short Socks/ Sepatu,1091404026,Thời trang
train_907895004,6c01cd87c78aadfc491d41b75aa85a73.jpg,ba8f81b04b3bc7e0,Celana Dalam Remaja Sorex 1228,2191640503,Thời trang
train_166645986,df9fb9a150b7b8294dfbdf938ba65f70.jpg,bb6e8438c631eccc,SKIN1004 Madagascar Centella AIR-FIT Physical Sun Cream,4186270168,Sắc đẹp
train_3756518738,c9eed2183e2520338d92550f689082b8.jpg,f04fd2c3d293819b,TERBARU JAKET HARRINGTON WATERPROOF - HAR FF BLACK,536463662,Thời trang
train_3568318599,8344ceee0066763757f5fb0ef0f7d0dd.jpg,bea9c11690cb6b3c,mouse pad gaming hunter original asli,3268950669,Điện tử
train_2323168031,84800dc7e371d53324ba252b11f30ea4.jpg,c49b533c5fc71c42,{Lav - 644 Pop Socket HP 3D Karakter Korea / Pop Socket 3D / Pop Socket Aksesoris HP,1515270710,Điện tử
train_1825429894,449b61a102e96e8e007106ed146eb603.jpg,db4531cc9f703833,MASKER NON MEDIS SRITEX. BISA BELI SATUAN. READY STOCK!!,213095167,Sắc đẹp
train_745943795,ef66d0a9d1b2f77730083b16881fb8b7.jpg,fcd08327cf6a9503,Kintakun Dluxe - Sprei Queen Inggrid,2332531508,Nhà cửa & Đời sống
train_1143892414,e18c75f3f24c7fabedd4f2fe3ae2bf39.jpg,af97c0481d3572e3,NICOLE SEPATU KELSEY SM30 SNEAKER WANITA TERBARU,3475647489,Phụ kiện thời trang
train_4122646092,709d3f3dbebad45bc6df354f202c69fa.jpg,a4e293cdcf38c932,Blackmores Kids Fruity Fishies (30 Kapsul),1907964787,Mẹ & Bé
train_1049819810,5f3f531d3283c99538d069e94f6285d1.jpg,dfa0641fe86137c8,READY STOCK Masker Kain Ateja Non Medis,1219036414,Sắc đẹp
train_4197947696,211367f04e534244e77dab22ec0432c1.jpg,c1b15fc43e3a384d,BABY TOOTH FRUIT TEETHER / GIGITAN BAYI MODEL BUAH BABY SILICONE FRUITS TEETHER GIB,3326267479,Mẹ & Bé
train_2299646058,9c888f9482d6c000e25dcb5f96723abc.jpg,af73630fd08c94d1,HC LAMPU TUMBLER /LAMPU HIAS NATAL /LAMPU TUMBLR 10 METER 50 LED DEKORASI ADA SAMBUNGAN FEMALE,755502893,Nhà cửa & Đời sống
train_686039761,c8f4391f3a55812a5b5844945d300fe7.jpg,a1d2719e93989a6d,Touchscreen TS Samsung Galaxy J2 Prime 2016 / G532 / G532F,2969660091,Điện tử
train_1473537628,34e416249d22b6b9572865b74ce229f7.jpg,eac29d38952d913d,[FREE MANGKUK] ZWITSAL Natural Baby Bath 2in1 2 in 1 Hair & and Body Pump Botol 300ML 300 ML Sabun,3161394641,Nhà cửa & Đời sống
train_3627453264,5e48cbc44383d7a445819583513e9bbc.jpg,ec39926327db4385,Masker Scuba Anak full print KARAKTER(1lusin),962477933,Sắc đẹp
train_927436148,727f86d7fb25206ed42537347f90643c.jpg,b3998966cccc9999,Dress Anak Perempuan Rajut Tebal Adiba Slit atau ZENIT SLIT,1268261698,Mẹ & Bé
train_215760627,e05cde4ef062c407511e53e2a7ef17eb.jpg,c5b289974c99b666,Spons Cuci Piring Murah Warna Warni Efektif serbaguna Dan Halus washer Alat Pencuci Sendok Makan,2623425952,Phụ kiện thời trang
train_2354107204,0417bad4cbee84d96183b26428d4326f.jpg,f848e387bd3a5864,Stand Holder Hp Flexible 360 Gurita Car Holder Standing Hp Universal,452508504,Điện tử
train_3270832852,3e1e08b2382f28ce67ca98089e71b6a9.jpg,a5e29a71e28be926,Rak Dapur Toilet WC Kamar Mandi Tempat Shampo Sabun Odol Serbaguna M52,2742892638,Phụ kiện thời trang
train_3817377720,8ae5fca1b1b5e976309e17e78e65ba00.jpg,bebdc1c2b42e4c8c,1st step puzzle anak / puzzle kayu anak / puzzle binatang kayu / puzzle edukasi,2911646536,Mẹ & Bé
train_2913230379,60e589331f85f17a3c2d9634b2de1f73.jpg,f054cf71cd5132cc,3M Super Strong Outside Wall (KB-10) (Double Tape),3193093919,Nhà cửa & Đời sống
train_1096820507,55a4d7dff4f9314a15a6b4713ab96a88.jpg,afecb416e80f52b0,\xe2\x98\x85PROMO SPECIAL\xe2\x98\x85 MediHeal Essencial Mask Sheet ( 10Pcs ),1963926677,Sắc đẹp
train_3619956022,34b01c47e04146d1687009642378ef08.jpg,b3999a6c4c7292f2,MUKENA BALI ANAK HELLO KITTY  TK - SD - TANGGUNG,3559097685,Mẹ & Bé
train_655743445,0324f216fe4571bc9f4cf72c05acd262.jpg,eb9095ce4c35b61a,Tenda Anak Model Indian Play Tend Indian Style Tenda Main Anak,137876122,Mẹ & Bé
train_1855534452,29957d5dbb10042435fa7b485cc974c6.jpg,c86c2eb61805afd7,HNI HPAI Kopi 7 Elemen SEVEL isi 20 sachet ORIGINAL,1322601299,Thực phẩm & Đồ uống
train_2185892330,c3e9558eb007834e7491486ce14c85a8.jpg,bbbfc608cd428473,BELI 2 GRATIS 1PAKET / CREAM HN KECIL 15GR JAMINAN ASLI TIDAK ASLI UANG KEMBALI,98964169,Sắc đẹp
train_785785061,b096b885fc795d2b4cc8017f281e1189.jpg,eb6bc09491dc9ca3,11Pcs Alat Reparasi Handphone,1801372520,Nhà cửa & Đời sống
train_435671464,83b85b4b37bb5850f70673017e179abb.jpg,a31378dce4f08d87,SEPATU HEELS KACA/HIGH HELL/SANDAL HIGH HEELS IMPORT/SANDAL CEWE/SENDAL CEWE/SENDAL WANITA SDH191,1555312860,Phụ kiện thời trang
train_52054814,9e104bf231b5bb2d7c358b48054c30c1.jpg,9ec3d19782283fd8,\xe2\x98\x80GUDANG666\xe2\x98\x80 Gantungan Kunci AC13 Bentuk Kipas Bintang Lucu untuk Sekolah Gantungan gelang,1503383993,Phụ kiện thời trang
train_651460400,d4c0b965d7226af54fa2bb6b8f9f6e5b.jpg,ea3695485aa7665a,Lock&Lock Food Container HPL806C - Rectangular Short 350mL With Divider,4122651001,Điện tử
train_2182605696,70185275ef6614e782925ba90a42e00a.jpg,be8d1df0f0d0815b,Stand Hp Meja - Stand Holder Hp L7 Universal Multifungsi,1061022174,Điện tử
train_3457983404,d590a61234e52d9756098af4407c5c82.jpg,e0adc29d2bd2b54a,Amara magical heart makeup kit,1339151154,Sắc đẹp
train_2103401538,930f31b29a4d831894174ff292eed4bf.jpg,eac3c03e8f905a1f,COD\xe2\x9a\x91 \xe2\x80\xa2 WATCHKITE \xe2\x84\xa2 \xe2\x80\xa2 JINPAIDI 803 Waist Bag Tas Selempang Anti Air,88836215,Phụ kiện thời trang
train_2605726069,24ae0c7e14e402b4a9b0623993b644f8.jpg,af3fd4c090c96267,Chino Anak Polos Button Trousers 1-7th,2646097525,Mẹ & Bé
train_3694267504,31a608ae427cad828782562277b2ab90.jpg,fda07799c34712c4,"Mesin Penyegel Kantong Makanan, Warna Acak",1065450055,Nhà cửa & Đời sống
train_4224661043,afff64e7a28066573e383724425f721b.jpg,a698ca6f9d1e7070,SEPATU ADIDAS NEO RUNNING TERBARU ADIDAS KETS WANITA SEPATU SPORT WANITA ADIDAS SEPATU OLAHRAGA,794382785,Phụ kiện thời trang
train_119890443,f1358df61b5f696e06ff24c8dd693128.jpg,fbc0c66ab122ce8d,Baby Pink Skincare Cream Baby Pink Paket Whitening Series Resmi BPOM,3430782176,Sắc đẹp
train_1694732570,094d5863442fa5b18ee34bc24ce92702.jpg,af8130956e6b3996,Rak sabun rak gantung rak bumbu violet,1743781845,Thực phẩm & Đồ uống
train_2303562415,7581c390ad547b70bf95246196a0f039.jpg,83c7fe1cb862c691,Sehat Wanita 100% Asli With Nano Technology Spesialis Herbal Untuk Masalah Kewanitaan,3115178543,Sức khỏe
train_2984389170,abf54d931f4b6fd8cfeb0be00a24382e.jpg,a6e6879c1dc039cb,Kopi Nescafe Classic Sachet 2gr isi 10pcs (1 Renceng ),538550380,Thực phẩm & Đồ uống
train_861320072,a04422ace9cbe3f68443bc986c416137.jpg,8197fe72ca49912e,Kapsul Ekstrak Ikan Gabus Pro Albumin/ kutuk,3146051203,Nhà cửa & Đời sống
train_833904369,1f1450720f8dc3bc46957421ff24af2e.jpg,e5999246ce6599cc,SOMEBYMI - YUJA NIACIN BLEMISH CARE SERUM 50ml,2544564577,Sắc đẹp
train_3215235867,79e80d21cc6dab213d0cd513f0e8add2.jpg,ead5952b2b2acad0,(BISA COD) GARNIER HAIR COLOR SEMIR RAMBUT SACHET 20 GR,2910074820,Sắc đẹp
train_2643279218,7843c7eb8629960904d42bdc5eabfd8c.jpg,e49293ed9864e46d,GAMIS NAGITA HYGET TERLARIS GAMIS NAGITA JUMBO BAYAR DITEMPAT RAYON ETNIK MOTIF BUNGA NAGITA BUSUI,2600535420,Thời trang
train_3221912816,41bf5341fa61fe7b15723803e647e6b7.jpg,b0a7cb582e324bb3,Kabel Data Samsung Type C Original Fast Charging,2343376621,Điện tử
train_345354225,22fe83ee7ba74750c29dab16cd02186a.jpg,ed939072b32d934c,MUKENA ANAK MOTIF UNICORN PINK TAS SAJADAH SIZE XS - XXL ( 2-12 TH ),420878019,Phụ kiện thời trang
train_75234812,2d36ccb14af3b44d4e6b92ab3d57fce7.jpg,be9cc1ca9837c139,Joyko Color Brush Pen Double Tip Dua Mata Pena Kuas 12 Warna CLP-13,3454455800,Sức khỏe
train_2460621948,56ec5252d3c7d380f8db9d940625731a.jpg,f9acb06372d98689,Jilbab Bayi Bergo Hijab Anak Bergo Kerudung Bayi,1119404634,Mẹ & Bé
train_1418333796,7b243f6806ca10522fa1ed11a0ff019b.jpg,b3ce9a9bcc30c938,[ Spesial Harga Grosir ] Baju Couple Set l COUPLE ARON,678236612,Thời trang
train_1281622527,c02522387deafdab0df6c069152619ba.jpg,eb34a4cc944b556b,Spatula Silicon,2253967885,Sắc đẹp
train_1790137265,d2a7a1c5ea54c6bd54d8d63b64a516e6.jpg,e8a5369296794f58,Masker anak bulu karakter anti debu virus masker boneka masker mulut penutup telinga earmuff beruang,911794515,Sắc đẹp
train_1672662567,dbc4373dac44de6d536458cfa25ca0ad.jpg,c0c05a88f3b777d1,Sandal Selop karet ELMO TEBAL PUTIH,1105046574,Phụ kiện thời trang
train_1099813451,a8ea63c38f839e3c7e9b60f1aee11cc1.jpg,fcb0701999c74bc3,COD Traveling Snack Sealer - Hand Sealer Plastik Mini gen2 Seal Perekat Snack Makanan,4223656537,Thực phẩm & Đồ uống
train_3131551338,f6582f051da32e92e380187f1f829a6e.jpg,be30b11f58ceb125,Kitchen Flavor Grain Free Adult 1.5kg Makanan Kucing,2847174369,Thực phẩm & Đồ uống
train_378997795,41c7a12a3acfc39e106f3549e39928fa.jpg,eb9f9624906bb0b1,Lucu Unicorn Pink leopard Pensil Transparan Bag Pouch Tas Kosmetik Tempat,2139688074,Phụ kiện thời trang
train_526447346,c1ec768f3a6431907150d035992edee2.jpg,eb63958cd292896b,Nivea Men Creme Face Body Hands Krim Untuk Pria 75 ml,3806147643,Sắc đẹp
train_2241401000,e1a5f03b7588d013daccce3cc6f33c99.jpg,bb97c60cc0f1994e,Scuba - Masker Scuba Jilbab,2699450457,Sắc đẹp
train_1910132196,b38347a2ac642eb79ec6499cc79b7dbb.jpg,d5f96ba4341630cb,TOPI 5 IN 1 ( PREMIUM ),4273863176,Mẹ & Bé
train_464625655,35d5ea5fe5f78d08e5e1317d6419ad24.jpg,d1e62c9392e45a8f,Tas lukis totebag polos putih,965256718,Phụ kiện thời trang
train_4103273745,a5690034bdb42316a4a3ec95a2cd7513.jpg,f859c66dc364c364,KISPRAY Refill Pouch 300 ML Cairan setrika Ironing,3086765832,Gia dụng
train_1927662855,7675a77df927045ce34117a517d43bd4.jpg,ef25959acac02d6c,XYLOPHONE Musik Mainan Bayi,3206317999,Mẹ & Bé
train_19069623,1af0b70509381ecce57ce757c74c651a.jpg,b0c3c3ccc9cdcc6c,SLEEK BABY - LAUNDRY DETERGENTNATURAL PLANT EXTRACT REFILL 450ML / DETERJEN SABUN CUCI BAYI,3565023295,Mẹ & Bé
train_4260772792,4475797ca1a8fa0f59f9ad6028cab9d3.jpg,fa3295cd4a4d3296,Keset Microfiber / Keset kaki Cendol,1000051365,Điện tử
train_1198631677,cfb40bcf0903154f23ca72e4be3394f3.jpg,bf7264c5c31b924a,SPEAKER BLUETOOTH JBL CARGE J006 ATAU SPEAKER J-006,2876907483,Điện tử
train_2272350134,0296accb9e2a5c7c7a588869e0fb95d0.jpg,b4a6cb583c265793,Bolde Mixer Super Mix Turbo,2867442808,Gia dụng
train_2319613215,b7907823e8179a5c1771b987dbf2360f.jpg,bbb3854c4ebcae20,Dimmer SCR 2000W Motor Speed Controller 220V AC PWM Regulator,3984914517,Nhà cửa & Đời sống
train_4292413539,452987bfbb12bc8900dd521478aa4ecf.jpg,b06992a6cb9bc663,NEW!! JAKET JEANS AURORA BIONDY WARNA,2782812436,Thời trang
train_1163126542,157478d0cc9469fcbdf20d492bf40fd4.jpg,bf343862734a643b,Little Baby Alive Push and Kick Stroller,3369520057,Mẹ & Bé
train_3153572567,5f9b84aa6bf0973b5da99067a850712c.jpg,eae9a4ad51b23433,Sabun Tzuki,3489985175,Sắc đẹp
train_1470887488,84867204ec0ae2c2d9eadfda98a8f722.jpg,ecac4b52ab92d629,Fedorafashion TSHIRT CURRENTLY KAOS WANITA TEE TUMBLER,4254526477,Thời trang
train_3327434622,99623deed5317a6bfe48bb2e7b84780d.jpg,ea34c7c7b931910e,GARSKIN STICKER CARBON BACK ALL TYPE SAMSUNG Samsung A51/A71/Realme 5i/Realme XT/REALME C2 DLL,3627862725,Điện tử
train_2218026202,bf99587469250736992456454a189eb4.jpg,f24e1cb48772d919,NU Milk Tea 330ml,719811148,Thực phẩm & Đồ uống
train_2676536930,94b79c057094f7d4c9acf6dc7e3059a3.jpg,d55eb95a23e26a0a,BERGO MARYAM RENDA / JILBAB INSTAN MARYAM,916233415,Thời trang
train_2913813509,e09b1fd4909da1be94085661fe77bc4e.jpg,e5ce9a319b639a24,Otten Coffee Crema Espresso 500 gram - Kopi Espresso Blend Best Seller,4088587398,Thực phẩm & Đồ uống
train_1888464306,a618745698ab3723ee4f95959d64d3ef.jpg,ea6a959103e33da5,Speaker Bluetooth M-408,1954455248,Điện tử
train_3868597876,b06fef5bdae488b2560bccac56e9cef7.jpg,abb4844fb4799487,GOOGLE HOME MINI SMART SPEAKER ORIGINAL minus dus penyok / robek,388197945,Điện tử
train_1180097680,7b77fd33d9320ad54a7ef6831d3df7c3.jpg,e164dedacd21344d,Reliabilitas dan Validitas - Saifuddin Azwar (edisi 4),1146128344,Phụ kiện thời trang
train_2442106817,26783d59580151c98dcd0821e76ce118.jpg,dfa99296cc610e1d,Cooling Pad Gamepad Cooler Pendingin Handphone Fan Holder Gaming Tripledi Mobile Radiator,321293570,Điện tử
train_188164388,ff6a9d9eca41ccf523bb8e36f44a7d97.jpg,9aede511e11aad0e,[PROMO TERBATAS] Etude House Drawing Eyebrow NEW 100% ORIGINAL KOREA,236048956,Phụ kiện thời trang
train_3781160337,a9b482437bde24ff50054879de5ab72b.jpg,bfc0c097305b97f0,GGMART KERTAS MINYAK WAJAH LINEN ISI 50PCS,603126590,Sắc đẹp
train_2495728489,01a66343760f1ebf66a99fcf047d0c07.jpg,beb6c9498f86c849,KAIN STOKING POLOS / NYLON STOCKING FLOWER,1379107134,Thời trang
train_2658777017,110820ef0984887717bedc7e719e04f8.jpg,e4399e66999b6609,Milkita Permen Susu Assorted (isi 40 pcs),674131545,Thực phẩm & Đồ uống
train_2330331338,93c3347094fe882f8a8b5a02a6390e85.jpg,f1d6336a4c164a6d,SELFIE RING LIGHT/LAMPU RING SELFIE,2259957740,Nhà cửa & Đời sống
train_2909587714,693551a3f15ef6e82619eef80bc7e95a.jpg,bec26c3c953c9585,EVANY ESENSES MASCARA WATERPROOF / VOLUME MASKARA,2092622846,Sắc đẹp
train_671838161,872bd4af2e36b44b6cc726f73e0e51ee.jpg,d9b0c03fb85c7c43,[Le] Set Bra Lingerie Sexy Bahan Lace Tipis + Celana Dalam G-String untuk Wanita,3502950293,Thời trang
train_2981281918,1a9ef8f20e597631483c969139db620f.jpg,b7262fcbb84980dc,GROSIR CELANA LEGGING ANAK PEREMPUAN BAYI MOTIF CALLYSTA CALYSTA REMAJA HARIAN MURAH POLOS PRODUSEN,2489502460,Mẹ & Bé
train_3686203021,3bd3d2349a44f20532dab4eb37c1dc51.jpg,b9c9169a45ce3dc1,WARDAH Renew You Anti Aging Intensive Serum 17 ml,1920091538,Sắc đẹp
train_1061790428,8124a08a514e587ad560081224597767.jpg,ce8cb042b2f885df,Sendal Flat Sandal Anak Line Cony Brown,1205850217,Phụ kiện thời trang
train_839939872,8e577f03574e8dd3216b451e8de465e5.jpg,af9fd0604b17259a,(COD) WAISTBAG AS - Tas Selempang Pria Wanita,1237550763,Phụ kiện thời trang
train_4144995528,43cc40b59e50bbe320b3fe4bbb63d88e.jpg,bbc98406c7b94b9c,"JKKDL88 - Jaket Anak Laki Jaket Anak Cowok Spiderman Infinity War - UKURAN M, L, XL",4094772853,Mẹ & Bé
train_1100245836,3d039cbc4c777be1f4db0fe15cc0d72a.jpg,ee91815ebc68951b,Kopi Bali Pengharum Ruangan,4159594295,Thực phẩm & Đồ uống
train_468415233,10d624b4ffd3b301ed21f9baad688b8a.jpg,ba9d8467e1ec8750,Bestway 54005 Kolam Renang Karet Anak Keluarga Besar 201 cm Rectangular Family Pool [201x150 x51cm],1056458505,Mẹ & Bé
train_1701152335,a22be818570324913bf8d6ec03456ed0.jpg,bb93730d272c9893,Nestle Dancow Fortigro Instant Cokelat 800gr,3469087233,Thực phẩm & Đồ uống
train_4112373659,ffa9aca7e63f845f027aa35e52ecd48b.jpg,b3cd3ca34ab0c333,Wheel Up Pompa Angin Ban Sepeda FP1845D Presta Schrader Valve Alat Manual Kokang Alumunium Portable,3532138570,Điện tử
train_486930304,6b8460abc33700117bb2eb116aa6e947.jpg,e59c9a6165329ec3,Masker Kain Wanita 3 Ply Katun Bordir EMBROIDERY MASK,4140108713,Sắc đẹp
train_1890569721,97b4e97aafffeb481ab85efad975b361.jpg,eb4a83252eade8cc,BANTAL PIJAT MASSAGE PILLOW Portable Car and Home Bantal Pijat Elektrik Shiatsu Dengan 8 Bola,1514327608,Nhà cửa & Đời sống
train_1129392865,a3174d9a3e8a7a70c7b65855bea8f294.jpg,bec09533cb89e516,Masker Kain 2 lapis Premium Hijab,387119468,Sắc đẹp
train_1958877247,1870a6c217c8289da2be8b69b08d008d.jpg,ae8d1fd00c1b9d65,READY//SHR DRESS KIDS SOFTJEANS,2620599495,Mẹ & Bé
train_331194711,3132d67264523ddceefc929c325201f0.jpg,de4b408d17b51d53,{Lav - R250} Ring Light Selfie LED / Lampu Selfie Bulat Untuk Kamera HP Rechargeable,2259957740,Nhà cửa & Đời sống
train_2642949637,00c16e711348ef90d6929bbea5e029e1.jpg,abe0871b9830bfd1,[LOKAL] DOMMO - D1360 Dompet TESSA - Dompet Lipat Wanita MORYMONY,3381497963,Phụ kiện thời trang
train_4072650638,cb22a003307b3687bbcd106eb2960146.jpg,ecc1933a6c853f68,SANDAL FLIPFLOP BELLA,4214786091,Phụ kiện thời trang
train_174163456,2785067d8f5d09021ade9d6459b2b096.jpg,d0326fa425696ecb,DISPOSABLE GLOVES ISI 100 PER 1 PACK SARUNG TANGAN PLASTIK SEKALI PAKAI GOP,3247314261,Phụ kiện thời trang
train_3845904407,8fc301f41a6b661ef637e896367bb79b.jpg,bbe2959784f0074d,CERUTY pasmina ceruty  baby doll pashmina ceruty babydoll tepi jahit -+ 175x75,763152554,Mẹ & Bé
train_3556801163,9e6c962f8b524445c8614ea27513385e.jpg,87be8e053f0e02f9,[HARGA PROMO] GEA BABY KANTONG ASI 120 / 200 / 250 ML Milk Bag Safari Mammal Edition 120ml Isi 30pcs,3926100920,Mẹ & Bé
train_1525859862,0e9286fbfd1a0c00287c2c93a4738b9a.jpg,f956c679d5d410d0,SERUM SCARLETT ACNE & BRIGHTLY- SERUM WAJAH SCARLETT ORIGINAL BPOM,1163569239,Sắc đẹp
train_4156751465,d06a9e629532bdd39dc8df78908a28f2.jpg,be35c1ce8f193864,Baabaa Kantong Asi 100ml - Baa Baa Breastmilk Storage - Kantong Asi Made In Korea/Kantong Asi,2977507989,Thực phẩm & Đồ uống
train_3172486984,0536fb2befc707cbe676ae9027c3ec9d.jpg,bf624e39692c3632,"BOTOL PLASTIK/JAR/TOPLES SAMBAL, SELAI, BUMBU 150MLl",3111584970,Thực phẩm & Đồ uống
train_3198005853,0c8c0346bb86455a6be5534eb941ed39.jpg,c1c0b41fff0b86e4,Sendal sepatu anak casual lucu usia 1 2 3 tahun bunyi decit size 22-25 tidak licin bahan sintesis,2909520466,Phụ kiện thời trang
train_4257131933,25434e6b6e12f785b214613f29c3c457.jpg,afc03a6a61e1e327,Promo Ikan Dori / IKAN PATIN FILLET lokal @ 1kg - Qualitas Super,3509517465,Phụ kiện thời trang
train_3411722157,fa185340f4589bea219ab363b3539207.jpg,db2296870cb479f4,Jilbab WATERSPLASH Polycotton LASERCUT / Potton / Anti Air,2146953902,Thời trang
train_761994207,18acf64e3635f48a032575490475d194.jpg,bc5cc3e39d1cc11c,Lucienne - New Brightening and Glowing Serum,3449895212,Sắc đẹp
train_384376997,d5c40d05924a89ca2f6ee7d466fde136.jpg,edb44e92d269c10f,[ACQ] Empeng Buah Bayi / Facifier Fruit Food Feeder Termurah,1432324178,Mẹ & Bé
train_1245074332,e27daad31865000f705f3e194bc5fce4.jpg,80c0cb35bf7ac38d,"Senka Perfect Whip, white whip, White Clay, Acne care Facial Foam",1039178864,Sắc đẹp
train_2290750214,edf7b65a8dc9ec969b6c5cfe30d3760a.jpg,e8412efdc807d63c,(COD)Kacamata Fashion Pria Wanita KM14 Glassess Mata Kucing Kacamata Import B10,699391816,Phụ kiện thời trang
train_1579312129,54a7fab545532d00199aeac7dc2923a7.jpg,b08f8f381c39cf34,Antiseptic E Care Hand Rub 100ml,983611821,Sức khỏe
train_2155227434,53c50e7080ba2d309304ae019ebfe1de.jpg,dd09f1629e2af50a,Kacamata Jelly Pria Wanita Kacamata Fashion Murah / Kaca Mata Candy Sunglasses Korea Warna Warni,2245135088,Phụ kiện thời trang
train_1019174187,6c589575ac524958710fc46c41e3d0fa.jpg,bf14c46a2b993c96,SPEAKER BLUETOOTH / SPEAKER WIRELESS JB-5001 / KBS-5003 /JBH-5004,2871735171,Điện tử
train_2549420300,97ca79fed1cefb510bf8a214353ca6f8.jpg,f8839065976fd0c6,MASKER KAIN BLACK KPOP KOREAN STYLE BAHAN KATUN NYAMAN DIPAKAI LAWAN CORONA,2774008498,Sắc đẹp
train_3039964226,d4d82cfa66333c987ee10e22b746d924.jpg,e5989a264d32ed63,Hair Dryer Nova Pengering Rambut Hairdryer Hairdrayer alat Lipat,682082741,Nhà cửa & Đời sống
train_4014057720,c2ff238d1dd0215efed2ca7c9c57b58b.jpg,fe7e898456893163,Baju Tidur Piyama Pajamas Satin Embos Celana Pendek HP 3/4,196545328,Thời trang
train_2664253677,5d07878cf3d714994a05bc63ea2ea617.jpg,aad4c52c9b3b9e60,"MAKSER hijab dan non jilbab BAHAN MOUSECREPE, TALI KARET X dan U",69531814,Điện tử
train_2054496966,639db96d2a203a479483fa941110c49c.jpg,a51cd2cbf09a989b,"Fashion Glitter Diamond Case Xiaomi, Oppo, Vivo, Samsung, Realme & Iphone",2687645468,Điện tử
train_162565674,898a87d275940f8d4e678d6338d7ce3c.jpg,bbe6b4a43324d949,LM 10664 10668 10672 Setelan Baju Olahraga Senam Training Wanita Newplay Casual TERMURAH TERLARIS,279143436,Thời trang
train_3142682990,de267291e58ef85a4f16ed53f079ccee.jpg,b9b9191d1913acf4,Slimfast - Slim Fast Slim beauty Product - Obat Pelangsing Badan Diet - New Product Rachel Venya,3524306172,Sức khỏe
train_4023595395,9da587aa4e87601dcb64b227a368b3ae.jpg,953ef143e8a8f843,Casing Bahan Silikon Untuk Iphone 11 Pro Max Se2020 I7 8p 6s 6p X Xs Max Xr,3119971560,Điện tử
train_646600349,407009475055e6f564bf501300fe3aa2.jpg,b593596d518732cc,PROMO TERLARIS SABRINA / KERUDUNG SEGI EMPAT / JILBAB INSTAN / HIJAB TERBARU TERMURAH KEKINIAN,679648252,Thời trang
train_112642090,2939e604f1699c77545b3c8d113195d7.jpg,b6c3c13cacecae42,Polysilane Sirup/Suspensi 100 mL (2  Botol) - Obat Maag dan Kembung,2151569474,Nhà cửa & Đời sống
train_4033511584,b87d1d1447bf9005ea52afdef93543f9.jpg,83bef041db2d4cb2,storage bag organizer Keranjang pakaian baju storage box foldable(TA),1165453206,Phụ kiện thời trang
train_261092826,81a676b20fce8c1e0c90b991e4e77418.jpg,b3d468b14e31c66b,Pompa Angin Ban Sepeda Motor Mobil Bola TABUNG,2545441987,Nhà cửa & Đời sống
train_2208626413,29833754436e0e915b625b7de674486f.jpg,bcc3c33cc3951c63,Wardah Acnederm Pure Foaming Cleanser,3591904111,Sắc đẹp
train_1602306680,fae0b2cd398c85fb1048a09c1fabe4a8.jpg,ec9318e663992d1e,PANCI ALUMUNIUM - TL UK. 20 CM GLOBAL EAGLE,660462133,Nhà cửa & Đời sống
train_1766333123,44e4e33f049ed103f11f072c1c78fb47.jpg,efadc423381ba744,( 27AN.ID ) Retro Paragraf Pendek 6016-1  Dompet Wanita Import Real Pic# dompet cewek mini lipat C9,190868209,Phụ kiện thời trang
train_1388202123,b08c1c893eedbf7789a769c12de78b54.jpg,ed9e6c9291b69264,Pompa Angin Ban Sepeda - Golden,3373740639,Thể thao & Dã ngoại
train_1744658262,62d679af148e801ee9050822c84eed6c.jpg,afd8c161863b1e78,mj88999 - dompet pendek wanita D09 forever young,4108633698,Phụ kiện thời trang
train_1501931534,909c51d5390a7ade9d788d7527ef02e9.jpg,bfc2c09f3fa405c1,Miniso Flawless Matte Lip Cream Aplikator Pewarna bibir Lipstick,3733574563,Sắc đẹp
train_4262943865,a5ae7933d327db8ab88b05dcfad8f48c.jpg,fbcc9533c06e3a90,Sajadah(Muka)Anak,4222983165,Mẹ & Bé
train_3221205129,7eb4a78e45904d4236dee95276a672dc.jpg,a192739a3292df65,FLOWER SWEATER KIDS - Baju Anak - Baju Rajut Anak - Fashion Anak - Baju Rajut Anak Perempuan,1673621298,Mẹ & Bé
train_1412952173,90a57c377e811582ee7c0a56193d14d2.jpg,a0e607dc19d919cf,Mic Karaoke 6.5mm Kabel - Mikrofon Murah,1306222919,Điện tử
train_530545361,60eedccd406bf1f67094e60bee6952e3.jpg,be12e12f9ec1e198,MINI HAND MIXER/ ELECTRIC HAND MIXER/ MIXER DALGONA COFFEE,2748623227,Thực phẩm & Đồ uống
train_2021920837,360e3b5062892238b0948a6376d57093.jpg,e69d18a7d0c9f1c8,FORA Minyak Rambut Kemiri Ibu dan Anak Plus Jojoba Oil 65ml 65 ml,3833475937,Mẹ & Bé
train_4177174477,b9a7f37286475117a04252a02ac63053.jpg,e764c4191bc76665,Sabun Tanamu Tanami / Sabun Mandi / Sabun Kecantikan Asli BALI 90 gram,584321400,Sắc đẹp
train_401673431,8b8c0401d48b8d3cef452d505f1662e8.jpg,b0cedb34d2cd2532,"Masagi kemasan 215gr - Perbaiki Pangkreasnya Maka Gula Darah Akan Stabil, Herbal Diabetes,",762113799,Sức khỏe
train_3535916638,faa630260199a0b11b897bc9803cf3cd.jpg,dae2c59c3d35660a,PHILIPS LED UFO 15W 15 WATT PUTIH 6500K (GROSIR) LEDBULB CEILING E27 15WATT W PLAFON ORIGINAL 150 MM,3095330776,Nhà cửa & Đời sống
train_2679447132,a3e13de0fd379a397e04678014a0e28b.jpg,bfc0e41b803fc16e,Silkoro Serum Vitamin Rambut 200ml (BESAR),1364967438,Sức khỏe
train_1453934818,64e2c44df76287f8d333d2edd126841d.jpg,bd42d2d7822bd30d,Topi jala velcro/ topi hitam polos/topi jaring bdu hitam,1503972976,Mẹ & Bé
train_576145629,8fc8a5e2dff5316609bd9e7f2ca28e1a.jpg,ea4ae50f90e495f1,PROMO SABUN DOSTING Whitening BPOM sabun pemutih Kojic,2475969854,Sắc đẹp
train_1376909893,6675638bb5555e50d139694361eb1e59.jpg,d682bca64dc92b17,PROMO KHUSUS HARI INI  !!! Alat Pengiris Keripik dan Pemotong Kerupuk PRODUK BERGARANSI,2587939601,Nhà cửa & Đời sống
train_3927311015,1e18a78ae84efa692ead678c8ff989b7.jpg,a5a183878b8b93f6,Vitamin IPI C Rasa Jeruk,2945967054,Sức khỏe
train_1166448375,f6450e1d4481236b86e1e748c1954cad.jpg,9c8c97b5c272596a,Celana Pendek Jeans Anak 7/8 WISKER RIB 3-10 Tahun,1999386573,Mẹ & Bé
train_3334461931,af5f044e0f9008bafb04098ddefd3739.jpg,ecb2c20d9cd0cb6d,Reliable DOT Botol Susu Bayi Peristaltic Nipple S - XL / Silicone Nipple,1306578136,Mẹ & Bé
train_4148281123,085c210f704e9645414fdc6983dc43a5.jpg,bb07841f0e2533db,Konicare Minyak Telon / Telon Plus / Kayu Putih / Kayu Putih Plus 125 Ml,2168147177,Nhà cửa & Đời sống
train_594568402,79f632ca5b86411c8d1b28a1f3c04576.jpg,bae1e526853ad8cc,AVENT Natural Botol 125ml & 260ml | Bottle Susu 125 ml & 260 ml | Philips Baby Bayi BPA Free,3659598986,Thực phẩm & Đồ uống
train_482392321,d5bdf85d228dad025cf4fb13414b6715.jpg,e8ed16922d4ae52d,Safi White Expert Replenishing Night Cream 25gr,614235270,Sắc đẹp
train_2689528304,b06b15564fe28c3bd08feafddafeec4e.jpg,ad2e12d2633d9752,Celana Legging JUMBO Big Size 7/8 Spandek Adem / leging / lejing / leggins,937757055,Thời trang
train_2808680624,3b176b079d3cf08ec589df3a6fab4142.jpg,ad9cd142348f5979,Z6 Smartwatch Dual Camera SIM Card GPS Anti Air untuk Android / iOS,2471903892,Phụ kiện thời trang
train_1359598160,99cf6625fd5ab97ab2360d9e9c57edfe.jpg,84eab151bbd44abc,Iphone X Xs MAX XR Back Change Iphone 11 11Pro 11ProMAX Carbon Fiber Protective Film Photo Frame Upgrade Iphone 11 Case,327189920,Điện tử
train_1626889862,1bd53a083c3a25f80a6edb4529992e50.jpg,b892cd6c86ccc733,MAMYPOKO ROYAL SOFT GIRL M42/L34/XL30/XXL24/karismasusu,22285547,Thời trang
train_328759829,1d5e5f4c726f8b6aec14456d73d15e37.jpg,c8b5f3ae6ea83488,Rak Sudut Plastik Tempat Sabun Serbaguna Triangle Shelves RT008,1371706715,Phụ kiện thời trang
train_1434682905,a9167aaaa0e062163eb2359bcf9a455c.jpg,b3cfce33884c8c33,Klairs Freshly Juiced Vitamin Drop 35ml 2023,1613572780,Sức khỏe
train_4292360632,f05c80814b081b5bcd2800dc84612b8d.jpg,ce51912c761c6ed3,Speaker Bluetooth Tenteng Portabable Unitech FJD-16DW Lampu LED Support USB MicroSD Aux FM Radio,5949579,Điện tử
train_4182102420,8ec7c3daef07ff6dec851a58f08f9b57.jpg,a8bd6f68b4dc0992,MAINAN ANAK BEBEK JARING BEBEK MANDI KARET (MIN-175),4105255910,Mẹ & Bé
train_2643691239,6616a7889a4d0970596ac4e8901bfdc9.jpg,ec92d36c3cc2532d,Nuvo Hand Soap Sabun Cuci Tangan Hand Soap Natural Series Icy Splash / Fresh Blossom 250 ml,2179929210,Phụ kiện thời trang
train_111408214,7ec995aa692b1587ca9ee9633b4b510e.jpg,b9c992b5964ac3b4,PELINDUNG DADA KULIT UNTUK PENGENDARA MOTOR,46078286,Nhà cửa & Đời sống
train_1748288129,4ed495d027c06f2d03585dbe9fafc717.jpg,bfd2c069c8343dd2,Cover Shoes Anti Air Fun Cover Sepatu Anti Basah,692028908,Phụ kiện thời trang
train_3469720659,6d3c14dad8de3c8974c853144a6fd1eb.jpg,921b9b963bc0ba6a,BAJU GAMIS JUMBO PROMO MUSLIM SYARI MAXMARA VANIA AK FIT TO XL LD110CM HITAM TERBARU MEGA SHOP I.136,436062812,Thời trang
train_2652323010,25b83aaab795eb16d43a6f93c46f22f8.jpg,bb4ac068946797e5,Makanan kucing meo creamy treats / snack kucing,2318365193,Thực phẩm & Đồ uống
train_1383969166,f36a434cafdfc8dbf9ee7515eb272b43.jpg,f896934bcb239368,GR-62 Ransel Wanita Tas Wanita Ransel Import Ransel Tas Import + Boneka + Gantungan JAKARTA,3928069601,Phụ kiện thời trang
train_3246013714,f04c3b8ccd191742e78d84b02e4dadd0.jpg,fcb0701899c74af3,HAND SEALER MINI (PEREKAT PLASTIK) SERBAGUNA,4223656537,Thực phẩm & Đồ uống
train_1113565922,3ab65ef779945bb8d491f236f8f9684f.jpg,fc21c6c6934c8d5b,Kaca Pembesar Proyeksi Layar HP/Smartphone 3D Portable F2,921281780,Điện tử
train_4131509957,f1b14042a7bf5847ee6d38dd42f902f9.jpg,ba838f1be40f93c8,BOYA BY-M1 CLIP ON LAVALIER MICROPHONE For DSLR Smartphone,811765912,Điện tử
train_3073170553,56ec18521c2bd59b78b6a6c88aa67b14.jpg,ceb7e09da258289d,Koko syubbanul muslimin koko azzahir koko baju Hadroh Azzahir H5L4 Baju Koko Polos Cowok Keren Murah,1663491238,Thời trang
train_1082056342,3f68b851c831d01db7adbf7f221d327b.jpg,e636c9c9993c3266,Sleek Laundry Detergent Refil 450 ML 900 ML SLEEK BABY LAUNDRY,3565023295,Mẹ & Bé
train_1124561103,a2458a1c6f91d63df18645b875835e16.jpg,e566b636c69231cc,"Vivan VSHD1 SSD HDD Enclosure 2.5"" Inch SATA USB 3.0 External Case",2177722258,Điện tử
train_1704405556,73b2970b314220e7474d687e29f7e5ec.jpg,be69921ac5cad9b0,Kertas/Double Folio Bergaris Sidu 100 Sheets SINAR DUNIA,2478430102,Phụ kiện thời trang
train_3706403996,2464bd5c3086d9a8a84af14277c138d0.jpg,eacb686b8b349334,SERUM SPRAY FARMA,3548145425,Sắc đẹp
train_1447255347,ae8d67897787879ee59594a008f19eaf.jpg,f4b6c6334363a16c,Kursi Pompa Tiup Kelinci Sofa Bayi Infant Seat Bahan Tebal Aman Untuk Bayi Motif Lucu - Pickaboo.id,4260453523,Mẹ & Bé
train_357163322,05bafbe3d4bb1ef846e57d023dbb5a5f.jpg,eb879d651c862b86,HS [COD] Tas Selempang Pria  Usb Port Terlaris,1105071141,Phụ kiện thời trang
train_449589705,463ed6f363eb0bbe7a725a8c59b70e99.jpg,91c4673f70f14aa5,LC BEAUTY KFSKIN LCBEAUTY,2995692757,Sắc đẹp
train_1613867465,8c2c815a346dcb6228e7d13e543e8cd7.jpg,b7e4463318939bcc,Rak sudut Dinding toilet Aluminium 3 susun B680,4216958894,Thực phẩm & Đồ uống
train_916590896,f58b39ec9bcabb1aef3f9ba5a8ec8aa4.jpg,edd5853a9e7050a5,20 pcs Premium Kuas Make Up Set Cristal Rainbow Import Quality - Jet Beauty,3681154465,Sắc đẹp
train_912016113,6a3ca9a2f05fb86e84906fbceb34d4d2.jpg,8b32bccecac9b485,[SOVELLA] PAMELO SEPATU WANITA SNEAKERS IMPORT SP1928,2852410373,Phụ kiện thời trang
train_4063521608,66a8642a173638ffb5251e2782e4b48e.jpg,ad9b52a4708479eb,Jam Tangan Wanita Harajuku Korean Simple Fashion Jelly Women Watch Dikirim dari Bogor [KOK],628096071,Phụ kiện thời trang
train_3500654464,421936ecb5949dba481d34c34d2028d7.jpg,b51cc3c79a86c99a,Topi polar balaclava kupluk ninja,1884505575,Mẹ & Bé
train_1228519030,b0769899255eaf6a134c6bd329f15aa9.jpg,b3f1f81cc11ef860,RUMI DRESS,2174165912,Thời trang
train_725556934,1408a6ec252157b2154ff597b83018b5.jpg,e1004e3371cd5fd3,Acnes Washing Bar 80 gr,1650317636,Sắc đẹp
train_544780812,7fdf35ac3cb7b87b25b2e3bcfacc1e13.jpg,a493749cc33cc799,Greenfields Skimmed Milk 1000ml,1182293650,Thực phẩm & Đồ uống
train_2618088821,49f65430f5f8b4cedb79446fd47d55df.jpg,d516a349cca95ee1,Cussons Baby Moscare Skin Protection Lotion Anti Nyamuk Bayi,2062263771,Sắc đẹp
train_2035461799,fc183f29cc48fe250392e0efcf056e91.jpg,d1c48c3aa23fbf06,HARGA PROMO SUSU INDOPRIMA 350gram/SUSU GEMUK,1636399684,Thực phẩm & Đồ uống
train_2310624490,02b363295465812ffa0db5583a8b51b3.jpg,bacc33c6b4c3b14c,Buku Anak - Cerita Binatang - Dongeng Edukasi Islami - Penerbit Jabal,1960975541,Mẹ & Bé
train_1032762673,e3b3e9af186b5d07290eb02c54baef31.jpg,b45c4a0bfcdb093a,[COD]Ready Stock Mini Nano Water Mist Sprayer Facial Steamer Beauty Spray USB Rechargeable ANF,3040690230,Sắc đẹp
train_837037146,7597379d5f4ebebb34de77acd8658ff9.jpg,eacb9bc0a4a4b596,USAGI - 1 PC CELANA PENDEK KAOS ANAK LUCU 2-4 TAHUN,1846218756,Mẹ & Bé
train_2881331035,d129675a9a9793390b7e6215263c437d.jpg,e96b6b83689a06da,COD Alat Pembersih Pori Pori Wajah Spons Scrubbing Cuci Muka Lucu Bentuk Ubur-ubur / Brush,3843257025,Nhà cửa & Đời sống
train_2469086467,ff0175997386f5b0555971325348aac0.jpg,b11c961ecf079c1d,Jam tangan Skmei Kotak keren dan cool 1274,1089805460,Phụ kiện thời trang
train_254950587,1c4318978fd2d337e42b56dd4109a105.jpg,8f72e149b209d72b,Pop Socket 3D karakter lucu Sandaran Handphone Mobile Phone Lilitan earphone rapi,808651746,Điện tử
train_3629978224,4ed62c4ade834459ad726976fec268e3.jpg,eb9e2798e461d065,Kemeja Lengan Panjang Kasual Pria Long Soft Pink 5177 Oxford Slimfit,1151368748,Thời trang
train_3660945739,91a0918b577afe6b069f96388fe0d131.jpg,98dcf7992aa205a7,Buku Anak -Buku Belajar -  Mulai Mengenal Angka & Abjad,717103247,Mẹ & Bé
train_1898739959,e49f5389d330c76d568a774c9ced48da.jpg,b9c3b5b4951ec0e1,[SALE..!!] Jilbab Sekolah Bergo Zoya,934007288,Thời trang
train_879214174,87fa3e7487668a5527ff5f27ac9b900f.jpg,bce643bbc1723360,Hijab Instan Cadar Niqab Anti Corona / Khimar Masker Cadar / Khimar Syari Jersey Cadar /Khimar Niqab,4184214313,Sắc đẹp
train_2164938299,a1d11b612005c24c4a59349d5af0f544.jpg,97e470b8ad07664b,(RESLETING) TOTEBAG KPOP / TOTE BAG KPOP / EXO / BIGBANG / BTS / GOT7 / SEVENTEEN/ IKON/ CAMERA,55214780,Phụ kiện thời trang
train_1442217837,957a95a672fd025acacd05d031e8da2d.jpg,eee19156d41c68cd,MOMS BABY-TAS PERLENGKAPAN BAYI BESAR MOMS BABY OTHELLO SERIES MBT 3030-TAS BAYI BESAR MURAH V3J5,3846472209,Phụ kiện thời trang
train_745588513,df1f18442133710b74518bf1efa42c62.jpg,adcbcb25507db070,Tas Pria Slempang Taspria Selempang Taspriaselempang Tascowok Js5Um8 T S7F1 Hm3 LS566 Sablon,949070679,Phụ kiện thời trang
train_848219123,fcfce263bfcebb6aeecc27423e1ec184.jpg,ce2fa4d3959a51b0,COD BOSS !!! Sepatu Pria Walkers Mocasin Italian Slop Santai Formal Kerja,2823893370,Phụ kiện thời trang
train_257215904,d89c1228780a2e3ce120927a9411bf51.jpg,e59998654b64dbc8,PIGEON MAGMAG TRAINING CUP ALL IN ONE / TRAINING CUP BAYI / MAG MAG,1569449493,Mẹ & Bé
train_3867166155,fcab11c0e2d9c6d3421f9aa85581e2ee.jpg,bb50f02b8ebf8234,SPEEDS LX 202-1 BANTAL PIJAT PORTABLE CAR & HOME MASSAGER PILLOW,1514327608,Nhà cửa & Đời sống
train_697167096,e1238033a61d997ae3e23ebd468e20bb.jpg,e3668ec999969899,Essager Phone Stand Holder/Dudukan Ponsel/Tablet Universal Bahan Metal Adjustable Untuk Meja,1073380538,Điện tử
train_414848833,123ed3967260a9d181d2b69709558710.jpg,c1b649b649b649b6,TUSPIN HIJAB PIN PENITI JILBAB FASHION AKSESORIS HIJAB PERAK,659856182,Điện tử
train_1116343782,1888146c426a5337c47cd169d91c81ad.jpg,ba4dcd69c1b285b2,GARSKIN STICKER CARBON BACK ALL TYPE SAMSUNG Samsung A51/A71/Realme 5i/Realme XT/REALME C2 DLL,3627862725,Điện tử
train_1173798403,03588a45bb505f640876881a94feab2f.jpg,af8930c33887939f,lifree/Lifree popok celana dewasa / Lifree celana dewasa m / l / XL / Popok Dewasa / adult diapers,1029915586,Thời trang
train_2214980551,05ccc8d9ce97738a5ba0422671bbad32.jpg,bf33c2ccc06e901f,Bumbu Steamboat koki jempol 60 gram,4263306153,Thực phẩm & Đồ uống
train_2584839836,8c81fc7f390b2830d926c885f1cfc850.jpg,accadb3599968d42,T-Shirt Combination lengan pendek Kaos Distro Bandung,51422340,Thời trang
train_924946737,69e135d5eb50fdf3010c5e3ae877f5bd.jpg,dfe08cc71a38c15e,CELANA CHINO PRIA PREMIUM CASUAL SANTAI SEMI FORMAL TERMURAH HITAM ABU CREAM MOCCA 27-38,1319577121,Sắc đẹp
train_3451549828,9e46e59389c8eafa66433cd41d129c25.jpg,9ee4d8b9b3a3c0c4,Sarung Tangan Kulit Full Panjang Dengan Batok Protector Asli Garut 100%,2712350619,Phụ kiện thời trang
train_469278031,ed036c232a9d1502f0a21aca67b10149.jpg,fe5e9585d07ac282,Kurma Nabi Ajwa 500gr Original,1822037999,Thực phẩm & Đồ uống
train_378126786,0cde68fda09efde12b05490653ae00fa.jpg,e6cccc66668ba29c,Kojiesan Cleanser + Toner 100ml,743656704,Sắc đẹp
train_3016010915,397f33daf4de51998450479a737bd5d3.jpg,e2710cc930f6cbb6,Helm Bogo Dewasa Pres Motif Karakter Dengan Kaca Cembung,2049145956,Nhà cửa & Đời sống
train_3513945974,49270e45e17d9c1df2102f0d65013ad5.jpg,eb48949cc1f3d51c,Masker Hijab Kain Anti Virus Corona,490632506,Sắc đẹp
train_1395147349,c97a4b8be1bb64fd5f9f9d6adb264803.jpg,e68a9aa59971bca4,(1KG = 4PCS ) POCKET GAMIS POKITA MOSSKREP POLOS,2685099437,Thời trang
train_4269114602,c05d3981445174e65d8ebaf150344ac7.jpg,beccc1b336ec90c1,ZJIANG 5809 PRO MINI BLUETOOTH THERMAL PRINTER POS KASIR PLUS ORIGINAL,3790388427,Điện tử
train_474111060,cc6ddc7d7c5285b577817b885c774a8c.jpg,9999baa1e157c45c,umbul-umbul 5Meter merah putih dan warna - Bendera Garuda - umbulumbul Agustusan,3275119116,Nhà cửa & Đời sống
train_3273879640,6e06ea460bd049f02283c09f4b3de5ee.jpg,e69e23319e619966,Morinz Lactacyd Baby Liquid Soap 60ml / 150ml / 250ml,1235830581,Mẹ & Bé
train_3189860282,273b00e8ec3821a52f8e5c952eaa6d04.jpg,c431bbcef2b20669,Stick Touch - Stik Click Lamp - Lampu Darurat Emergency Model Tempel 3 LED - Tenaga Baterai,1317491259,Nhà cửa & Đời sống
train_3521351715,e1aed0d7fcf9635729e8fa3f98276202.jpg,b4cb4b9464b76364,Jilbab Niqob Ainun Niqab Ori Zain Collection,2763108409,Thời trang
train_4029134941,132889a6d569384d4ae2e1b5147ba8be.jpg,eed6483f49acc330,Garam Himalaya Pink Salt 500 gr Original Premium,3062268608,Điện tử
train_3820962727,aa980590761f8a22e58f39d43010adb9.jpg,d0e73b56611a6669,Popok Dewasa Perekat Size XL Grosir & Eceran,3648260272,Mẹ & Bé
train_2398992485,e183f041b0e856569611d994006c47a0.jpg,be96e4699348a4dc,JUAL MUKENA ANAK KATUN LALA KAWAII PINK TAS SEJADAH,1569494229,Phụ kiện thời trang
train_876364696,51b952b78e0e03d8b8f0600f8f5e5891.jpg,e992966d4ba49761,MERRY GO ROUND / MAINAN  ANAK BAYI BABY / MUSICAL TOYS / KRINCINGAN BABY / KERINCINGAN,1983510531,Mẹ & Bé
train_3170110039,b76494fbd5e7109e4c759369532a0d4c.jpg,dbc4dc22a2274b3d,Masker polar murah,2346113382,Sắc đẹp
train_1714368602,2e6da0cc1f554562d7006a5871531437.jpg,e6339933996ccc8c,AIR MANCUR LAVENDER atau Huki Minyak Telon atau kayu putih 60ml,468080344,Nhà cửa & Đời sống
train_113089789,853332ccd08b5b7cb85acc220d58570d.jpg,b416cbd962943c3b,Kurma Sukari Al Madinah Premium NR 1kg,2717178301,Thực phẩm & Đồ uống
train_92575259,01baeb3ff5bf6bc7e578c05e126971cf.jpg,f8a542b544cf3c5a,Pokana Pants M32 / L28 / XL24 Reguler Surprise Design / Baby Happy Pants M34+4 / L30+4 / XL26+4,2105629721,Mẹ & Bé
train_2581554989,ff62e3ad221c4b091650c9ab66fe25b2.jpg,f2835a876c8da13d,Twin deodorant hijab frash sepray 150 ml  dan roll on50 ml,1684569558,Thời trang
train_1996793313,b48f0c71dc77613575e35d85d90ef632.jpg,f1de8290bf483764,TAS WANITA LV SELEMPANG KARDASHIAN DEWI 2RUANG SUPER QUALITY SLING BAG IMPORT BATAM,3229305269,Phụ kiện thời trang
train_1138778138,7589c3fa76c3e2c2944f6adc8fa1744f.jpg,f852962c9d5be864,Hanasui Intense Treatment Serum / Hanasui Premium Serum,40040342,Sắc đẹp
train_1664977679,5414c92eb5f46d0793a725ccd92d7abb.jpg,e4f4194e4bca66b2,Lampu Tidur Jamur Avatar Bunga hias led unik mushroom Sensor Cahaya,3599057523,Nhà cửa & Đời sống
train_1918689803,931eca8050f84a51c9b9c3908b4ee9ed.jpg,ea9d9926cc718963,017 LAP TANGAN HANDUK MOTIF APEL,92124181,Phụ kiện thời trang
train_395850057,b86615ccc9343e5284a16574f920e202.jpg,a4a2b78c59e52bf0,FRISIAN FLAG JELAJAH 123/456 KARYA MADU/ VANILA 800gr,3436962720,Sức khỏe
train_3438817817,fe51927a0c10f82767f87ca8007a1200.jpg,cd89208c4ad6ff6a,( READY ) LAZEL GLUTA PURE BY SKINEST CLINIC LACHEL SUPLEMEN PEMUTIH 100% ORI,467475402,Sức khỏe
train_3934375532,b36eebb2d61e5ee26a80a2d3e645c9e4.jpg,aac99a24e5b99d13,BEST SELLER - MANSET TANGAN BASELAYER ARM SLEVEE TANGAN PRIA / WANITA - FUTSAL/VOLI/BASKET,617416302,Phụ kiện thời trang
train_3607339742,2de84eb51f511e59092f6dc95d376385.jpg,d28c70729f35c3cc,Fair & Lovely Krim Wajah Pencerah Harian 50 gr - Cream Wajah Face Cream Krim Muka Krim Wajah Cream,272107103,Sắc đẹp
train_3530588685,f0a2fa1ac5b99edbccfcf8fe860eb2c4.jpg,af42501611ee37ed,Perlengkapan Bayi Set Newborn isi 10/6  (Termometer. Gunting Kuku. Sisir Bayi. Dll) Baby Care Kit,3688199096,Mẹ & Bé
train_4169792935,50b10c5930138c431b9bf3aab962ce6c.jpg,b9ce16692c39d386,Buku Anak Persiapan 100% Siap Masuk TK,2269502085,Mẹ & Bé
train_115075105,65e127d8c3bf1125247a23423fa3829e.jpg,afd8d06b07d04ba5,NAYZ BUBUR ORGANIK TEMATIK - BUBUR BAYI HOME MADE KEMASAN BOX 300gr,2252321213,Mẹ & Bé
train_3288863614,db09817dbb9291d2171f481387b1a65e.jpg,b38cd83562c99f0b,Safi White Expert Oil Control And Acne Cleanser & Toner 150ml,4288261335,Sắc đẹp
train_4080544101,907057aa658ccba8d60261a84b4fe1f1.jpg,be8fc0241f91f88e,Speaker bluetooth robot RB100,3868183614,Điện tử
train_2493109578,cd4bb57a365d88db572eab59b3ba0d04.jpg,ee89c1de1722d8f0,MAINAN MURAH  BAYI BALITA ANAK BEBEK JALA / BEBEK MANDI/ BEBEK KARET BUNYI LUCU KOLAM SPA BABY,718674767,Mẹ & Bé
train_3036907789,7bc37bc6bc171e8e95e82363e8a97d21.jpg,eec950a596b38966,BASEUS CAPSULE CAR VACUUM CLEANER PORTABLE PENGHISAP DEBU MOBIL,1939849132,Điện tử
train_2416128466,7c9e874fb383f789fd588b763d8abf43.jpg,d216a968ced8e497,SUNCARE CREAM THERASKIN,348276014,Sắc đẹp
train_2415373457,b87ea62855941bb579c9be94bbdd8777.jpg,eb36d0e496196873,3.5mm Microphone with Clip for Smartphone / Laptop / Tablet - SR-503,582022491,Điện tử
train_4275236628,57375a52ac432e357dfb3f0dbea0718a.jpg,fbe2809c5a692db4,GGS CLOTH DIAPER CLODI BAYI POPOK BAYI KAIN BERKANCING DAPAT DICUCI POPOK BAYI IMPORT POPOK BATAM,996959929,Mẹ & Bé
train_96842855,6a7b97975838b64fa2fe87c0ae74dce4.jpg,da9d62e13d0a2dd2,Paket Cream Hn - Cream Hn Original 15 gr beli 10 gratis 1,971745133,Sắc đẹp
train_2728962228,7c1d1dda87c88724ed81032b95d1c04d.jpg,bfa5d18ad254aa13,( YR ) Kain handuk lap tangan Kelinci / Bunny hand towel,2764077586,Phụ kiện thời trang
train_3862283038,4fd8ba3026e462e616bdb59a32bf1431.jpg,d90e78c3e0b79538,Masker kain 3 lapis ( Hana Sleepwear) EARLOOP + HIJAB/HEADLOOP warna HITAM/NAVY/PUTIH ( BISA COD ),2494171542,Sắc đẹp
train_629962110,d32822cede6961790e2c8550ebeba523.jpg,9375098aea8bce5c,Wardah Lightening BB Cream Light 30 ml,579406718,Sắc đẹp
train_1894152500,fb94f5e3ed70d9bdc0c60340963ded0c.jpg,d28ece330d31ce8e,"b""L'Oreal Professionnel Serioxyl Denser Hair Serum 90 ml""",2545437279,Sắc đẹp
train_2211997221,b462967c00dd5aa658de9b81a026c71b.jpg,ad78d227d2c196d8,Mujigae Jajangmyeon (Korean Black Noodle) 330 gr,3680233781,Thực phẩm & Đồ uống
train_3509331109,3b1223f83d3a729ca5a89a3532274686.jpg,b8b1c1ce4cc90f97,JIMS HONEY PROMO JAM TANGAN EDISI ULANG TAHUN JIMS HONEY YANG KE 6 TAHUN,2043850607,Phụ kiện thời trang
train_1753538782,d5fed405af0f35f725dc7eee846e0bcc.jpg,b768d0938d0e37e8,Veet hair removal cream/ veet perontok bulu 25 gr,2846968211,Sắc đẹp
train_1114511060,b72012037df49076ef2e2abc012ac3b0.jpg,bb4ec593c668689c,"KASUR BAYI LIPAT KELAMBU BOAT MODEL, BED COVER MOTIF NAVY YELLOW  PERLENGKAPAN BAYI",1767715658,Mẹ & Bé
train_2690080984,162c1af2363fca542b715e3e3f17364c.jpg,bfe0c0f296192ce6,Kopi Nescafe Classic 2gr,3030935442,Thực phẩm & Đồ uống
train_3914563653,5eb43b5bc9d0f0932998ef2c3e48da5b.jpg,c0263fccb6db4926,TALI BH BENING / TRANSPARANT TALLY | INVISIBLE STRAPS,3820064478,Nhà cửa & Đời sống
train_994727005,3dd56e72235b90822989b04e324a57c3.jpg,bbc9c4172fe83095,Balon Tiup Jadul Era 90-an (Isi 20 Pcs) Balon Sedotan Unik Cocok Untuk Anak,3449531066,Mẹ & Bé
train_964016907,02585982df114a829f30c2af4c033dbc.jpg,bdb16138d9c43c66,MASKER KAIN NON MEDIS 3 PLY MOTIF READY STOCK (PART 3) BY AZHANIA,988006312,Sắc đẹp
train_2928166882,eb29f3bf36f4b8cb52eae54b2e082c82.jpg,ecc19096c13ec76d,Ekonomi Sabun Cream Lavender 455 gr,3516603836,Sắc đẹp
train_1968685616,12d6809affbfff68617e5eb82ecdaed1.jpg,eb963649c9cc4c99,Co2.cloth celana Jeans perempuan (co.15) usia 2-12 thn original cocorobert Co2.cloth,812681295,Thời trang
train_980552735,311de67f2a1f567819a67119fbbc641f.jpg,bec8e19da04e0fb1,Helm anak retro karakter - cip pst - sekilo isi 5,655505601,Mẹ & Bé
train_1169228691,2138e81949c044e98e7ea628b517e7bb.jpg,bdcbe493d04c923c,BUMBU INSTAN NASI GORENG PEDAS - BUMBU BAMBOE,3202957389,Thực phẩm & Đồ uống
train_1029900113,f03899b0149e007d521ab2ae91212705.jpg,af9fd0604b152d9a,Tas waistbag pria shockwae tapax,1237550763,Phụ kiện thời trang
train_2319331528,894350f2db64908a122479d12e3b21d4.jpg,ea4a2f3d91721939,Cream malam FLEK GLOW theraskin,3673824327,Sắc đẹp
train_1972198698,55595135d9766cb9a7c2704b04b50411.jpg,8e86f0a59869f39a,Cake Decoration 8 in 1 Set Peralatan Menghias Kue Hiasan Tart Ulang Tahun Hiasan Kue Alat Dapur Mura,2354234256,Nhà cửa & Đời sống
train_159245211,0c2f3e690c2aae637f35540225ae13f4.jpg,d0d03b9a2b6f2e2c,Vitamin B Becomp 1000kpl Raid All,4073160656,Sức khỏe
train_2540724354,caa3e3a65434a8abacfe35995e050e0e.jpg,ee2f38909163c78d,botol spray semprotan air tanaman 500ml-bottle sprayer,3658757727,Nhà cửa & Đời sống
train_364057952,133f9786b3d638c868f27fc0397548ef.jpg,ea9c338d9396b04b,Daster Manohara/Pilih motif/Dress Adem/Daster Hamil/,3509324959,Thời trang
train_2092912989,10e637f4834f661a8105df4d51280f85.jpg,a219ddb6d944b385,Keyboard Toshiba Satellite C600D L745 L600 Series Black,3479259768,Điện tử
train_2846924084,96d154281fb2e00ee71139e64d89247d.jpg,cc3273dd318c63e2,SOMEBYMI miracle Serum 30 Days AHA-BHA-PHA 50ml,2389140369,Sắc đẹp
train_2141708149,d47f252cabc4712c6f4e50576d08dbe1.jpg,bd5a4eccd2acc027,Kunci Gembok Pengaman Rem Cakram Disc Motor Brake Disc Lock Sepeda Skuter Anti Maling Piringan Rem,2885752806,Nhà cửa & Đời sống
train_1790519022,657cf728248e37dcbd64b17b562534a3.jpg,cb5bb4aaaa9494d4,Hanasui Naturgo Lightening Peel Of Mask 60gr [TUBE],2701575241,Sắc đẹp
train_372545932,26379d68dda86cac7fb4a36dcd246829.jpg,d65ae0a46f4ec8e4,SET Butterfly Net / Setelan Baju senam Import / Baju Olahraga Yoga Fitness wanita,1173109792,Thời trang
train_1172494828,f12f95b26be560ae3dc40d025f21b682.jpg,e8b3c74cb1126b4e,SHARE AXIS-Y Mugwort Artichoke Ampoule Dark Spot Toner Sunscreen Gel Cleanser Duo Cream,1920446885,Sắc đẹp
train_3721008896,724fcc030df2dba33162060ef6420e05.jpg,f18e96757124748e,\xe2\x99\xa5 MANTAP310 \xe2\x99\xa5 Tas selempang impor wanita Tas multifungsi tas messenger,4094364070,Phụ kiện thời trang
train_1957306631,ce396b6b160105859da47ffb3bb22dcb.jpg,9743e8bcd26917c2,Sarung kulkas karakter,305975207,Nhà cửa & Đời sống
train_590836001,dce4dab91112db6c4b5d518e21f10448.jpg,f6d98134b904b56b,Spatula Set 6 In 1 - Peralatan Tumis Masak Centong - Kitchen Tool,2156459496,Nhà cửa & Đời sống
train_2850941338,0ceb9ba195eb7ca96c11cbe391a79f7f.jpg,ebda90c14b49792e,BBBC Pena Emoticon Per Karakter Unik Lucu Pulpen Emoji Karakter Smile Spring Doll Pen Import Pt.2,211371877,Nhà cửa & Đời sống
train_3885701274,08b688dee042bd64067f2f6748097478.jpg,f2da8dd225da24c6,Minyak Telon My Baby All Varian,3211692097,Mẹ & Bé
train_1719793520,131614e3076d59d0137eede0b312a267.jpg,e961c69ecec61c98,SENSI MASKER DUCKBILL -  3 SACHET ISI 6PCS - ORIGINAL,3659553730,Sắc đẹp
train_675405376,ac81f9afa336ee809a57a171b0337fcf.jpg,f84a85951ee14a7b,Lampu Anti Nyamuk Lampu Perangkap Nyamuk Lampu Tidur Anti Nyamuk,3531856534,Nhà cửa & Đời sống
train_2176800906,5ccf787c382376580fecb0b5209f360f.jpg,e36396356c1acb8c,Tiang rem paha rem sepaket variasi rxking jupiter z vega vixion supra revo blade  fizr  all motor,3795996828,Nhà cửa & Đời sống
train_1109244281,630be9a70fc26879adb0ba7fa9373710.jpg,b49ac3249ce32d9e,ISOLASI NITTO / ISOLASI LISTRIK / PVC INSULATION TAPE 3/4,215362541,Nhà cửa & Đời sống
train_3043215779,981789a8eb65233e3580d0e4eda4c8f3.jpg,b8c6c339663718ce,Somethinc - Niacinamide + Moisture Beet Serum 20ml / 40ml,48783168,Sắc đẹp
train_3769433665,e04cdec4ca75c35a8e2c7630f88a2cc4.jpg,a42f9970729b0f2d,Lampu Led Inlite 3w / 3 Watt dengan SAMSUNG Led inside ORIGINAL,1303644154,Điện tử
train_2039592977,29fd735390a44bb3db0915806f2ae04c.jpg,a1950ff249d56a6c,Pampers Premium Care Celana XXL 28 pcs \xe2\x80\x93 Extra Extra Large Popok Bayi,2303646271,Mẹ & Bé
train_2515193197,1a5eaf6c57865e488f294b4a46d549df.jpg,ae46d035c7f8d8e0,Kaos Kaki Bayi / Kaos Kaki Anak Motif Imut,3416230323,Mẹ & Bé
train_349798462,cf72fa028334aa9869b946533f984b2b.jpg,d4c8197d4ac56e93,[BPOM] Cussons Baby Hair Lotion 100ml+100ml & 50ml+50ml / Cusson Hair Lotion Bayi / MY MOM,1344355875,Sắc đẹp
train_1126215539,5c372e27bed0fcf4a19f7151f24e00a0.jpg,b8988667c9e3e471,Handgrip / Handfat kitaco Motor model Carbon Universal NMAX aerox lexi adv pcx r25 r15 vixion vario,1043532108,Nhà cửa & Đời sống
train_3094516238,d1a7f4f4205981351e44938682ea5402.jpg,b8a817983e96c3c7,ZPT HORMON HANTU REPACK 100 ml - HANTU MULTIGUNA TUTUP BIRU - HORMON ORGANIK,2751972564,Mẹ & Bé
train_3988147891,9a789314a5506c4fedd43bed46d8a184.jpg,dfc22f8d243e8478,Munafie Slimming Pants / Celana Korset Pelangsing,2184366927,Thời trang
train_3470254641,d573e829b9d1aefbb26c9263a5867e2a.jpg,be85cb6a943d3cc0,Alat Pisau Cukur Kumis Jenggot Mister Cukur 2 MATA,4251343504,Nhà cửa & Đời sống
train_3875462176,3cbb69b16c6f87dd8f0be6e1b52c2448.jpg,be58d0a383726dc6,Sekop Lipat Portable Cangkul Pacul Shovel Militer,655957610,Điện tử
train_3498922695,aca9860c8e5e7cb4e5f27ef559ca1b90.jpg,9f191931535e58d6,NATURAWORLD BEUTY SPRAY/NBS SERUM/SETTING SPRAY,3821844360,Sắc đẹp
train_523828390,73c76974d17268f277f1e4334f12361b.jpg,bbd2ad218296665b,Feves Color Cream 60mlu,359356063,Sắc đẹp
train_3718156826,51bf1ed426c6aaabbfd33fcda71ecb66.jpg,e99683c396699669,Nourish Beauty Care Acne Facial Foam 100 mL (Isi 2),4256358936,Sắc đẹp
train_2008767899,9f7a97053c2e47cacc72352d1100ed54.jpg,b11512324de6f6ce,LANEIGE Lip Sleeping Mask Mini 3gr,1380466784,Sắc đẹp
train_2510595818,a61a2b55558738c7fc3d543aafda3d79.jpg,f28ccb3138a6cbcc,COKLAT CADBURY DAIRY MILK 15gr / ECER,3824033503,Thực phẩm & Đồ uống
train_1235595313,087395f1d832048d6f4ac10b42665b61.jpg,e1719a67b248cd96,PIYAMA BAJU TIDUR KIMONO SATIN IMPORT TERMURAH + INNER DALAMAN,2332719836,Thời trang
train_593198585,5b6b6c434e7e3696b4a9ae473a195cdd.jpg,b38c8c73ce2561b3,Bionic Farm Kacang Merah Organik 300 G,1935870504,Mẹ & Bé
train_1622948922,f1f4cb092c288a0018ad9a7d7550b41d.jpg,e2a59e2ea96d2652,(27AN.ID) COD Jam Tangan JT46 Fashion Wanita jam Rantai Strap Emas Silver Dial Logam Fashion B3,3171928665,Phụ kiện thời trang
train_3397507732,47f6c9a75ba6bb14144bc622e99c89b1.jpg,b7b4856b99c11a9c,HAPPY CALL GRILL Alat Panggang Kompor Gas Fancy Roaster masak dapur kitchen BBQ party rumah tangga,3893786536,Nhà cửa & Đời sống
train_471539823,6a035e11df457665315366f2e348f2e5.jpg,f030bbfe230770f0,Jam Tangan Murah Gucci Magnet,3598366644,Phụ kiện thời trang
train_1933569716,d8b5788c3ad9431c1ab7441ccb298fe2.jpg,e1a585c9e77bd840,NINIO Training Cup 3 in 1 Botol Gelas Tempat Minum Bayi,139876227,Nhà cửa & Đời sống
train_2950515831,05341be4ef9ac04013ee511aabe8a51a.jpg,b75fe0a8a8c59626,KACAMATA ANTI RADIASI PRIA WANITA,2596644198,Phụ kiện thời trang
train_1521704259,2e92ebedabe119669f727aa3eb823e19.jpg,bf91b046c32bcb25,Helm karakter bogo/retro kulit sepatu,958357180,Phụ kiện thời trang
train_1583289838,9feb8e4b8f56805d6060953306746d35.jpg,d5c3c239e3ab38c1,[ORIGINAL] MS Glow Paket Wajah,3914893545,Sắc đẹp
train_2686942999,5fc33e0e0eb122d1c732994f61a27313.jpg,ee916a938dc3c13c,MASKER BESTMED DAN PRODICAL CARE HEADLOOP/EARLOOP 3PLY,2910731327,Sắc đẹp
train_3075752961,cf2572f6176d8c17a010cc34e0148fed.jpg,ba15c97acc939398,LAMPU RING SELFIE LIGHT,3296580859,Nhà cửa & Đời sống
train_4068902911,2a31ed6cef0cb2b22864cce82636281c.jpg,bf9d40f074ca1563,PRIME ROSE JOJU Collagen Dipeptide Wellnex 1000mg 33 Tablets Japan Thailand / CL Upgrade / Pemutih,709353370,Sức khỏe
train_911623964,7ddaf0f8805077614708d10467fa8ded.jpg,ee8294354a376c3d,\xe2\x9d\x84 TMALL \xe2\x9d\x84 R108 Kaos Kaki Polos Pria Wanita Bahan Spandek Plus Polyester Fashion Import Murah,1091404026,Thời trang
train_986783084,d0f440b628eff7cdb41c3c8782ac2372.jpg,e88d9ac9b5b20bb4,RSB Sendok Garpu Sumpit Set 3 in 1/ Alat Makan Set Stainless / Souvenir / Sendok Garpu Sumpit 3 in 1,1866140739,Nhà cửa & Đời sống
train_3290967986,8bdbd7ca66b21bd722e05ee2c65bfc66.jpg,e3e196980f6ccccc,Speed Squeeze Ratcheting Clamp Penjepit Kayu 4 Inch - T22106,2386318710,Nhà cửa & Đời sống
train_2475193119,95bd0071888bd6d5f65c670d734c860d.jpg,b898c59746bf0e94,Pillow Massage Car Home / Bantal Pijat Mobil / Bantal Pijat Leher / Bantal Pijat Punggung,1514327608,Nhà cửa & Đời sống
train_3368928035,4cedb2b35847a914d27fee17f7289ec7.jpg,ea60859fd8d0a75a,Topi Baseball Kualitas Import,2702674511,Phụ kiện thời trang
train_1638811354,1eaff6a7e3c84c9d3f203c5c2656c495.jpg,dbe24d2618cb36e4,Jilbab Pashmina Sabyan Diamond,1768108830,Thời trang
train_1629274723,1906acac8b3bbce88bbe4d71c8ed3b90.jpg,ce04b59bb2b58e4a,LADYBUG TOOTH BRUSH / Tooth Brush Holder Motif Kumbang,1518645034,Điện tử
train_2146443016,1ab9b0b64b826f13285ee9d4dbc21645.jpg,bbdcc423956c4a9c,"KARET DOT RELIABLE ULIR S,M,L,XL ECERAN",1306578136,Mẹ & Bé
train_1698683055,2792906377bfcbed7d9986ba7935a212.jpg,8ee1f11f000f6fe4,MAUMUKOSMETIK - Hanasui Naturgo Lightening Peel Off Face Mask Masker hitam Komedo BPOM Ready,2430246747,Sắc đẹp
train_3428227826,b42efd24aaa931f0a3a1c9daf8d9971d.jpg,e65ed8990f26a427,"b""Iria Goat's Milk Whitening Shower Cream 250 ml""",3338868957,Thực phẩm & Đồ uống
train_3767429033,787679c567daa183836143defb0cf596.jpg,9f1ebef0c10b8495,CELANA DALAM WANITA SEMI TRANSPARANT BRUKAT JUMBO 30097; MIDI 30093 ; 30095 ; 30096 LACE MURAH,806454551,Thời trang
train_2628201850,908533db5f4384f6faaac76f0364f2fb.jpg,b8989637927ada68,Tas Pria RDN 015 Distro Raindoz Bandung Ransel Punggung Backpack Cowok Keren Sek BRAN NB-Tp F7B5,2082727238,Phụ kiện thời trang
train_3352557796,37b136ed0cfa1eac95151a7b35c78582.jpg,e9940acbf4e41f29,[SHINING] Peel Off Charcoal Mask / Original BPOM,607127945,Sắc đẹp
train_937796417,6c890743ad04cbdd698a6f602c76cb68.jpg,aeadb007ce989173,( 27AN.ID ) COD Dompet Wanita 93#A Dompet wanita Panjang dompet import real pic dompet cantik,2977519302,Phụ kiện thời trang
train_3018190532,fc9413e2300d028fb7b730fe904f9e5b.jpg,d99d266a0d4b5a1b,O.TWO.O  Lipstick Anti Air Untuk Makeup Lips Cosmetics,1877075868,Sắc đẹp
train_3845617089,0b0712a9b8ddce1b014d253ad5c53ce3.jpg,f8039c8aad27d3cc,FVS Sikat Botol Busa Pembersih Botol Busa,2441662411,Nhà cửa & Đời sống
train_2350467558,84e5b7c758a14d29ab9f54f87f39b8dc.jpg,b990c66de4c62b39,ACAK MOTIF WARNA Rak sepatu 4 susun / portable rack serbaguna,2672555526,Phụ kiện thời trang
train_1850210509,f37bd060beaf5ed265c080222868007d.jpg,94633b1dc478fa07,Pot Tawon 15 cm Warna Putih / Coklat Merk Wanky (Nanas) Harga Grosir Murah Se INDONESIA,218031636,Nhà cửa & Đời sống
train_1728936342,5a3b9398421c9100b3e0da9dc62bc5b4.jpg,a0c0d36b8b5dceaa,Kinderkeen Multipurpose Caddy Bag (NEW LOGO),877447896,Phụ kiện thời trang
train_1558825713,a1ac36c028041d0c04f824266cfc90ab.jpg,f10adff598419a94,Celana santai dewasa M,1642171318,Thời trang
train_2324163907,2788f95b46ff5e8bd68d7aeaa53bdd8b.jpg,b8bacd4d1296b1b1,BABY FEEDER Empeng Fruit feeder buah Silikon makanan mpasi bayi,1570588813,Mẹ & Bé
train_4066172439,0c6381bc1e218c4a0c05fd10c7a886f1.jpg,89c6f609fe3901e6,Lakban BENING XOZIE Original ISOLASI 12mm Grosir Isolasi Xozie Solasi 24mm Selotip Solatip Murah,1540125626,Nhà cửa & Đời sống
train_1332396554,81f748f09d3707d6b63c88882625d9be.jpg,c691b71b64cc3b31,SABUN KLINSKIN MURAH ORIGINAL FULL 1 BATANG,1983889235,Sắc đẹp
train_2062077201,3be2e1bdebcac716ab737e7dfa201a4c.jpg,946dba32e5c79132,BELI 5 GRATIS 1 Bunny Hat Topi Kelinci Led Karakter Dengan Kuping Gerak Rabbit Ear Cap Import,3239661739,Nhà cửa & Đời sống
train_694315837,d76a211ea36f0c56e40f1382e4e3ac2d.jpg,ac3cd38228f97a3c,Tobot Quatran CDRW 4Cars Combine / Tobot Tritan XYZ / Mainan robot gabungan 4 mobil / mainan robot,3457914769,Mẹ & Bé
train_1750959457,0e99385f9a9754d83da71ad5447a8e35.jpg,9e43619c39969b63,kartu Uuno card Unoo grosir,3283659902,Mẹ & Bé
train_177633839,f0b8b1e025e3f28955857f3ad5b027f3.jpg,b198cb4ccec39b86,Promo Teh Botol Sosro Kotak Original 250ml 24pcs/karton Harga Murah,3415257585,Nhà cửa & Đời sống
train_865484290,dd4b58e4936b5fcb1e001e43b89d30b5.jpg,c48ff0ab9a920fb8,CASE 3D UNICORN OPPO A5S A33 A71 A3S F11 PRO F9 REALME C2/A1K A37 KARAKTER,4033253323,Nhà cửa & Đời sống
train_2299415089,bb02a9ffaf1cc8aab864dec83975f448.jpg,b399ccce66269839,Madu Uray - Raw Honey 450 gr (330 ml) - Madu Murni Sehat - Madu Hutan - Madu Asli - Jagapati,1167537954,Sức khỏe
train_3124836068,cc8a064ffd05c3772562cc1b4a05d6ef.jpg,bd2dc0d383c79a38,[COD] Cable Kabel Data charger iPhone Lightning Original iphone 5 5s 6 6+ 7+ 8+ X XR XS XSMax,1154928830,Điện tử
train_3997991473,785840bcf53d4841652b57a1c9eb7724.jpg,ecb4914bc6e38fc0,PIGEON - BABY POWDER 45 GRAM  / BEDAK BAYI,3027798817,Mẹ & Bé
train_2296946515,42d1c1bc7b869c33112c9ec12a750de2.jpg,8a52952d2fd6ca6a,SERUM HANASUI GOLD BOTOL KACA ORI,1586569486,Nhà cửa & Đời sống
train_1818139395,8d3e3e2cac880d95b320564202a92d4a.jpg,bbc686c7841f2c3a,TUNIK INNA TOP / TUNIK MURAH / TUNIK TERLARIS / TUNIK TERBARU / BAJU MUSLIM WANITA (BIG DISC),467458019,Thời trang
train_330174461,19eef6743da23a260833a33c01ad6364.jpg,e84f4631072c27bf,Ringlight Selfie Lamp 16cm Plus Tripod Ring Selfie LED Lampu Selfie 16 cm,780105759,Nhà cửa & Đời sống
train_2250052349,6f2702bf19bb7d807c16815ef4237523.jpg,f8c94b32954ac6bc,{Guys Ongkir Hanya 1KG} Brick Lego / Balok 1000pcs + Free bubble wrap / Mainan Lego,2579366337,Mẹ & Bé
train_1743389544,874db4420116cc3e3a5c5cfda21973f1.jpg,ca6f333883609e4f,Rak Kosmetik Tempat Lipstik Kutek Multifungsi Akrilik Grid 18 Murah,2167023465,Nhà cửa & Đời sống
train_1118147925,32fda63e0d1dc1c2904c7608e5729ea3.jpg,b3ac4ea75ca3c470,Garnier Pure Active Acne & Oil Clearing Foam Skin Care Pembersih Wajah - 100 ml,313768238,Sắc đẹp
train_1646573458,9985948b8fe976753d773d651a31c288.jpg,ec989292c765cd65,KABEL DATA / LIGHTNING CABLE  IPHONE IPAD IPOD BOX,3182434835,Điện tử
train_686372452,839b5f2368d3522d78bc0e05f2e6966d.jpg,e8e61639a9871ce3,LANBENA Masker Wajah Asam Hyaluronic teknologi Jepang Pelembab Pemutih Perawatan Kulit Anti Penuaan,2489370416,Sắc đẹp
train_3925771802,7503be39784aa0922447378d83a9c6d4.jpg,bd38c38ed26dc492,Lem Korea Handsome Cyanoacrylate / Lem Cair Serbaguna,451207812,Phụ kiện thời trang
train_863137792,32eee978426d80faf95f713263506b95.jpg,bf96c00fc329c32d,MADU HITAM PAHIT CURAH BERKUALITAS,2686393565,Phụ kiện thời trang
train_2930559424,f7252d65a44ea4556816c734267316b8.jpg,93e639624e3971a5,RODEOS BAMBOO CHARCOAL SOAP 80g | Sabun Wajah Pria,3436872731,Sắc đẹp
train_1827744454,da08c28bb08296cdb420f7958cb70ea0.jpg,eb5aadad9c909924,[KOKO ADAM SC] baju koko pria katun varian warna,3540387866,Thời trang
train_4098902058,4f284e39b2316cd15c8e41382f49a32e.jpg,bf3dc0c2933e2c1c,SHINAR GLAMOUR LASER CUT Gliter Hijab Segi empat Polos Premium || DISKON PROMO GROSIR Part 1,898782087,Thời trang
train_1586886239,1bb617bb2cfb0f0fc0b03c0c6fea5812.jpg,fa84763d898167ca,Jam Tangan Anak Karakter 4 in 1,2837715562,Phụ kiện thời trang
train_139537018,31e2d3a1e6bc8fa89183daa98a54a626.jpg,bb35c4ca3b3d84c2,BOLD\xc3\xab Penyedot Penghisap Debu / Oto Hoover,2753090832,Gia dụng
train_1703698221,b97d8f80a39500cf131b69e7d1879e9c.jpg,af2f7860618f0f86,GRATIS BUBBLEWRAP !! Panci Elektrik Multifungsi Electric Fry Pan Panci Listrik Lapis Keramik CUC-802,1226500780,Nhà cửa & Đời sống
train_1715063149,2aaed849b0cde76ce4e81cbb7403b0f1.jpg,b9e2c41fc89cc569,USB Hub 4 Port ON-OFF USB 2.0,1639967516,Điện tử
train_3566454168,d215167dd74a4a0c6b852933b66ecd19.jpg,bb46c4f9c51b21e1,HeadPhone SONY Extra Bass XB-450,1043565100,Điện tử
train_3789934379,851ca3dc2768eb797385aece3b41cc9e.jpg,ead095bfb44a6283,ORIGINAL Krim Siang Malam Temulawak Day and Night Cream Sepasang 50 Gr,3508490983,Sắc đẹp
train_4273577794,166919daf04d2bf7178800e52b0ef676.jpg,b48881378dc27ecf,SPIDOL PERMANENT SEKOLAH IMPORT / SPIDOL ALAT TULIS SEKOLAH ANAK,361170247,Nhà cửa & Đời sống
train_1253934029,f2243c5ddd9617859eb16162910886b4.jpg,af21e0cf90ca1ff0,Perlak Pangku Travel Ompol Bayi -+ 35x40cm,3892893473,Mẹ & Bé
train_753395825,733f1dfadd0d18a8c81d67d0711586ad.jpg,8ff1f10a306d0de5,Lion Star Nautic Tempat Minum / Drink Jar (2 Liter),1231123093,Thực phẩm & Đồ uống
train_2327912171,c5c151694ac09f4482951c85afdef211.jpg,bd1ac6c5691a1e4d,POP SOCKET POLOS  POP SOCKET MURAHPop Socket Polos - Pop Clip Warna Standing HP Popsockets (acp.id),4054467630,Thời trang
train_1724980450,0436ca524d418500fbda7fdad85f3405.jpg,e09ece64ce269b31,Mediheal Teatree Care Solution Essential Mask EX Original,4099288690,Thực phẩm & Đồ uống
train_2445337082,29289026708d82316bfc3f8ead202d33.jpg,b3cc338ccc33cc33,(MIMINBEAUTY)  Emina Cheeklit Cream Blush,2770620676,Sắc đẹp
train_2465520267,418c4b37208027ef156f5c8b339028b7.jpg,80b51c9b1f4b2e4f,OSM - H594 Cover Alas Kulkas Multifungsi Dan Anti Debu / Gantungan di Kulkas / Penutup Lemari Es,2328257383,Gia dụng
train_2153474729,77dbce5cd262ac57e2e64da0b0287773.jpg,a627c8d8b9732764,Masker Motif Velvet Diamond 2ply,2547266024,Sắc đẹp
train_1053313034,cd766dcc872a80e542fa06606e68ce44.jpg,94a4d9d0e65caa5b,SK9006 Parisian Love Wallsticker wall sticker stiker dinding,3116840338,Nhà cửa & Đời sống
train_1504499709,784db69a2797e7bb7cdfdb1fdfb9b15f.jpg,bb0fc063373309d6,Mainan Shopping Trolley ( ST003 ),1762276486,Mẹ & Bé
train_2324715334,459bdb38a5c678ad7a03923ddc7cf8fe.jpg,ee39c3269ec88d1c,Noera Lip Gel Serum,1348090722,Sắc đẹp
train_790266997,d4765b891fb6d5f4e57057d40a427147.jpg,cb62a689bba5819b,MOKOKOMO Hem XMAN Kemeja Formal Pria Lengan Panjang,1508693501,Thời trang
train_774486680,28c1015d5261ad3d9cd6ac605bbd677c.jpg,bed0d01fc23ff060,BohoBaby Oversize Kantong,1222775276,Mẹ & Bé
train_1617929803,f5211cea19831feab28c15633fe271b4.jpg,9944111bbbcbccad,Cussons Baby Cream 50g,4277487223,Sắc đẹp
train_819213426,78960095f37658fceb1f1ad9c0453182.jpg,ebaf939464685a43,Panci elektrik(( STOK READY)) serbaguna / teflon listrik /peralatan masak listrik elektrik /,1226500780,Nhà cửa & Đời sống
train_1534989662,4ac5e905c19486aa511b370b8878f256.jpg,e664999959666633,VASELINE HEALTHY WHITE INSTA FAIR LOTION 190ML,3035928562,Sắc đẹp
train_1684329557,5f33097b3b202a572963f87b099c1b9d.jpg,eec6a10c16bcdbc2,Dompet Wanita BOSTANTEN,114912297,Phụ kiện thời trang
train_992327432,7329801ef65610f5fc085ab3e1f1f480.jpg,cebff100a1cf19b0,(1Kg=10pcs) JILBAB ADIBA instan serut jokowi polos/simpel pet /Khimar pet tali polos/Jersey polos,2931545858,Thời trang
train_837157045,ad61b9a840a4f628759194d4c1468c89.jpg,e719996496968c9e,Cussons Baby Moscare Cream Anti Nyamuk Mosquito,2062263771,Sắc đẹp
train_1296264632,27facd9afa37f3fcc91b3b93fccd4b29.jpg,ada5e452923a96cd,Paket Balon Bak Kolam Mandi Bayi Anak Intime Baby Bath Tub SPA 0 1 2 Tahun Karet Bonus Gratis Pompa,3946497187,Mẹ & Bé
train_4078240451,2c4ea06b1bbd9e9defba3f819507e37c.jpg,b7ca1e6416399999,(PROMO GROSIR TERMURAH) ROK MAYUNG PLISKET / PREMIUM QUALITY BAHAN KATUN LOTTO SUPER,1953458414,Thời trang
train_2803141929,af5a5ef18862eb641211a0b283e0f23c.jpg,c6b8f5d6b88266c2,Baju Koko Pria Gus Azmi Syubbanul Muslimin Kombinasi Hadroh Azzahir Hilw HO187 KEMEJA KOKO PRIA BAJU,1663491238,Thời trang
train_3719418971,24693fc4be47a451a97258cadd03e2ea.jpg,ba9c1cc12b631ef4,Botol Susu Sumo Murah BPA Free 240 Ml/120 Ml /60 Ml,3799823061,Thực phẩm & Đồ uống
train_1638605360,3fed3a7c89f584bf094c3a2c8df6c92f.jpg,bb1fc424b43a23cb,Dot Pemberi Makan Bayi,2626961557,Mẹ & Bé
train_1133085683,5a049e08604f94368b61701002ae0677.jpg,973d64c39a9439c6,Sarung tangan plastik sepasang,411986394,Phụ kiện thời trang
train_3956451957,8297df4e4a57c1971352586ae671cb84.jpg,bb3fc4c6c4c4c4d4,Wardah Lightening BB Cream 30ml,579406718,Sắc đẹp
train_1953454267,19a51d2253d258079d3ac77548be75a0.jpg,90bca9a17fd9380e,SEPATU DENIM ML23,4167414634,Phụ kiện thời trang
train_2598294090,9d0f501193e8215293407d25d21cbecb.jpg,e7ec58244cba76e0,PROMINA BUBUR BAYI,674521593,Mẹ & Bé
train_2216166082,4c73a7400acab2137a40e7aec039df9b.jpg,ed81d2cfc13b9628,Tas Ransel. Tas Punggung. Tas Wanita. Tas lelaki. Tas Motip Paus,1590323840,Phụ kiện thời trang
train_3621088261,08c6e57708538b544af753ef1facd949.jpg,ec93936c6e892d92,TU88 Gelas Love Gelas Cantik Love Gelas Couple Black Pink Mug Plastik Pasangan Hadiah Gelas GLS,1783227262,Điện tử
train_480894425,45fb839d707463ced3c6aadffb77350c.jpg,f2a55aa75858a55a,Minyak Goreng Kelapa Barco Botol 1 Liter,954571849,Nhà cửa & Đời sống
train_2789453100,1c2b1a33693903a0b1f3ac5dbbc5d9df.jpg,e05ad61d782de14e,Jam Tangan Pria Casio G-Shock rantai mika gst8600 gls murah b5000 dualtime digital gshock,1362714865,Phụ kiện thời trang
train_1638941829,4088c0256bcfe793b727458d7fcce246.jpg,e1879a782f689e91,\xe2\xad\x90Bobastore\xe2\xad\x90R015 Mangkok Masker Wajah Set 6IN 1 Kuas Alat Make Up Sendok Mask Bowl Makeup Mangkuk DIY,219382266,Nhà cửa & Đời sống
train_1085922914,04325d767af190517379650dacd02493.jpg,89e1f542325be4e9,Bergo anak 0-3 tahun / jilbab bayi premium,1119404634,Mẹ & Bé
train_2862590974,e856de78db8db45baf52c925d6767d84.jpg,aa956afc23188f6a,Tudung Saji Bulat Besar Diameter 71 cm Penahan Panas Dingin Makanan dengan Tulang Rangka Panjang,4058480380,Thực phẩm & Đồ uống
train_2380961635,b1693ab3710176d220d6afa939393922.jpg,f852962c9d5be864,Hanasui Serum 25ml,40040342,Sắc đẹp
train_3107527751,0cbe71cfc224e4ace275c044725c4136.jpg,bbae3919c430c63e,OTG CONECTOR MOBILE MURAH MICRO ANDROID,1783253855,Điện tử
train_1528545665,e121fe3d9e18982b380124b08cc7bc1b.jpg,81623f4b6785356b,Led modul SMD 5050 waterproof 6 mata led 24v 24v 24volt 24 volt,1322783678,Sức khỏe
train_4008714122,9175105ada1b01804c6cd8c8610b142e.jpg,b3cf9a9b2c6894c8,[ Promo Flash Sale ] Alana Maxi Size S M L XL | Dress Muslim Terbaru | Fashion Muslim Terlaris |,4127663182,Thời trang
train_2247183115,04da77b24c66210c5669cccf57edd575.jpg,8b96b46af8ed1702,Sidomuncul Vitamin C 1000mg 1 dus ( 6 sachet ),803193734,Sức khỏe
train_3153723471,62fb29c283dc560c04dbabd7d03c758c.jpg,f39c9ae629499626,Pixy UV Whitening Loose Powder,3296667819,Sắc đẹp
train_1343802486,3a3b76690161898964cf194c6d82b0e1.jpg,94d4e2f4cf23e183,"KELFI SETELAN / SET BAJU ANAK COWOK/UNISEX USIA 1- 8 TAHUN ""PIRATES EDITION""",2340506284,Mẹ & Bé
train_2753930766,dfbe5ae99f10a6f81a54d8fee5d33be5.jpg,ea9681b5c550cdcb,Kaos Oblong - Kaos Dalam Polos - Adidas - All size M to XL - Kaos Lengan Pendek T-SHIRTS Pria,226254494,Thời trang
train_3956522897,4072539ee0db84fb436d605efbcc860a.jpg,c147feb8bc54824b,Kertas Thermal 57x30 mm / Kertas Struk 58x30 mm Printer Bluetooth 58mm SPOTS EDC BRI 58 / 57 X 30 mm,1621270404,Phụ kiện thời trang
train_3138791293,1fe2483be0356558f24253897e67c8ca.jpg,fc67c19a5368a594,Gamepad For Android Holder Handphone,1073703499,Điện tử
train_3330610755,e795252d87a7ceb373a54b65c7510f03.jpg,b33393cccccccc32,Importir.Fashion Kaoskaki Kauskaki Wanita Dewasa Fashion Korea Import - SHG2008,952831962,Thời trang
train_471143471,088c9d5a7ebbf60784e2677ff726f57d.jpg,f033db318bcc8ccc,LT PRO Aqualine Lip Cream,3914005699,Sắc đẹp
train_596950898,729162b6bd7fdc6f5803d071702a32ed.jpg,b1126d966699679c,Midi Simpel Pet Tali ||| HIJAB JILBAB KHIMAR INSTAN,413132049,Thời trang
train_2014848098,76bed09b160bb0eb66f41517693826b6.jpg,a996c19ac73ccb61,Almom susu almond asi booster,3718514110,Thực phẩm & Đồ uống
train_2770808306,cd99bd685d7a11353b49c1f8753822c0.jpg,ebc0c01ab43f943f,(COD) RR KAZUMI - Tas Selempang Wanita,4094364070,Phụ kiện thời trang
train_3039427949,6d65fed3d821fd7cea70b2278f893d21.jpg,e8c39d9696699299,Kitchen Set Koper 3 In 1 Little Chef Mainan Edukasi masak masakan,1245160560,Mẹ & Bé
train_2470852344,1f3bbcdb9dfc9cfe90ca9f7499f2070a.jpg,e8b4c79a69a5649c,Clean Wipes Carrying Case Wet Wipes Bag Cosmetic Pouch Wipes Container Optional,1301393497,Phụ kiện thời trang
train_2755794799,a6ed95a53e53a91545dc529e7eff3ba7.jpg,dee0e4d6c2353534,\xe3\x80\x90Bayar Di Tempat\xe3\x80\x91Brush Aplikator Maskara Bulu Mata Sekali Pakai,2916181532,Sức khỏe
train_1351084608,ccb8ad8993b02bee0893806862881600.jpg,a446ce3e687323a7,APPLE WATCH MURAHHH \xe2\x9d\x97\xef\xb8\x8fJam Tangan APPLE TOUCHSCREEN,834544767,Phụ kiện thời trang
train_1133767193,2b3db710d94677194953243e32220280.jpg,b1339a6965c6ca69,CATOK MINI NOVA 2 IN 1 2009,2558633431,Sắc đẹp
train_1952515155,8782783382cbbb31dbfc45d53ac364f7.jpg,f40da770db25c147,SAKLAR LAMPU 3TOMBOL,3907914144,Nhà cửa & Đời sống
train_2377133116,659df63bb344f5b633a92c6ac77eae14.jpg,e895c25a9f689d68,Hoodie Pria aesthetic ANCE STUDIOS Beludru PanasMusim Gugur Berkerudung Dingin Remaja VersiKoreaTren,1749743284,Thời trang
train_2485628928,4cf4b2fb3e65c9c0449844bc4e00e8e8.jpg,bd3993444f0d9237,(READY STOK) Kacamata Face Shield Mika BENING Nagita Slavina Faceshield Import pekanbaru riau,1322749330,Phụ kiện thời trang
train_3526940506,89ccedaf97f161dd1173de44a4bfce7e.jpg,bf14c081c227bd7e,(12PASANG) KAOS KAKI KERJA KANTORAN DEWASA PAKET HEMAT,2537537491,Thời trang
train_2347403568,c74b2dd9203ab47c075d186371ea1fce.jpg,9133eeee8818b21f,TweedyToys - Puzzle Kayu / Jigsaw Puzzle 9 Keping Polos Lucu,3102277942,Mẹ & Bé
train_2331201860,4a81ca71b574dfacb3bedf3f39af7bdd.jpg,bba0cc5d99db8158,BAJU TIDUR PIYAMA CP JUMBO MOTIF KARAKTER,663139661,Nhà cửa & Đời sống
train_2411544001,eb9fb8d17c98ffb3fd949d18bcfc25b5.jpg,bfb88472d285c84f,Jubah Anak Modern Model Kancing Kr No 4-15,1835033137,Mẹ & Bé
train_3885558258,e58fd7695ec39ec59d61cfffbc54dbec.jpg,e598c7908e369e69,G Shock Casio DW5600 / GLS5600 Full Black Hitam simple Jam tangan digital LED pria sporty outdoor,2547856194,Phụ kiện thời trang
train_2910463828,82b00cbc74e5887673e34d6a773a15e1.jpg,a8e234b3b72333b4,BAJU IMPOR / ATASAN ANAK CEWEK LENGAN PANJANG,1514691032,Phụ kiện thời trang
train_3084210968,83b67a62e467b30141c95879b80c61ca.jpg,b7c1e87e87d0805e,Alat Pemisah Putih dan Kuning Telur dengan Bahan,417125601,Nhà cửa & Đời sống
train_420958567,fe4f0c10e28a126b61e6926b7063d667.jpg,8ee01de5c785b51a,FATA SIGNATURE SPREI SORONG SPREI DOUBLE SPREI DUO SPREI 2IN1,2057882529,Nhà cửa & Đời sống
train_3228221100,8eda62df7bf30b1df262c020c96f35c8.jpg,9f9fa0f0d8461d0d,Lazy neck / Universal Holder / Holder Handphone / Holder Hp / Stand Hp,1470646027,Điện tử
train_3811409343,9238b656d2d9c42ced671736759cab4d.jpg,e6cc9999989bc931,Discovery Botol Minum Sepeda 650ml - HKPX,2768070062,Nhà cửa & Đời sống
train_3043895290,db24a6f193ae70b3c0a7345a4cb773c6.jpg,bec3e03c0f0a67d1,Libby Setelan Baju Kutung Celana Pop Motif Bayi Newborn 0-6 Bulan,3742896589,Mẹ & Bé
train_560092416,8236742f6a2fbdf1e75be64a071718e4.jpg,ebd2b43e850bc0e6,Softcase candy all type,2518689634,Điện tử
train_680944778,34b2606a2e9036ce11f3732711de36d8.jpg,ebb596ca2d2ce0a1,CAR G7 FM MODULATOR - G7 MP3 AUDIO TRANSMITTER BLUETOOTH CAR CHARGER,335142357,Điện tử
train_693094802,0d7a0858c4eeb748203d95ca6799c891.jpg,feca9135c263c631,"BAWANG MERAH GORENG 200 Gram, BAWANG PUTIH GORENG 200Gr, BAWANG GORENG 200Gr, BAWANG NON PENGAWET",1236048845,Nhà cửa & Đời sống
train_966618279,6bfcad8b515507d833a49ee42f75e259.jpg,84563f696135c79a,Jam Tangan Wanita BabyG-666 New,777596345,Phụ kiện thời trang
train_4246139076,b8383fa3d082e5336d6d32293a5fd6cc.jpg,f8aa979468f4a8d4,Sugar Baby Strong Vacuum SS Bottle - 600mL,3253353402,Mẹ & Bé
train_346803938,27ed1131d7ad8e0f16d67830e3fbfa82.jpg,bb3797c4c4c3d04c,Garlica Alkanzu 100kapsul || Minyak Bawang Putih Alkanzu 100Kpsl,3630596723,Nhà cửa & Đời sống
train_2899991056,95e01e67f343adc5b3ff2e0d6f2deca0.jpg,a921de5e92c1b55a,[LOKAL] DOMMO - D1171 TAS LUIS BULAT - Tas Ransel Backpack Korea Fashion MORYMONY,571810386,Phụ kiện thời trang
train_341607971,29afb0c56c7c78fbf745185ce782dbd8.jpg,924ad93ec4f7a0e2,Gratis ongkir SMARTWATCH  DZ09 / DZ 09 U9 + BOX SMART WATCH JAM TANGAN PINTAR HP ANDROID GSM,1031952912,Phụ kiện thời trang
train_1132353824,b2f413ce13d47508734c209a9da5da91.jpg,bb05c47a3fc5c09a,Teri oven bu rudy,3330386853,Gia dụng
train_4262028797,7cb242d8677a6085488403bb24f53b4b.jpg,b966c619341c3fcc,Audio Technica ATH-CK3TW Bluetooth 5.0 APTX TWS In Ear Earphone,3982053325,Điện tử
train_1559794917,766787dc5829dc9eeea5ae6061ced27a.jpg,ea9395159612f663,Dress wanita Malone,478812549,Thời trang
train_2667412771,4d36c47ffaec4f4d9af90684b3d55874.jpg,fa08439d18c71f3b,Sepatu Sneakers Flat Anti Slip Bahan Kanvas dengan Strap,1339662767,Phụ kiện thời trang
train_2731474405,376af656879b858f8265181b86267df2.jpg,d2a5899e4b7cca98,Morinaga Chil Mil Reguler 800 gram (Susu Bayi usia 6 - 12 bulan) / Chilmil #37,4189236082,Thực phẩm & Đồ uống
train_277588668,ef8a9f52a90363ae0e4f13d273ba38c8.jpg,ea4e90b50f5a7265,Casing Hardisk External HDD External Case 2.5 USB 3.0 ORICO 2020U3 2.5 Inch SATA USB 3.0 Enclosure,3860087248,Điện tử
train_1450726680,537f1c3d6a5b043e48baea8fd63107df.jpg,b9d105e6303eb749,Hijab Syiria plisket pita bahan kaos tk paud sd,1701450902,Thời trang
train_336637903,681afa4ea4e476c7b459bfb763ffb947.jpg,fe4a8336a13396cc,My Oats Choco Banana My Oats Coffee Oat 100ml 3mg & 6mg,37319298,Thực phẩm & Đồ uống
train_1429585174,1e598982719b9bb842dd85327e0ca166.jpg,ba6ed876c471d640,SARUNG WADIMOR POLOS HITAM - PUTIH - MOTIF ORIGINAL SARUNG TENUN INDONESIA,3404702965,Nhà cửa & Đời sống
train_4251822241,919b1f025dfb90a3cdd793b8c9d45cbc.jpg,e791089d4fe0951f,[400ML] CETAPHIL Baby Daily Lotion Losion Krim Bayi 400 ML 400ML Promo Murah Botol Pump,1301527687,Sắc đẹp
train_501751944,d6ab736ca0fce34bf552981aed315225.jpg,91ec4ee370493eb4,Satu7an PS02 POP SOCKET KARAKTER BONEKA KPOP HOLDER POPSOCKET HANDPHONE 3D IMPORT GROSIR COD,3010436977,Điện tử
train_2559568500,9cea923461579dc75154ff32b9071cc9.jpg,e89fc57192c3835c,NEW EDITION INNISFREE MY REAL SQUEEZE MASK,927285629,Sắc đẹp
train_4205426924,d58f36a624e78cbd043db9df0c44a1c7.jpg,add2d0adfa42ac45,Kemeja Pria MAIKEL Size : M L Xl XXL & XXXL,77254707,Thời trang
train_4169864668,b5b4bfa685e73a1cbbed68b9985fbfb2.jpg,b560ce99d919c6e2,Mamypoko royal soft l62/mamypoko extrasoft l62/mamypoko tape royalsoft l62/Mamypoko l62,2828399909,Nhà cửa & Đời sống
train_3523178326,666f255dfd9b2d00dd9a07fd09adbe7d.jpg,bec382b6ec19f00d,Jam tangan magnet dior /jam tangan murah,469790690,Phụ kiện thời trang
train_2930734945,9de19b23d99a7c8ac00218a77e0fced7.jpg,f68989368976d989,Hanasui - Peel Off Mask - Tube,32960388,Sắc đẹp
train_32928775,4e8c88154767a2ea77836149c756d584.jpg,ed3996c661392c96,Cussons Baby Mini Bag Gift Set Bayi Cussons Set Bedak Bayi Cussons,772217144,Phụ kiện thời trang
train_3984464538,2a182ed1c8af07fc66461a298de81042.jpg,ad90daebc667841a,Adapter Charger Mobil 2in1 / Saver Car Charger 2Output 2A,326632910,Điện tử
train_4151725726,29e954430020593a0663cc851cdd5a7c.jpg,b972868d4fc23333,SANDAL SELOP WANITA BUNGA,2832112238,Phụ kiện thời trang
train_869598398,d2009b0444f3ce2da319bc988985b94a.jpg,b3dbcf641364acc0,SET GAMIS ANAK ARFAN KIDS,3059956762,Mẹ & Bé
train_2472780488,c0ac73edfab8185199e64fdbd032af62.jpg,ba5b84a4c59b4b4e,\xe2\x99\xa5\xef\xb8\x8fCOD\xe2\x99\xa5\xef\xb8\x8f1_6Tahun Joger sport anak/celana panjang anak,3867695087,Mẹ & Bé
train_3890606324,94c9ce4ba2402fe7a25ad1faba1c7a1f.jpg,825a7616595b78f1,Lakban Bening / Coklat Nachi Tape,4227697284,Nhà cửa & Đời sống
train_655567001,067a28ebb59279954e6ebe5d30aa6648.jpg,fab3c4c88d56502f,OCHOT DOMPET HIKAMA MINI#DOMPET WANITA MURAH#DOMPET  MAHIKA  KIRANA STUFF TERMURA SIMPLE KEKINIAN,1935197174,Phụ kiện thời trang
train_3546911738,3a57eaa5664a8650ab01bd698f391dbe.jpg,bd54a4db275aa1c2,Headset PureBass JB-01 Handsfree Stereo Earphone,3282190523,Điện tử
train_1872425054,9d9d5827129dd759152acd4f54e553f1.jpg,ab1005654efc9f96,Tricks Snack Baked Crips Kentang - Rasa Original - 1 Box 10 Pcs,3232747298,Thực phẩm & Đồ uống
train_3410476832,258940bfa198f4cee7ed4efcb1a0874a.jpg,ee89c1de1722d8f0,Bebek karet berbunyi suara kamar mandi mainan kolam anak bayi baby toys shower pool toy swim duck,718674767,Mẹ & Bé
train_3557081735,d2d6df1f0f02e8a5d86923e67a356dea.jpg,e7c8983766496b92,Samsung Galaxy A30S RAM 4GB ROM 64GB Garansi Resmi Samsung Indonesia SEIN 4GB/64GB,2692422890,Điện tử
train_1041328820,67f4a9b09ef1224188e6c1e35fd8a551.jpg,bd39c1c6c7983893,Tepung Ketan Putih Rose Brand 500g GROSIR,3604616805,Nhà cửa & Đời sống
train_2025925954,670bb39ce739c71799e9642850b3b64a.jpg,a521524a1e27eff8,Ember Lipat 5L/Ember Lipat Portable,977669247,Điện tử
train_2648140025,2dcd614f6668e359600c8e12450e1757.jpg,aaea9797852878d1,Lampu LED Hannochs SONIC 3w 5w 7w 9w 12w 15w Putih / 3 5 7 9 12 15 watt Kuning,3968274482,Nhà cửa & Đời sống
train_927017583,b6930d6ddfc192f3eccc74e037355b3e.jpg,ff52c1c2da2ce50c,DISKON Sepatu Sandal Anak LOL,2040339589,Phụ kiện thời trang
train_3709603918,73da5ce96158dbd768b6840add4162e8.jpg,c692a9ffd0c46a92,Kaos kaki cute 01-best seller angkle Jakarta,1091404026,Thời trang
train_4187881787,e0de870dbc3bddfa2656a57ced0a6d35.jpg,aec2ca9cc0cfcc8e,GAMIS RAYON SLAVINA LEESTARI 06,2087590585,Thời trang
train_3599974861,bf182846e78817e9893e8e5713721f7c.jpg,abf5d545d41ad04a,New Tas Stringbag / Tas Serut / Tas LucuH,1652294158,Phụ kiện thời trang
train_1493605288,9fc60048d2bb4580aaccba3a38568841.jpg,c79f6326c07c2f0a,ECERAN Sarung Tangan Kain Katun Abu Abu 5 Benang Sarung Tangan safety 5B Rajut Super Gosave,1768294681,Phụ kiện thời trang
train_184643740,618d4e7b550359a6ab57a7c54b16813a.jpg,e69989c23668b36d,MAKE OVER Powerstay Fix & Matte Makeup Setting Spray 50 ml,2801857950,Sắc đẹp
train_1352013638,a47c48c38c50aa4e6cec44f7085b8507.jpg,e6999b99cccc8cc8,Jas Hujan ASV Versi 1 Kualitas No.1 Karet PVC Full Rubber Tebal Sistem Press Original,2384199699,Phụ kiện thời trang
train_447138347,b01b2370c54bf3b78b40e4166912c187.jpg,b098cfc72cb29965,Instaperfect MATTECENTRIC Lip Crayon 02. MORALE 3 g,157683903,Nhà cửa & Đời sống
train_3957838228,f95486930c3918c5d0a4cda338b11c9f.jpg,dacbd316a4d84a96,MUKENA ANAK KATUN POLKADOT PINK,2158225477,Mẹ & Bé
train_2257775682,1aa135d05f93b8887d467d4da7cd83fd.jpg,ecc6923993cb8c6c,TAG GUN TIMBO / TEMBAKAN LABEL BAJU,1111746470,Thời trang
train_2836716709,bffd3d9b2b4df38bffc632d7155ae0a9.jpg,b943c61cc3f131c7,Promo Pixy Stay Last Serum Foundation,2773427352,Sắc đẹp
train_3010464010,8a5f92d3d158ef5c045f751aa451f778.jpg,e8b08487b769474f,DISPENSER ODOL BARU TERMURAH !!,3286093677,Nhà cửa & Đời sống
train_987687397,45b8a4e3b94ab3457aa3bc2724b6069a.jpg,bc8fc3ac63d88166,SHINING PEEL OFF CHARCOAL MASK,952489020,Sắc đẹp
train_708708805,f67f7dd33d16976f4a630449d3770b9d.jpg,b8f906ced333cc06,MIC WS858 WS-858 Portable Bluetooth Wireless Microphone Speaker Karaok -076,1181308227,Điện tử
train_2094248288,4343d47245a3812f090440edea8164bf.jpg,bef2c11c6ec3889c,A-05 CINCIN PERHIASAN MOTIF DAUN KOREAN STYLE AKSESORIS,1897963080,Phụ kiện thời trang
train_3926075153,71bc123207fd2d3d55a16d702ed80bfc.jpg,ff69e0a48495945e,Tray oven mito mo 888 fantasy,2953947465,Phụ kiện thời trang
train_2817302761,bc81db17ee6c865d8c4868e855c7638b.jpg,bf30e336620f708b,botol spray 60 ML plastik sprai 60ml semprot,2523174663,Nhà cửa & Đời sống
train_2825880230,faf20c458609db49aad1755f9cf1d11f.jpg,bb888ff29cd2e00e,Rak Kamar Mandi 2 Tingkat Bahan Aluminium,2882082467,Nhà cửa & Đời sống
train_1885415097,a8a46a260b7026a504d6e03424fbb5d3.jpg,c6971b72352ee498,10 Masker Spirulina Jerawat | Kusam | Bruntusan | Flek Hitam | Komedo,2173564634,Sắc đẹp
train_1063306230,2338a6a0aec8854d4fdb28b806833207.jpg,f14e3938c63a9e61,"Pot Cream 12,5gr Putih Gading",2570143988,Nhà cửa & Đời sống
train_424882435,48b1230abb15f173786ea509144dae70.jpg,bfc4914afe2149d2,TEETHER (gigitan bayi) dgn KERINCING BARANG IMPORT BERLIN,2415538143,Mẹ & Bé
train_2222168931,9c96583ec6adececcc5f8467557095ba.jpg,bac9ca2eb192cd70,Cetakan Kue 8 Lubang/ Snack Maker/ Martabak Mini Dorayaki,105959685,Thực phẩm & Đồ uống
train_114587169,e69f730e30803a5a351bcf34c2ce1e12.jpg,c51f8fe8b047ca16,FERGIOSHOP (COD) FASHION ANAK : SEPATU RAJUT ANAK LAMPU! SEPATU LAMPU ANAK LOL SZ 21-30,4008024672,Phụ kiện thời trang
train_3741348921,cbb6efb227794139fac13487ec2ec2c0.jpg,bec9e13e1e31d8c0,"[BISA COD] SETELAN BAJU SENAM & YOGA WANITA MUSLIMAH, SETELAN BAJU OLAHRAGA WANITA MUSLIMAH",322955637,Thời trang
train_1995836519,24f3bc73b893b45767b4107ff9bfd935.jpg,fac7b439851c4aca,BALON METALIK TEBAL 12 in (1bks isi -+100pcs) 290gr,4254541203,Phụ kiện thời trang
train_3258399127,74d2ee13b94bd146eda643fe507b1f0d.jpg,8df8169d7987701c,COD Sikat Pembersih Wajah Brush Cleaner Cleansing Facial Brush With Silikon Bentuk Gurita,2572570680,Sắc đẹp
train_2317110550,59e87295bb66ebe8a6c73bccf43eb4cf.jpg,ae99cb0f90e2c336,Tas Wanita Import Chibao 0156-01 Bordir 2 in 1  Jinjing dan Selempang,2137811355,Phụ kiện thời trang
train_2072061027,7e63048e86bc35e6bf927f00e6746e4e.jpg,d2892d24f6516df2,(bisa grosir) Gluta Collagen SOAP Beautetox (free jaring),159351600,Thực phẩm & Đồ uống
train_2353818174,14424f824c425e9b51f9a3d9d78d4ed5.jpg,b0cdcf329c939299,Koepoe koepoe Bumbu Kare 1000 gr,1422811788,Thực phẩm & Đồ uống
train_2521189312,e1a4c839566c29a092402c9a1280eaa5.jpg,c87f82f2b218fc86,KUAS MASKER BENING KUAS MASKER TRANSPARAN KUAS MAKE UP,2813044206,Nhà cửa & Đời sống
train_1649306204,c0bc1e61c4d8900a203ae9955aabeaa1.jpg,971e523958f873c8,NEW S4 Headset Macaron Mate Color HIFI Over Ear Suara Musik dengan Kabel 1.2m Earphone Random Color,2935813666,Điện tử
train_1937088945,ec992e0d24bf3004047b8685136f8238.jpg,a7d02f9497638d25,[70gr] Masker Organik Coffee by Yoqueen Beauty,1778775267,Thực phẩm & Đồ uống
train_2005322759,7c632c412d0a1c288a54551a58ea8b57.jpg,aac0c52eea33c69d,SANDAL KULIT JOEMEN S 32 ORIGINAL PRIA JEPIT IMPORT,2182414287,Phụ kiện thời trang
train_2918364385,2d31b90266ce23b43a53045975149a9a.jpg,856a4b156d99723e,Lampu Led Kolong Truk Bis 1 Mata Modul Cob 12 atau 24 volt,123468413,Nhà cửa & Đời sống
train_2926618543,227204d9c4183654e8e38a15082a9bcd.jpg,cd4d494b76a48b33,BOOMING Sandal Wanita SP 176,2394683923,Phụ kiện thời trang
train_3081805557,18f71db395923650824e43bb4c707856.jpg,e3349ccbcb320d8d,Jam Tangan Jimshoney kode 8123,2043850607,Phụ kiện thời trang
train_3767704387,7c9f759b8a17bb819961b161c7342eb7.jpg,bc35d34bc4cce1c2,SPY02 Setelan Baju Bayi Piyama Bayi Panjang Giraffe Jerapah Salur Yeiko 6 - 12 Bulan,3422593286,Thời trang
train_106738152,caca587efb05efb21c2ff161605ca314.jpg,ed3c929a9236c764,JOGGER KARET KARGO // CELANA CARGO PANTS AMERICAN DRILL,1099505215,Thời trang
train_2732581260,fdff1308d854519ca0307b5a72c259a4.jpg,ba6ea7b0c42719c6,PAKET CREAM HN 15GR ORIGINAL / CREAM HN KECIL / KRIM HN,2221409971,Sắc đẹp
train_2257524615,eba2203d3fe1f9502532e43352f473fa.jpg,87b8cca3986d166b,Case Bahan Tpu Untuk Samsung M21 A21S M21 A51 A71 A70 A50 A50S A30 A30S A20 A10 A10S A20S A80S A30 M10 M2 Prime M30 M4 J10 M7,3094888190,Điện tử
train_1709847854,c7710163ba635e047cb0d51ec7a8dc79.jpg,ba976893660cd9d2,ALAT TES KEHAMILAN HAMIL ONEMED- TESTPECK TESTPAX TESTPEC TESTPACK,2999794436,Nhà cửa & Đời sống
train_4256358974,5b7e2c8bbdaaf7da94ece454c577f324.jpg,a58f1e8f4fa17182,Friso Gold 4 900 gram | Friso 4 Gold 900 g | Susu Pertumbuhan Anak 900 gr,3400674385,Thực phẩm & Đồ uống
train_1544054479,2c2f583711b0931390fab2197bb38f7a.jpg,f70bcc18900eeb76,(REPETAN) HIMARU SETELAN HIMARU 6 WARNA MURAH BEST SELLER/SET LENGAN PANJANG MUSLIM/SETELAN ROK,372421102,Thời trang
train_757098537,fc5f5671e82667767579bcc3b42b678b.jpg,e699cc6693a593a4,Bluetooth receiver NEW jack audio port 3.5mm universal AUX portable,1148817877,Điện tử
train_1762700565,8e39b3358b4df0397e051b4852fbfd64.jpg,9a36e5c4c199995b,SEPATU FUTSAL SPECS LIGHTSPEED(BISA COD),3794298816,Phụ kiện thời trang
train_340338458,78a4823db72d9756d6564976379152cc.jpg,f0cfc3248c73333c,Madu Hutan Platinum Ath Thoifah 1Kg,2604281676,Sức khỏe
train_4001344276,817d3cfd03e7312b0c9cdcc175eb7234.jpg,b73f62686c1c1c6c,ORIGINAL i11 WIRELESS BLUETOOTH 5.0 STEREO TWS EARPHONE HEADSET FINGER TOUCH AIRPODS 2 4.2 I7S i12,3527300842,Điện tử
train_676535442,54ccc71e903deb5f689ad1268b445351.jpg,aec6b498e1e5d252,Siomay Udang (Dimsum) Roku Bento BDG Homemade Ready to Cook,2110599794,Thời trang
train_1618416225,339153d1ca85aab61f96e21763e61696.jpg,b3cc1c32cf9833c6,Botol Pump 30 ml / Botol Sabun / Botol cairan,1610411577,Nhà cửa & Đời sống
train_3833028692,629b0548acade81996e9bb689e26c366.jpg,b53dcaca63f230e0,Charger ASUS VOOC FAST CHARGING 2Ampere 2port USB ori 99%,171721650,Điện tử
train_1205555975,54d0e0ca1ed553f96e381dbdf82328f4.jpg,f2e248d87948d379,Olay Natural White Light Whitening Cream 20gr (Tube),2891183579,Sắc đẹp
train_486863369,4ccb6d196499cc38ce5bb9a626fd4d1b.jpg,cb95da55a4a5b44a,PISAU CUKUR ALIS,2256121048,Nhà cửa & Đời sống
train_352209655,dc4597593484a119f2df87c5852bb675.jpg,e235dec629d91866,((PROMO TERBATAS)) HIJAB JILBAB KERUDUNG SHALWA INSTAN ||| HIJAB JILBAB KHIMAR INSTAN,3049361352,Phụ kiện thời trang
train_4150754238,151bd31f11a6def5eb2cf4b02bd339ae.jpg,e4a6869b99699b26,Puritan Pride Melatonin 10mg Super Strength - Obat Bantu Tidur,2521034983,Sức khỏe
train_2176798540,480ee10c810c3034482363921168ba31.jpg,83e4cd393465356e,"Spell Tas Tube Sepeda MTB Ukuran 6 ""dengan Lubang Headphone",1967122593,Phụ kiện thời trang
train_2760540023,c739a327dbeca472089a5195e898cce4.jpg,ba96cc48cc63c56b,Anti Crack Shock Case OPPO A33 Neo 7 A37 Neo 9 F3+,3717044186,Nhà cửa & Đời sống
train_3069074123,6afd8db4434847dc02f7d50cccf61187.jpg,c03ebfc1909e4e2e,Mainan Anak Hot dog Burger Sandwich Ice cream Kue No. LF 33 / LF33,248489072,Sắc đẹp
train_2278313361,f83b49a86a0ee8592e3bf0204da3fbdf.jpg,ac63931c3d4b42f6,PAPER BAG VICTORIA SECRET,249114794,Phụ kiện thời trang
train_1426391373,02975fba2e56bfd5cebab52a78680379.jpg,bb5cc4615656687a,Uno Card,3283659902,Mẹ & Bé
train_2569602523,e4dac4ef9f367e6e89e9c69cc28fc436.jpg,ea1685abda49d269,Kaos dalam Pria bahan cotton lembut,226254494,Thời trang
train_538243438,6ebcc9ec63512a1bb860b5db7c521809.jpg,b4e19c23c31ec39e,MamyPoko Pants Extra Dry - M 32 - Popok Celana,373674159,Mẹ & Bé
train_730861366,df5b8d2f661fc9e957cb32af1900c869.jpg,98113778e3e2878f,Paroparoshop Earphone Terbaru Import Murah SMOOTH EARPHONE,1941461708,Điện tử
train_780205625,64db24ad62efa8fc12f72af25fed0dc6.jpg,f48ecb3136ce2499,Emina Glossy Stain 01 Autumn Bell [PKB],1166650192,Thể thao & Dã ngoại
train_4089718734,0f3001a3f4a5e9d715af5986b4d2d501.jpg,9d78e04d83479fb0,PROMO( 1 KG 10 PCS ) Segi 3 segitiga soft pad bobal (BOLAK BALIK ) deqiara,2008989859,Điện tử
train_1164271328,0075a4ad758adeda9c264e64fd1d2878.jpg,b7fc0fd4d45c8806,Kaos kaki baby karakter 0-6bulan bahan super soft import,1264841825,Nhà cửa & Đời sống
train_921378200,08c92864f58c30d6e6dc6b4a7513b68d.jpg,e2809d7b9d7a9911,KAIN MAXMARA POLOS - HARGA PERSETENGAH METER,3287710592,Thời trang
train_3619974502,ab07695890ac2eaeb2349156e9cef195.jpg,a444d47fd7a0f059,[ KECIL ] Perasan Lemon / Peras an Jeruk / Alat Pemeras Stainless Steel,293434992,Nhà cửa & Đời sống
train_4160459422,82c16661a1ba4e15d9ee8def528d6705.jpg,aeb3b45ad9444e91,Maybelline Fit Me Matte + Poreless Foundation 30ml Botol | Tube 18 ml | MAYBELLINE FIT ME POWDER,1168919670,Nhà cửa & Đời sống
train_4243401510,083389c712e6190d97503a15b643baad.jpg,edb8906c996d9293,EM4 Perikanan dan Pertambakan 1 Liter Pupuk Organik Cair Untuk Tambak,1710584960,Sức khỏe
train_3049340810,99c36e2a62567f5a0f8c71355d41b2b4.jpg,e599c6ccce321c9a,Jam tangan sport pria anti air digital cowok,1254363503,Phụ kiện thời trang
train_4228174610,e67c3f10184888ea7a6572002bfe0704.jpg,ed93a64d92c69364,Masker sensi DUCKBILL Anti Virus Polusi Debu Motor N95 Premium Pack Isi 6 Lembar TERMURAH,3659553730,Nhà cửa & Đời sống
train_1619748133,a3749c7d1133d7c0b306ce122eb0a69e.jpg,e662c937b65899b0,TOTE BAG ALICE MINI,2031438630,Phụ kiện thời trang
train_2744664695,b21ba78a96083900cfd9a974145436c5.jpg,ed8e1b24a7d0a1b5,FACIAL WASH MS GLOW / SABUN WAJAH MS GLOW,2613177548,Sắc đẹp
train_2474245463,e7713c6b83f4e7f5aa4a1f17c751ad5c.jpg,d62e90d93735ad11,Sarung tangan silicone- Magic Glove brush,1101059032,Phụ kiện thời trang
train_1061124041,084aeda52953c5d44f2a6beb91b4c288.jpg,ab8294adcef958e0,[625D1] Masker Katup Anak / Masker Katup Filter / Masker Katup Motif / Masker Filter / Masker Anak,1574179017,Sắc đẹp
train_1617482268,99b36c5df357af46a0b03502a4d5c3e0.jpg,a6a7981b0dbd945a,Balon Bando Hewan / Animal headband balon karakter pesta anak,302961006,Nhà cửa & Đời sống
train_2737636972,7f32e0e23fb97d3534ff6e979b717025.jpg,e2e11a629972897f,Chaki Pant Celana Panjang Wanita Pinggang Karet Kuliah Kantor Casual Best Seller !!!,2500122216,Thời trang
train_1103584872,8dca9a8df72e59b9f7c4dad852831b26.jpg,9a1537eb8888c9e7,Pantene Hair Fall Control Shampoo pink 900 ml,826630839,Sắc đẹp
train_2182583120,b0ce6180a63d74032195e7de2e4b6614.jpg,e39c9c652e326b49,Bluetooth SAMSUNG S6 SPORT Wireless Headset Earphone Handsfree,3021321489,Điện tử
train_3110736394,b789d95415fb6f7829a9b593464bbb80.jpg,fc42122d85cff863,SOS Hand Sanitizer Antiseptic Botol Spray 100ml,461757839,Nhà cửa & Đời sống
train_518561022,f1a91f3f153326e012db4c09eaadfa43.jpg,e4cc9b3ac33169c3,Bike ToolKit Kunci Sepeda Set Kunci Sepeda Tool Kit United 15 In 1,465521228,Thể thao & Dã ngoại
train_1020784485,d53f5dad1ba27e7d8ad1f1f2093e3d29.jpg,e99cc66096169e6d,Khong Guan Classic Wafer Chocolate dan Assorted Biscuits / Kong Guan / Kongguan 350 gr,1980729470,Thực phẩm & Đồ uống
train_2381381744,a4666d56909e2cbcbc32fc7409c9b66e.jpg,ecc7967990389279,Anticrack Case Redmi 8A Case Redmi 8 Bening Transparan Silikon Case Jelly bening Harga Murah,2081352340,Nhà cửa & Đời sống
train_1915022545,50d0292f5217a699947966ba6ae1c3ca.jpg,ab85943e2b853dd4,Correction Tape / Pita Koreksi Joyko CT-522,1963142010,Nhà cửa & Đời sống
train_1077358902,5bfb6378186192b5b966229c4a13f8d7.jpg,bf6b35c06c386296,Headset/ Earphone/ Handsfree Samsung Original Hs 330 J1 Ace Made In Vietnam Non Pack,3586500603,Điện tử
train_480172004,d1fc82dc5a08bf7adfe29baf57fb0add.jpg,b89a319971cc6766,"spz \xef\xb8\x8fIphone 5 , 6 , 6+, 7, 7+, 8, 8+ , X Premium Anticrack Acrylic",2505813179,Điện tử
train_4204298729,336b119f58d18caf72368143752f185e.jpg,b36c2639674c9999,FREEMAN FEELING BEAUTIFUL GREEN TEA & ORANGE BLOSSOM PEEL-OFF MASK,3445494442,Sắc đẹp
train_1184865153,81aaf6424713ed68734ffba436f2c3db.jpg,b31ccc6313b9e5c4,AL GHONAM KEMASAN SACHET | Susu Kambing Etawa Alghonam Bubuk | Susu Kambing Etawa Rasa Vanilla Murni,1492395376,Thực phẩm & Đồ uống
train_1741645014,e19c1024f0dc5e815f9197b8c9ca4618.jpg,da3079d9aecea482,"Singlet Velvet Kaos Dalam [Satuan] Semua size (NB,XS,S,M,L,LB/LL,2,3)",148836111,Thời trang
train_3343516218,ede5a70ec97f1c16d58db819cdedb234.jpg,b698c790cf998c8b,Masker Kain premium 3 lapis,1707910864,Sắc đẹp
train_2155111228,e353fe163cbea03536f28ca194010663.jpg,fa5ac24a932d8ec3,Daging Ayam Giling (bagian Paha Kulit),368050926,Phụ kiện thời trang
train_4018956072,507b7cd567fce032c953b114753f976e.jpg,d6dfa9209e3e90e0,promo parfum wanita 100ml original\nSingapore,3762441003,Sắc đẹp
train_1499198399,b33a3d0fa13e06343fea9d835e79cf43.jpg,b1c69a638c38e73a,KABEL TOPLES ISI 50 PCS MICRO USB VEGER 2.4A FAST CHARGING V101 BONUS TOPLES,380780368,Điện tử
train_1057014380,721083a7e01974a1004452897b09480a.jpg,fa87c77c920a8fc0,Hot Sale 2020 Tas Wanita Tas Selempang Fashion Wanita Korean,1996577230,Phụ kiện thời trang
train_2153866432,e28b9a7fd30f9122650011a43fd72f4e.jpg,cb6deda584d4161a,"b""Wen'z Hp Rent // Hotpant Rent // celana pendek // hot pants""",2062085498,Thời trang
train_2107156183,8aedd92abf750874028bee2c3224ee9e.jpg,a68d89272772dad8,Madame Gie N-Shell Peel Off Skin Series (Satuan) - MakeUp,3279467236,Sắc đẹp
train_972685233,7ad753f49d0822e8ede61eb73de7498e.jpg,e6cd9932996698cc,Krakakoa Flavour Bar Dark 58% Sea Salt & Pepper 50gr\xc2\xa0,3933442165,Nhà cửa & Đời sống
train_1419360929,e6d692b7106bc7ef5cf401e6e7de76f7.jpg,fea5c0e03f97806a,Cokelat SNICKERS 35 Gram,991133797,Thực phẩm & Đồ uống
train_2528833135,8d51da81ec21d35f327fe2cd8cc1bb21.jpg,be89c17219896e75,Mainan Kartu Uno,2248671498,Mẹ & Bé
train_3322284705,bb3c05b81465dc0324bc251801a455f6.jpg,b5c3f327659b3024,(50 Lembar) Kertas Art Paper Carton Karton A4 210 Gsm Gram Putih 2 Sisi Glossy Tebal,324897189,Phụ kiện thời trang
train_1093433235,ab67eb0c603398506fb30db8c70ddd78.jpg,ba94c543956e3399,Kabel Charger Xiaomi GRATIS Produk Spesial,2952776319,Điện tử
train_841616504,8e2b1e276169b3d4875d569366d976df.jpg,990eb7d6c8e1c4e8,Jogger sport anak babytrry 1-6th,3867695087,Mẹ & Bé
train_2689949880,ad430fa15e0a215289d726551d725f96.jpg,d0980dc5e6527b2f,[COD] Beastie Hair Mask Pelurus Rambut 200ml BELI 1 DAPAT 2,3569208898,Sắc đẹp
train_661709293,93d181cf9dee1c68c9c5c0fbf118fd5b.jpg,ede4901b9329e566,Masker Kain Katun 3Ply / 3 Lapis Bisa di tambah tisu,1265320427,Sắc đẹp
train_7437096,c897e0d3dec423142d1bc5efb8310aae.jpg,bb6ee2312c5a6c98,Abacaga ; Cara Praktis Belajar Membaca Untuk Anak 4-6 Tahun,870770755,Nhà cửa & Đời sống
train_2416067554,a77d0331596e40e9d605e8cb736b3741.jpg,ea92c14a1d3c72f5,ELFYDO - Kaos Kaki Polos 6 Garis Kaos Kaki Unisex Fashion Wanita/Pria Kaos Kaki Import Murah Jakarta,721296483,Thời trang
train_3295952133,caed71f44220419a9227285be2d86b1a.jpg,abf5b5c0d402b22f,KABEL LAN 25 METER TERPASANG RJ45,220969354,Điện tử
train_303791282,f67814138d38fa1d420b6fc042b0218e.jpg,fae16ffc80078662,Original Sarung Motor FUSION R cover motor universal UNTUK SEMUA  [BEST SELLER],1929387651,Nhà cửa & Đời sống
train_1675525545,b858cfe23f8850de66b82fb5c5a1fa65.jpg,f3c025d3b2659e62,Photo Paper / Kertas Foto / Kertas Photo V-Tec Vtec Van Art A4 210gsm Glossy Murah,2960385352,Phụ kiện thời trang
train_3538783331,579284bd9aabdb64cb75638bb02eff1a.jpg,be90cac5886db47a,UNDR046 Sexy Women Silk Satin Nightdress (70gr),214100626,Thời trang
train_382090267,0187b0448263fe39a6d8126067c93b60.jpg,f58bc20c1f272d39,ELE 182 TAS SELEMPANG KEKINIAN TAS WANITA  IMPORT G1415 - BQ 2600,2992055559,Phụ kiện thời trang
train_1440813384,0ba249cf2b445473412a1b017793ccad.jpg,b713a8263373d8a6,Meteran/alat pengukur badan/Pengukur baju/tinggi badan anak,2162956095,Thời trang
train_120526777,ce9fc096518e92b676f6b3f9b6838108.jpg,e63092c7cd93364d,1Pc Termometer Digital dengan Layar LCD untuk Kulkas,4073053036,Gia dụng
train_4096989515,6cf825d4b92aab6363aa81d989bd7194.jpg,ea9395159612f663,Dress malone II / dress panjang,478812549,Thời trang
train_2024782240,32c1a487a03e35164bdfcf507cfdfdb1.jpg,b4a4c39bcb267474,Crystal of the Sea White Anchovy Powder / Bubuk Ikan Teri Whitebait (BPOM!),1171952010,Sức khỏe
train_1835164386,b346685af91f7c39eebe3a7c9fddca3b.jpg,b8bacd651296b1b1,Empeng buah / Dot buah untuk bayi,1570588813,Mẹ & Bé
train_1164878507,c88f7f6e42f08fd1b12fd85981b8fdb2.jpg,c0b76adc2f522d52,Laris49  Setrika Wajah Ion Face Massanger Alat Pengencang Kulit Wajah - SRI,3047199361,Nhà cửa & Đời sống
train_579957784,ffa38aceebb92753b1b36a935ac18729.jpg,97f459d9180d66ac,Salep KL / HL / Pi Kang Wang BAYER ORIGINAL - Salep Obat Eksim Jamur Koreng Dan Gatal Gatal,3441184770,Sức khỏe
train_1414384589,9fdd7b7b75346f662614308986e64688.jpg,9ca9e347c537805b,GAMIS LOVE COFFE KW/GAMIS FASHION WANITA FIT XL,4082917015,Thời trang
train_3295854401,8b888c93a58b7b09c1c964cbbe8302de.jpg,8f9899a7f0e4e2c1,COD TJM Sendok Garpu Sumpit Set 3in1/ Alat Makan Set Stainless / Souvenir / Sendok Garpu Sumpit 3in1,1866140739,Nhà cửa & Đời sống
train_2130895590,b0f9ffebca67ad77dbcf37e534ac66c9.jpg,ebd2858e5e693384,[BISA COD&CARGO] KESET BUSA LANTAI ANTI SLIP MOTIF BAGUS,1800371108,Phụ kiện thời trang
train_3546726579,bb3d6ba8e5cdaa62611bc39bb6769433.jpg,a30d8d33278d1737,Wardah Acnederm Pure Foaming Cleanser 60 ml,3591904111,Sắc đẹp
train_2349231595,fcfce263bfcebb6aeecc27423e1ec184.jpg,ce2fa4d3959a51b0,sepatu formal walker italian sepatu kerja kantor pesta pernikahan sintetis,2823893370,Phụ kiện thời trang
train_198483896,854e90731087846bdc888068f5025802.jpg,eed113d5692493c3,Torabika Jahe Susu Instant 10 Sachet berat 25 Gr,730945244,Thực phẩm & Đồ uống
train_2129655293,ebb89eb02a035024cb83f39bb4781f3a.jpg,eb36d0e496196873,3.5mm Microphone with Clip for Smartphone HP Laptop Tablet PC mic plug Jepit mikrophon komputer,582022491,Điện tử
train_548982238,50d9b4c0e1950edae5739b44c2c36165.jpg,b333cccccc33cc32,SOMEBYMI SNAIL TRUECICA MIRACLE REPAIR TONER,3309830291,Sắc đẹp
train_3677053747,3dc178bc5a3ac5fb03da9371da98dd46.jpg,e5699b9c8e639292,MOLTO SOFTENER BLOSSSOM PINK 820 ML ( KHUSUS SUMATERA UTARA ),1203796264,Thời trang
train_235126713,14f33835cbaf428464304276c27ca3ca.jpg,fc15856a94699ea9,FDR 80/90-14 Flemmo Tubetype Ban Depan Motor Matic Honda Yamaha,4148231465,Nhà cửa & Đời sống
train_1485497212,5c71e5f132876b88283f7a5d8ab41f4f.jpg,9f96c069b46a9d25,"SABUN PEMUTIH TZUKI ORIGINAL PENGHILANG JERAWAT, ANTI AGING DAN FLEK HITAM",3489985175,Sắc đẹp
train_3807785384,68aecb0705922d399ba2bf25d086ab7f.jpg,cb1395a44f1bb2ca,LT1688 (4PCS=1KG) - WAISTBAG IMPOR MURAH / TAS WANITA / SLINGBAG CANTIK MURAH EL 176,3186281748,Phụ kiện thời trang
train_2649777791,45eaf5e236879d3ca90922abcf6db06f.jpg,c69b69c432b27ab4,VITAMER PORTABLE BLENDER 350ml [FREE BRUSH],3566010337,Điện tử
train_3734873186,6a4f622f619a1fecd153bf281d993acd.jpg,ee77c61c16595c84,"Halwey Organic Soap Kefir Milk Rose, Spirulina, Charcoal, Bengkuang, Lemon",2379976875,Thực phẩm & Đồ uống
train_1715124796,5b468176abd0495893125e6f70f433da.jpg,b9bebcc0999b86c0,KUALITAS PREMIUM Inner ciput rajut BANDANA antem anti pusing dan sakit telinga ( dalaman jilbab ),2008989859,Điện tử
train_78773810,136c4ad5e5bc99c93f7612dc1e4fa147.jpg,f258a319d8a374b6,Kerudung Anak Topi hitz usia 3-7 Th,2566339988,Mẹ & Bé
train_745484010,fea200ec35e5657b2cf4548a0277fd69.jpg,ea34c14b36cc5cba,3137 Cosmetic Bag,3433277712,Phụ kiện thời trang
train_1855754906,e8407038e524dbb182c739500a3a7678.jpg,f6c5d2f150760b07,RAUTAN PENSIL KARAKTER / RAUTAN PENSIL IMPORT,2410929027,Nhà cửa & Đời sống
train_1848391987,77c7b57b2ee89e7a1097f0c9650ea5ef.jpg,b098cf63cfcc26c2,Mazzoni Bumbu Tabur Sapi Panggang 1 kg,1386064916,Thực phẩm & Đồ uống
train_2222652950,23c39901fb0b5f9339a60db73b023d46.jpg,e997da380639d6a1,Mangkok Masker set 4 in 1 + Kuas / Mangkuk Masker Set,3679027493,Sắc đẹp
train_2552213829,3eba48b434f6ef0d9301020bef8b3719.jpg,ec8999d62ee13a92,Goon Smile Baby & Night (Turun Harga) S40 M34 L30 XL26 XXL24 / Goon Pants Smile Baby,508289401,Mẹ & Bé
train_275843110,c31402d7bae73ce9bd162cbf3512ba10.jpg,e993c6a69cc19336,Gula Aren Semut Organik 1 Kg Paket kemasan 4 x 250 gram Palm Sugar Asli Tanpa Campuran,1193794313,Mẹ & Bé
train_2725648837,f3139f3dab3381fc141d5b37660f4c8f.jpg,c35a24c7d2b7893a,LT7215 READYKODE LT TASRANSELIMPORTBATAMDIJAMINBAGUS CR7012 B07448 OB1669 1572 LT1572 BQ2594 DJ3280,4289436741,Phụ kiện thời trang
train_2192887843,7e12977d7e0eb751f275dc14b30eb2d0.jpg,a9311e7b0101afdf,Jepit Rambut Hairclip Mutiara Set Jepitan Wanita Gaya Korea Style Pearl,944479978,Sắc đẹp
train_2413043438,e3c5ddd7c613f2f36d24993ef3c51e03.jpg,ee64c58bb0c78c78,Chil School Vanila 1600g - RAJASUSU,2338504085,Thực phẩm & Đồ uống
train_4193642390,71d83d82a1039774263d80235ffc19fc.jpg,b1ca666e569254b5,Air Humidifier aroma oil diffuser Atomizer Ultrasonic USB portable 1000ml,821904178,Điện tử
train_1856022279,10d4f86e838e51a07281c6160ba822a1.jpg,d86ec6c39319cc3c,100% ORIGINAL Mane N Tail Herbal Growth Shampoo 355 ml/ Shampo Kuda / Rambut / Mengurangi Rontok,223731271,Sức khỏe
train_3046790791,140552a87e8fcef1eda55987bcf07006.jpg,b199968b38928e6f,Masker Scuba Logo sekolah,3114991641,Sắc đẹp
train_3474709256,1a50995af9de550aa63697958f5a0fdd.jpg,846afa90b3cf96a8,Maskyourneeds All Varian (25gr - 65gr),656698835,Sắc đẹp
train_462110688,5c0ccc0d4f72a0906dc3e35924ce6ee5.jpg,f150c2e125bd35b5,Gelatin . Masker komedo 10 gram. Masker tulang sapi,456689157,Sắc đẹp
train_1284910740,b13bb2e6f1d90fcd24cb4b078e16af70.jpg,fa51d516d2b424ab,Popsocket Quicksand Cute Kitty Bear Cony Phone Holder Expanding Stand Finger Holder iPhone OPPO VIVO XIAOMI REDMI SAMSUNG,490317113,Điện tử
train_1752757936,8d2d4f318e7730e92a1348204d453753.jpg,aa9de042973f0c79,SOFTCASE VIVO OPPO XIAOMI SAMSUNG REALME IPHONE ALL TYPE DST1603,4023541274,Điện tử
train_3853317135,6754999969515690893f3bbff2e612c2.jpg,da95b1ed0fe88168,TERMURAH PECI POLOS / PECI UNIK / PECI UAS / KUPIAH POLOS / MIKI HAT,3585699133,Thời trang
train_4030835519,9f313846cab50317ef3ebfb8ac753c88.jpg,bc72c3ccd20dd89c,Celana Jeans Anak  Usia 7-10 Tahun Junior Wisker Destroy,4016681241,Mẹ & Bé
train_2127574222,11f02aba11fbb6a3fd484e9395343a2f.jpg,b83cc3c33ecc691a,Kolago Obat Nyeri Sendi Dan Nutrisi Tulang 100% Original,4101480140,Sức khỏe
train_250967470,a5ae65c571f667ebe6612328c9f5565d.jpg,f35a84a5272dcc5a,TKIS Panci Listrik Serbaguna Multifungsi Elektrik Cooker 0.8 Liter Stainless steel teflon CUC-801,4136088634,Phụ kiện thời trang
train_629893333,968fa8dd06a38b91d906602a93a18391.jpg,feea81156eaa7980,Handuk Tangan Gantung Bahan Plush Lembut,92124181,Phụ kiện thời trang
train_2302438414,3539c607a1c31c6f6b81c8e278a5cb7c.jpg,bc94c06d3f3434da,Porto Sepatu Sports Sneaker Anak Unisex AA013B Size 31-35,1125294539,Phụ kiện thời trang
train_1864800742,8590ce7b534af2e28a50f5e8d3f34578.jpg,e79ecc199266981b,Baseus TYPE C 23cm Support Fast Charging / Kabel Data Type c 23cm Powerbank Support / Type c Nimble,2183454261,Điện tử
train_2395522169,d362f35ca86a5f3af39a18a98cf0dbf1.jpg,fd89f087820f97c2,(COD) KHIMAR FATIMAH WAHYU BY SHAFIRA // EL RAIS HIJAB,2506834225,Thời trang
train_1160179946,a651116db76fb88f1384428007b0033c.jpg,fa4a828a17b776a4,NIKEN Bra Fashion Wanita Bra Wanita Murah BH Tanpa Busa Tipis Tanpa Kawat Jumbo Bra,1815525994,Thời trang
train_1266998466,ce76603d4d9013a02fbda09ce18e70d4.jpg,9b33d3219ec8c2cd,Sepatu Badminton Flypower Losari 3 03 Mendut Original,3283497182,Phụ kiện thời trang
train_258034937,abd6a95e984e273e1a4d3f0caaf64b84.jpg,a0ffd700df14e04d,SARUNG TANGAN KOREA SILIKON MULTIFUNGSI,2056232003,Phụ kiện thời trang
train_166815451,4c3c1026b2049c79f79fd4ffbcfb0ea5.jpg,ae979b4891e2c2e5,RUDI HADISUWARNO HAIR GROWTH SERUM  6x9 ml,1231764906,Sắc đẹp
train_1198143589,fcd68627494211f737ab9f2c88188f76.jpg,b66a7c89d1e38583,(RESS RESMI) MASKER ORGANIK MASKYOURNEEDS 65GR CUP,656698835,Sắc đẹp
train_3224735680,9e632f042db4238432bad9d88d6d5d8c.jpg,efe5901bc13cb438,Susu Enfagrow A+3 3000 - Rasa VANILA,919356882,Thực phẩm & Đồ uống
train_3772707616,5b10ad73f3a4a4f02f7230bbb18cf7f5.jpg,ea1191199d6eece1,Little Musician - Mainan Piano Edukasi Anak - Alat Musik - Instrument,2065800266,Nhà cửa & Đời sống
train_1173067537,bb77ba1574006c8d266c8b84a996cdef.jpg,e99296cf96693261,Anmum Lacta Coklat 400 gr - Susu Nutrisi Ibu Menyusui,2436792159,Thực phẩm & Đồ uống
train_411559320,65c850895f50ba321a21c2f4ed68576f.jpg,f38c4c334c33fc4c,Natasha by dr Fredi Setyawan Facial Wash Oily,447572379,Phụ kiện thời trang
train_1469214423,24cf2b8db95b9fbd388f4f635ea85767.jpg,bbb7c16e8811ad38,Vitamin C 1000 Mg Sidomuncul  (Memelihara Daya Tahan Tubuh),3120683857,Sức khỏe
train_1885390573,1d8ee550e0d1a82bf90c76f01b793852.jpg,e29dca8c9d78a562,KAFTAN SUZAN RENDA KAFTAN DRESS WOLFIS PREMIUM,3733265695,Thời trang
train_2518217560,4465dc7dfa97325d44ad6dc62dea9def.jpg,bafeaaa0940fe194,296Pcs Puzzle Jigsaw Model Mushroom Nails 3D,2091049617,Mẹ & Bé
train_3083634204,a72408d34ac30da7ff724af717928df2.jpg,ca6af4999195cfc0,"PAKET LENGKAP COLLAGEN (cream, sabun, toner kecil , serum)",615781194,Sắc đẹp
train_853953669,7d0fbbb0dd8663039cb7066114716fa1.jpg,c9b4b449ba1bb329,Taplak penutup cover alas kulkas waterproof,3158547527,Gia dụng
train_1086014309,bb88fcb57bd5df289ac3d912a660b590.jpg,bd3993444f0d9237,READY STOCK!! FACE SHIELD KACAMATA / FACE SHIELD BENING GRATIS KARDUS,1322749330,Phụ kiện thời trang
train_2543365567,a4d3a2a4bd13b43985258410ae41a897.jpg,a1671e9e33792d44,(skic) Sepatu Sneakers Bayi Laki-Laki / Perempuan Bahan Rajut Breathable Sol Lembut Warna Polos,1770151159,Phụ kiện thời trang
train_4005876457,48658b0bedf13483caddb06c9faa8456.jpg,8c459bd8d470b9ab,DO WHAT YOU LOVE DRESS,3889596829,Thời trang
train_2057567284,c17f6cc7a3bf89baeb1b675eea90ec91.jpg,f72f639899909543,Tote Bag Wanita KAMBOJA RUMBE/Tas Tote Wanita/tas kuliah/ tas murah,3402128200,Phụ kiện thời trang
train_1667304879,c97c6a94234f89a5c4f5a31154bdbee4.jpg,ebc9c42a93a7b494,"b""Mitu Baby Wipes Ganti Popok White Vanilla 50'S Beli 1 Gratis 1""",3458145328,Mẹ & Bé
train_1509198343,893bc2e791b83d6dc4e31a02b5caa3d6.jpg,bb3a7081371e87f0,BAJU GAMIS DEWASA HANBOOK KOREA BATIK BAGUS MURAH OHBABY KEKINIAN SYARI BOLLERO CASUAL Wanita T H2J1,1132134655,Thời trang
train_1220997311,0e5efc4f9b1e0b86318391c629f5afb3.jpg,e996d269b670c926,Cnk croc effect chain strap crossbody bag,1506906396,Phụ kiện thời trang
train_1716984474,72b171d1273978cb88f1237f06a14753.jpg,bec86433999b964c,MIKA KNIT / Atasan Wanita Baju Rajut,2803559682,Phụ kiện thời trang
train_3340107931,bafce3041f3fbbf1a4400e8142216a1e.jpg,be6da1b10935b923,[ACQ] Celemek Masak Anti Air / Apron Waterproof Karakter Hewan Lucu,296475017,Nhà cửa & Đời sống
train_123854629,ca57480dacaa900ca73d7ba6364e7c27.jpg,d31525028a6b9f6f,READY STOCK  W DRESSROOM Wdressroom New York 97 April Cotton Jungkook 45 Morning Rain V Taehyung BTS,3284713135,Thời trang
train_452568557,3e489fded991b5e71465e437fc6d661f.jpg,b18ece65c39324cd,Kiriko Lem Lalat Kertas - LLOO1,3435627865,Phụ kiện thời trang
train_1216458932,193e554a5253334f7cab2dcb85819d75.jpg,ba6ec1949b3a6a4a,BOX CONTAINER SHINPO CB 130 MEGA / KOTAK TEMPAT PENYIMPANAN SERBAGUNA,1743339350,Phụ kiện thời trang
train_2093263665,305cd33befcd11ce322151a31a78ed86.jpg,bfe9cceea4028156,I7s TWS Apple Airpods Android Nirkabel Bluetooth Headset Earphone Hitam Ready Stock,15519389,Điện tử
train_3653012320,5860d173849ca88bb404bfeb1f3683ec.jpg,b6c1c9369b2cc61b,Sabun TZUKI TSUKI SUKI Collagen Original 100% BPOM,3489985175,Sắc đẹp
train_4072058526,3e8cc0f5e561ba15c3326882f7aa6ac9.jpg,bc5a7061932cd69e,HABBATUSSAUDA KURMA AJWA 120,1082203745,Thực phẩm & Đồ uống
train_1306907636,850637c49277166cac18c12b2c5f070c.jpg,afc140973f4af065,Bagus Double Lock Zipper Bag 17 x 15 cm,3513028382,Phụ kiện thời trang
train_3407993045,1c0624caf56cdb9c949d74de8c3e2df0.jpg,d4a5daf4ec40a556,Singlet Agree Balita Kaos Dalam Anak TK SD,3360770165,Thời trang
train_3164737094,86ba9730490246e8cedb3afd7a624d73.jpg,abf6849096696997,FA40 FOCALLURE 18 Colors Shimmer Matte Glitter Makeup Eyeshadow Palette With Mirror,3000452258,Sắc đẹp
train_3933093948,030199f4feabd7cbc151b7d702d695a4.jpg,cef341f68800b75d,Gamis brukat jumbo ld #120 XXL SELMA DRESS maxy liyana #2 dress brukat muslim,1662373776,Thời trang
train_1466878717,e88ba1d8c59b73135c279011252bcc39.jpg,bc1f963cc1c163f0,(BISA COD  ) PROMO Sandal Bayi Sandal Prewalkers Bayi Imut Kuda  Aksesoris M7N4,1309683060,Phụ kiện thời trang
train_3547469500,6add0b81e48ae719939dfe1b455d8eac.jpg,ade3c26c966338cc,Coil Battlestar Baby  0.6 ohm  by smoant,2833291690,Mẹ & Bé
train_1420682097,61f735e5a43fbc19d3e48bbee9be7f45.jpg,c0f7df9c4b687600,Ragan rak gantung pelengkap hijang dan segi,1779307795,Nhà cửa & Đời sống
train_694450453,6e167141a717b6a022635d2c1881a8f2.jpg,ab81d47e89a334dc,Tipex Roll Joyko Correction Tape CT-522,1963142010,Nhà cửa & Đời sống
train_439046122,399e3f49114171437d7a279637382e1d.jpg,93a8863fcc6b3516,Botol Juicer Blender Portable & rechargeable BOTOL JUZZ PRAKTIS  New Shake & Take JUICER BLENDER,245534653,Điện tử
train_1921852968,6408088241779aaec6ea6d1b2ceba577.jpg,fa61953ac09d94cd,SEPATU ADIDAS AX2  SEPATU PRIA KERJA KASUAL TERBARU,2125059129,Phụ kiện thời trang
train_552107239,ec575493b1f53fc607fdc9aa556e493d.jpg,def6e14b4a398885,\xe2\x9a\xa1\xe2\x9d\x84\xe2\x9a\xa1RESTOCK LAGI\xe2\x9a\xa1\xe2\x9d\x84\xe2\x9a\xa1TAS SELEMPANG CANTIK MURAH BEST 2600 93074 1653 1575 182 3074 TAS KULIAH TAS PESTA,2992055559,Phụ kiện thời trang
train_955575230,8f53da58fa25852b077ca83b8f041255.jpg,b6e60ee219c0d9d3,Miranda Hair Color Premium - MC6 Bleaching 60ml,2600740535,Sắc đẹp
train_1998255213,c77757cd6c2d28d6789dee257277cae8.jpg,ed92904f78ce3196,Pembersih Kotoran Telinga dengan Lampu Senter LED,3749920673,Nhà cửa & Đời sống
train_4033383583,b3c83194dd8123766f35eb5cdbcf9309.jpg,e992966d4ba49761,1A1 MERRY GO ROUND / MAINAN BABY / MUSICAL TOYS / KRINCINGAN BABY,1983510531,Mẹ & Bé
train_97924430,45a5653d33d35c773a8a9a64102e5e3e.jpg,d2ad58c75a518c73,[PROMO] Ponds White Beauty Serum Burst 20g,1482076270,Sắc đẹp
train_4113467072,8491ab8bfed7985675f5adc6b7901cd1.jpg,b3638e99cc2c9999,Somebymi galactomyces pure vitamin c glow toner 200ml,4174239330,Sắc đẹp
train_2043556667,559457d6471fa9a2ef31afc4db47bb06.jpg,e438d9c69e98c761,Nutrinidrink 400 gr Powder Vanila WAJIB KLIK BUBBLE UNTUK SELAIN GRAB/GOJEK/INSTANT,899136538,Thực phẩm & Đồ uống
train_3787136840,475504dc6c5491a6d35b345cd71bf881.jpg,de4dc166d29bd0e0,Dompet kosmetik/tas kosmetik,553594330,Phụ kiện thời trang
train_3681206124,10f54d3b871e2ee4daabd709d68ec039.jpg,fab4c8c0a54337b5,ANYA RUFFLE / CARDIGAN MOSCREPE / ATASAN WANITA / TERMURAHSOLO0,1890446865,Phụ kiện thời trang
train_3707754761,daa9ee66c26b7ac99a2b516685976a79.jpg,a60f8e0fb6b591b0,Simple Facial Toner Soothing Toner 200 ml EXP MEI 2022 Kemasan Baru,688678452,Sắc đẹp
train_1119421416,edffc558d8c947040e8c0f060fbf4af5.jpg,ebc39056876a662d,Masker/Slayer/Bandana Motif Batik,1714607112,Sắc đẹp
train_753745143,b15597a6c2f9ace93c4af87f799f8b71.jpg,b096cb698d789d68,Tas Waistbag Pria/ Selempang Pria / Slingbag Pria / Tas Multifungsi Ransel Selempang,3290802358,Phụ kiện thời trang
train_1020436407,33849c31271a5a6410279331cb931549.jpg,facdd85239328d62,[BISA COD] DRESS MUSLIM MURAH / HAYLA DRESS / GAUN PESTA MUSLIM MURAH,3861748824,Thời trang
train_2661137591,602dc1ad52acd9565a4841707d283801.jpg,ec3993c687669239,KLAIRS SUPPLE PREPARATION FACIAL SCENTED TONER MINI SAMPEL SIZE 30ml,2463157749,Sắc đẹp
train_1160450240,49e53a05a555caf4db6e446501a92323.jpg,b3cccc3367c98c32,Botol Saos / Kecap / Lion Star Sauce Keeper SK 406 (325 ml) TS 46,69606827,Thực phẩm & Đồ uống
train_1402371271,d5fda4ff28dbbfb7607a0e2410658b09.jpg,ff2ca2d295057670,Jepitan silikon makanan / Capitan udang daun warna,4215690781,Thực phẩm & Đồ uống
train_3329918590,b2d2c534f13809da6b7f9e74a6501bd4.jpg,a2da19a51ca37aab,Makanan Kucing / Cat Food Nice Tuna - Seafood 20 Kg,2690005728,Thực phẩm & Đồ uống
train_1801910002,303e4d6322fe3043224804d06f602b10.jpg,99e0e1e2e272c69b,Mouse Gaming Fantech RHASTA G10,4083127447,Điện tử
train_2522722799,7c7a77e6f35ace948f312204a9f896fc.jpg,ec91d26791dc6c26,ROBOT Tritan CDRW 4 Cars Combine / Robot Quatran CDRW 4 Cars / Robot Tritan XYZ / Mainan Robot,3457914769,Mẹ & Bé
train_1130611309,933f2996f2fedd72d5c262732852029b.jpg,925a728ec13c8ff1,Gantungan Tempel Gantungan Hook Tempelan Hook Gantungan Transparan Strong hanger,2609303586,Thời trang
train_3955019887,29de4ef2dcbb0ccb19b5188e02342f97.jpg,bf37c1e8188c2e17,SEPATU SLIP ON KELSEY KY11,3267355043,Phụ kiện thời trang
train_3663294865,ceaae7cad8acacb6f4360e01619b5ffb.jpg,d6d98628a6a799a5,(1kg muat 5pcs) MADINA CADAR HIJAB JADI SATU PET ANTEM HIJAB JILBAB KHIMAR KERUDUNG BERGO INSTANT,4184214313,Thời trang
train_612834751,cbfb621d394f6f468fbdd328d013d0ff.jpg,ef1a9061ce9e31b2,Kabel Adapter Micro USB OTG Male to 2.0 Female untuk Tablet Android,2502846087,Điện tử
train_1023154802,83931d7b91d75141ea176fbd7331454d.jpg,c9a196f6f9c4250d,VITAMER BLENDER PORTABLE 350ML ORIGINAL Blender Juice mini USB Charging Original,3566010337,Điện tử
train_200903631,95663861120bcac63a490f251f908d55.jpg,b8c2c39e23ccb175,TAS097 TAS IMPORT FASHION SELEMPANG Tas Selempang Wanita Import 300gr,620897688,Phụ kiện thời trang
train_2507414927,47098800f51fb652d88ce771683af856.jpg,e4349bd966ce6630,Pixy Uvw Concealing Base 01 Natural Beige (4 Beauty Benefits Series),4145938299,Sắc đẹp
train_2621744162,d06af617c81bc5fce03c75bded78cdac.jpg,8203567d3d2f2ada,"[KKS] Tape Anti Bocor, Anti Air / Selotip Pelekat Atap Ruangan",36420824,Nhà cửa & Đời sống
train_3282795087,f67ade1ed1792e67c952c8ff71ac3794.jpg,a07bc824f12db72b,Bola Mandi Anak Anak2 Bahan Plastik Tebal Harga Promo SNI,3295362768,Mẹ & Bé
train_4065873106,8234d56c40ec89e2c4ff40bb31025141.jpg,ed716d2cc6c2929a,"Serum Luminous, serum Lifting, serum peeling by ms glow",4105521014,Sắc đẹp
train_863651854,e09612ee3c9cfdb0b7127fefdcaa9fe2.jpg,b943c61cc3f139c3,PIXY STAY LAST SERUM FOUNDATION 12 HOUR SPF 50,2773427352,Sắc đẹp
train_1164747439,4511447af55afdf902185081a3f55671.jpg,fcb0305999c70b73,Mini Hand Sealer / Alat Perekat Plastik,4223656537,Thực phẩm & Đồ uống
train_3712216675,cf3f0b15252080ac41ea10cf0f1e81a3.jpg,b83c8fce5438aac3,HCR074 - Aksesoris Tali Gantungan HP Strap Gantungan HP,3731124907,Điện tử
train_821209436,1574e47b1bd691032a35c87f3f3d1032.jpg,bec382b6cc19f04d,GPJ - Jam Tangan Wanita Murah D1or DR001,469790690,Phụ kiện thời trang
train_4208062667,58c872e260d9f95e1db067f0b6f78e35.jpg,b634cbcbdc5c22a1,Stella Matic Box Set 225ml| Alat Pengharum Ruangan Semprot Otomatis,4236654942,Nhà cửa & Đời sống
train_1600146203,d8b4b846e9010c3752a73c992af3ce82.jpg,8ad5f50ee00ecfe0,MUKENA LOL SURPRISE TAS SAJADAH,535925077,Phụ kiện thời trang
train_2166275064,203bf4c8a6616096cb0c46d31d5aaa29.jpg,d778687878f06985,LITTLE BABY MANICURE NAIL SET SISIR GUNTING KUKU BAYI 6IN1,330443750,Mẹ & Bé
train_2851522730,6e1346b2be9160b4ccb846e02abffb6b.jpg,bf2ec5b5d0d38025,Sarung Tangan Karet / Latex Freder (size M) Sarung Tangan Cuci Piring,2065465349,Phụ kiện thời trang
train_1782342453,4f1b0c7420a5cdbc8ae9b98dc66cb90e.jpg,ef9690609f4e2a95,Masker Sensi HEADLOOP hijab 3ply ISI 50pcs,4203412919,Sắc đẹp
train_3822613102,61a051acfeada8a15d56fff7dcfd40d7.jpg,ab02d4ffd4e994c0,Dompet Kulit Pria - BOGESI836 - Black OMHAPGBK,1240129212,Phụ kiện thời trang
train_2765348674,d0179eaca252a9fadb3620e9370a4560.jpg,81e5dc0ede72e119,LEM STIK JOYKO GS 100/ LEM KERTAS JOYKO 8 gr,3989492872,Phụ kiện thời trang
train_2133418956,9a10c3bc16f5e0453f4c382f094ff046.jpg,864f694436b21e7b,SENDAL SEPATU WAKITA HEEL SLOP  KOTAK RJ10,3434991285,Phụ kiện thời trang
train_4091449169,a904d1a64561bdbfd8c0dc95371b716b.jpg,ecb35b92730d9660,(free diapers) 5 box lactamond booster asi lactamond,90361770,Mẹ & Bé
train_2384917973,e3b82ad2bbfe7addcadd387bbf188012.jpg,b161c88fa7c78696,READY STOCK JERSEY TIMNAS INDONESIA MILLS PLAYER ISSUE OFFICIAL HOME 2020 MILLS 100% ORIGINAL,3800837396,Thể thao & Dã ngoại
train_718119106,4387522747962ac37ae08c5c1c5d76fc.jpg,e64b6bc969983496,Somebymi AHA-BHA-PHA 30 Days Miracle Serum 50ml,2389140369,Sắc đẹp
train_3434975859,7b553d3f91688bd61aea8ea4dc1421c8.jpg,9f58608785639e1f,[\xe2\x9c\x85COD]\xe2\x98\x9bKING\xe2\x98\x9aJam Tangan Led Sport Watch Wanita Pria Karet Anak Sekolah Murah Import Batam Fashion,2050388662,Phụ kiện thời trang
train_1448499764,e1c47ec95e746446b12fab8ca981322a.jpg,e39269cc86c99c6d,Celana Chino Standar Premium Trondheim,495343890,Thời trang
train_1331718532,7cd040555f309f6c52f7f2f1ed28b746.jpg,adc893251cdac769,LEVEL POUCH 3 IN 1 FOR NEW NORMAL BISA SELEMPANG KHUSUS TISSUE BASAH HAND SANITAIZER WANITA TAS,249129492,Phụ kiện thời trang
train_1737672135,2d91f06a3d5c9e9b0c957872818926b5.jpg,b66681cf2930b6b9,MASKER BERAS HITAM DAN JEPANG BYVAZO,357787359,Sắc đẹp
train_4069813086,ec9a1cf487cb5293a27e587fe6bce2cc.jpg,b8874f9801e6ef38,Gamis couple murah gamis couple jumbo gamis couple muslim,2809064457,Thời trang
train_2224034777,74b4ad9da87e68b845207443b186b5e4.jpg,d4242d9df98b3750,Sepatu boot wedges tali AS 101,2659332639,Phụ kiện thời trang
train_1638640094,7fc019f4840ea846c50bc87387d66a9d.jpg,aee2d01d2fe2380f,Innisfree My Real Squeeze Mask Sheet,927285629,Sắc đẹp
train_3832481577,7c34ce83449f106d96ff356cdf60ab1d.jpg,aea54a8577714a55,Kemeja Batik Pria,2656848782,Thời trang
train_1791604441,85359ef56370cd6a3731979f62c63fe5.jpg,ee3c3fb0b131d058,ORIGINAL !!! Bebwhite c glow series / cream Bbc  / Bebwhite c skincare original / bbc skincare,2956941947,Sắc đẹp
train_1658626401,9af93b9e20e9dd55fda586a4e2af12e7.jpg,ff618098803f7fc1,"Habbatussauda ""KURMA AJWA"" 120 Kapsul",1082203745,Thực phẩm & Đồ uống
train_2836093391,ede68691c6fdd156a365244911857922.jpg,efc5b19a9238ca61,DV21 Pulpen Kipas Lucu / Pena Kipas Animal dan Buah imut,3628121668,Gia dụng
train_2902716958,ddfa508f83fb7d64f740293589e18997.jpg,aecbb3e4c91341cc,MASKER OHMYSKIN ! ALL VARIANT LENGKAP FREE KUAS 1 PCS (READY),1239022651,Sắc đẹp
train_977070632,c505bd219a93ef4ad1930c4f33939d2b.jpg,c1d7bda0cb49e03a,Madu Az-zikra Original Kemasan Baru,2075200438,Sức khỏe
train_3051809208,133bc0babbcefd126c3ff97e3df104a6.jpg,e653992ca0639dda,WE05 Rak sepatu payung holder (Mudah dibongkar pasang) M598,772732976,Phụ kiện thời trang
train_2465777270,28b54e6b94a756289014301ebf19c169.jpg,a93c16962a6b6d95,IKEA Produkt Milk Frother Pengaduk Pembuih Susu Kopi - Pengocok Telur,260936336,Thực phẩm & Đồ uống
train_2949973138,dca3ee9698c305ace4856e7eb936fe62.jpg,a6b559e03d86b0a7,Pampers Goon smile pants ukuran M isi 34 dan ukuran L 30,2333719859,Mẹ & Bé
train_3107279377,8255718baadd70981be5f49de9ff270b.jpg,e691986c9586cdec,Sepatu Wedges Selop Jelly F916/304,1376270839,Phụ kiện thời trang
train_1408061216,c5a5ae1db45321f07bd513df4f4040a4.jpg,bcf0c30f60533c79,"Cover Motor URBAN STANDARD / Sarung Motor / Penutup Motor Bebek, Matic MIO, VARIO, Scoopy, Supra X",2925147687,Nhà cửa & Đời sống
train_1059874205,c9940a78a59426aac98fd6f0ed774534.jpg,da50e50f3becd812,Sarung Tangan Motor Kain Half,2007706703,Phụ kiện thời trang
train_6919809,cf95234c18d98390a7084bd89e525dc4.jpg,eaee11c3a3bc1cc1,Lem Korea Handsome / Lem Sebaguna,451207812,Phụ kiện thời trang
train_3864899535,f184de76e8262978d23ec44cfdf31e6f.jpg,b834e796c89892e7,Alat Fitness / Gym Pull Up / push Up Iron Gym Alat Olahraga Angkat Badan 013-5,151877115,Nhà cửa & Đời sống
train_2688549257,ed90689c203e06ac26b15a2754cb4ed9.jpg,b7dbc4a4a30b8da4,Wooden Tool Builder Construction Set - Pretend Play Handyman - Mainan Kayu Edukasi Anak Kado,875243828,Mẹ & Bé
train_4179177592,bc9bd14749410c1e475856b7c8fe8c89.jpg,bd88c01ff1f20f07,Sikat Spons Pembersih Botol Susu Bayi,3014698925,Thực phẩm & Đồ uống
train_4217087739,4c8dc5e0d8b7a0058cd14cb370751067.jpg,e992c5699e61964b,TAS SOPHIE MARTIN VEVA SLING T5888Y1 IMPORT KULIT PREMIUM DISKON MEMBER NOV19 1111,48664808,Phụ kiện thời trang
train_4137152790,57af6858dc4313cad367f35bb4810bc5.jpg,f01e8f61d83a25cb,Tempat Kartu MURAH / Dompet Kartu / Card Holder / Card Case,3902741134,Phụ kiện thời trang
train_1867150738,9058f1951a79916ccd841c85b4450316.jpg,c3d1df6d8c749822,JILBAB MASKER SHANIA NIQAB LENGAN / KHIMAR / CADAR TALI PREMIUM / KHIMAR JUMBO / SYARI,502970099,Sắc đẹp
train_439418976,ecdacf868e00e7e0fa4b72aea90e2c79.jpg,be8d81ca5a2a3c75,Anting Tusuk Gantung Bentuk Kerang Laut / Bintang Laut Gaya Vintage Korea untuk Wanita,1498286876,Phụ kiện thời trang
train_2119676290,9d4585cdff9de4dc2adece562ad16bda.jpg,aff0e09fdc869061,Baju Tidur Piyama Satin PP Embos Vibelle,1933278346,Thời trang
train_1787704493,388514bfec7bb7217d784b0be7380f88.jpg,b1cb9693879a38a3,PROMO Kaos distro anak murah ROBOT_HITAM/ grosir ecer / Terlaris / Termurah / Real pict,4122553815,Mẹ & Bé
train_1462352752,3fd72d9248ce773cce79d2d2e96d6d7a.jpg,ee6999cecc243199,\xe2\x9d\xa4 RATU \xe2\x9d\xa4 CREAM WAJAH HN APOTEKER 15GR ORIGINAL [ KEMASAN KECIL ] HARGA 1 PAKET,3365517875,Sắc đẹp
train_3486041823,15428c812ff7a248194572dcafdf627f.jpg,b349ec26f326c91c,Yoqueen beauty Rose Water,1848313115,Sắc đẹp
train_1945984397,25ad6f0ddf4e59dc21695059894a3cbd.jpg,9fe0721dc2981ce7,Pure Baby Wash 450 ml ( REFILL ),617242852,Mẹ & Bé
train_2845480992,485631c64e2cec36ee3b72ed0197a7e5.jpg,f848e387bd3a5864,Holder Bunga  Stand 360 Besi Gurita Handphone HP,452508504,Điện tử
train_1868076887,b3e65ffa93f7c28d0ff17aa558009a64.jpg,a09f59cb0b1c32f3,[ BPOM ] MASKER PEEL OF PHILOCALY 10 gr,4183994583,Sắc đẹp
train_2798089492,ef0360cba9e9aaa25889607ec6ecb4b1.jpg,e1999698dac39999,Jam Tangan Sport Elegant,1089805460,Phụ kiện thời trang
train_4064246493,45bd91d19648f09aebceba07e5fad897.jpg,b892c56dc73c9ab0,Harman Kardon Aura Studio 2 Wireless Bluetooth Speaker,4057376991,Điện tử
train_1470332689,59b68efc2e9e14d83c2305a75809c8c4.jpg,fa94c12f95c0bdc2,Wardah Instaperfect Mattecentric Lip Crayon 3 Gr,157683903,Nhà cửa & Đời sống
train_2734564444,36419e30a8c7026dc5140c6517847ce6.jpg,eaf29933f28d0ca2,Rak Kulkas Multifungis Storage Box Kulkas Organizer,3148488658,Nhà cửa & Đời sống
train_1079312636,db0ce8b34a2e4e111661c4bcb5f6f236.jpg,e1c3cc0cd821f776,MOFITA DRESS,1742550190,Thời trang
train_2829340526,6de448652a606cfc3a8feaa9e72eaae6.jpg,bd4dc163c32dc463,BUMBU BAMBOE - BUMBU INSTAN SAMBAL GORENG ATI -SAMBEL GORENG ATI,4239365373,Thực phẩm & Đồ uống
train_2680742165,3dd1e81f150149fdbbf57948e516f554.jpg,c84974ae8dd916da,Konektor Masker (Pengait Masker) OLL-712,2887356875,Sắc đẹp
train_1394887431,5d0b3b882646b0d529244cf6cbd64da4.jpg,bc3666996e8d2631,iPhone 8 256GB/64GB Fullset second mulus 100% original,4082305570,Điện tử
train_3829439834,fbf380b9bf6de8bcb98c2bdbc0d7eae3.jpg,ebc30f2d64cc9992,"b""Panarybody Sepatu Pria sepatu casual pria sepatu slip on pria Sepatu Kasual Impor Men's shoes""",2768827468,Phụ kiện thời trang
train_3990168439,5b79307764f9421b2af69b57903329ea.jpg,f2f24cc2da1c9dc2,"4in1 Car Charger, Voltmeter, AmpereMeter, Temperature, Charger mobil",2669958634,Điện tử
train_4183031325,190124c091d8f125642d74d1ba6da2ed.jpg,857b18e12a96d9b9,Sabun Pyary Turmeric 100% original,3893832039,Sắc đẹp
train_1844994299,1e191b366374dd106e0a0c0921d53538.jpg,a2f828fb08fa28fa,PAMPERS Baby Diapers S 48 - Tape,1041068707,Nhà cửa & Đời sống
train_3920580343,c197c960c9b50b99bd9cd1dff7644765.jpg,e18d5ae16b702f1a,Maybelline Color Sensational The Powder Mattes - Matte Lipstick Make Up,1624239742,Thể thao & Dã ngoại
train_2695151238,9692ea7f88c0c4d6508f3e84773bfc13.jpg,cb0cb6358d72b552,"b""MuTouch Goat's Milk Shower Cream Pearl and Mulberry 1000ml (Sabun Mandi) FREE Shower Puff""",3933439401,Thực phẩm & Đồ uống
train_1580221942,fc9e807f26c94633eaabbfa34552736d.jpg,a085979e9e39d839,Kaos Baselayer Manset Pria / Thumbhole Panjang,3493405757,Thời trang
train_779369116,56101e59d34ad3e919e9ee3384d30ad3.jpg,e5fe9e11dbc13084,Janeta ozawa overall rok kodok jeans wanita // Ld 100cm Pjg 120cm fit XL // WINDHIA JEANS,2053502150,Thời trang
train_3713571218,807376932b2b7359d7358e322f963184.jpg,afb0d0822f397ac6,Ready... Vitacimin vitamin c 500mg per strip,1823220133,Sức khỏe
train_2080955012,b28fff57e353eebd1357237f9bb803df.jpg,a794c513918d9ee9,SHOWER CAP KARAKTER TERMURAH !!,2202441387,Nhà cửa & Đời sống
train_787372474,c44adb22e9ba38e31b79f6a8d96de501.jpg,8ee0f11f3ce14b4a,Pisau Set Talenan Telenan Knife Set Q2 013 P / Q2-013P / Q2 013P,1164893262,Nhà cửa & Đời sống
train_2444608895,ae32ab5ae62ecfed38002dc5bcac9e2f.jpg,97e17af45216a895,Sarung Tangan Cuci Piring Dapur Sarung Tangan Pembersih Tahan Air,3170475874,Phụ kiện thời trang
train_2259111551,fd546b80c6824cc612daa50c2cd8db93.jpg,b2d81a9c1b9c3736,Cetaphil Baby Moisturising Bath and Wash 230 ml Sabun Bayi Kulit Normal Sensitive,856753601,Sắc đẹp
train_273903444,7d17d96262dd71b9bbc36de761b82ce4.jpg,fbd40cb50d69165a,wini dress/maxy dress,2932987408,Thời trang
train_1600488857,bc769a0de889e29c1401605709dc691b.jpg,db92c93b30cb3272,Erha Acne Face Powder 21 gr - Bedak Tabur Kulit Jerawat,1528525604,Sắc đẹp
train_2862395335,bd9c90a5033401d279ac107f522b7d43.jpg,a4237d195c5ab2d9,{ UKIR NAMA } BONEKA MIKY / MINNIE MOUSE JUMBO UK 85CM,3836011509,Điện tử
train_1817397853,cfc894155414c060a80c186eef51f383.jpg,c84de14596babb46,1kg Panci Listrik Serbaguna Multifunctional Electric Fry Pan Panci Listrik Lapisan Keramik Q2,1226500780,Nhà cửa & Đời sống
train_2952244249,dce4dab91112db6c4b5d518e21f10448.jpg,f6d98134b904b56b,Alat Masak Spatula Set 6 Warna,2156459496,Nhà cửa & Đời sống
train_1832329708,4a91737c244190c4370c61fa46036577.jpg,d01dce4c0fd24fd2,Alat Cetakan Telur Bermotif / Egg Mold - NEOFELIS BD10-003,2141357515,Nhà cửa & Đời sống
train_3466537045,2f21dea5c41362aa6042ecdae32e6634.jpg,b0e98c38db8663da,Nathalie Kaos Dalam Tanktop Wanita Camisol 1 PCS Color NTA 428,2676759117,Thời trang
train_650923144,908ad524cc2c41b929548528d6864bd9.jpg,a1791e8e1e85a1fa,HBO (Hanging Bag Organizer) TAS BESAR / Rak Gantung Tas,3530882111,Phụ kiện thời trang
train_822790514,413e47e2e2341218a8306fda1a5e779e.jpg,faa237866573b4a0,READY STOCK Masker Kain Hijab dan Non Hijab 2ply / 2 lapis Motif Garis Garis Bahan Kain Katun MURAH,2081817879,Sắc đẹp
train_3459074757,62dedaa590f6d5ff9cd52510efff1953.jpg,b331ccce9933332c,WARDAH BB CREAM LIGHTENING BEAUTY BALM,1765818203,Sắc đẹp
train_2834386989,5cd2195b4577b314f9df5234ad0e9b9c.jpg,b987b05ac731cc47,HDMI Extention Kabel HDMI Male To Female 30cm Kabel Perpanjangan HDMI,412112378,Điện tử
train_3201798165,22adf09260786ed124339d46f7f74c16.jpg,a96096e1d61f96c3,celana cewek jeans cewek pensil,863776697,Thời trang
train_2037424479,f1688b1e5e742bc5f57c73429641408b.jpg,ce72e087a51b99f0,Universal car holder vip,452508504,Điện tử
train_2114671117,50cb5d849829de82f5c081d186dfac25.jpg,fa90b9c22c67f039,Aseptic Gel 500ml Hand Sanitizer 500ml+Dispenser OneMed,1135976474,Nhà cửa & Đời sống
train_3135592737,6c57b2bd1329aac7f74dc38df31034ed.jpg,fa98854e62b56d4a,Paseo Baby tissue basah isi 50 lembar wet wipes,2886450320,Mẹ & Bé
train_1303180091,5d61f4236b60b9356f425c218c7dde1b.jpg,e69b09862399fc72,CATOK NOVA NHC-2009 2IN1 (UKURAN MINI),2558633431,Sắc đẹp
train_3864002112,b66f9aaf9886ad1ea27d1033585b3b9f.jpg,f83492d69165c7c9,Ensiklopedia Anak Hebat Olahraga. Buku anak BIP Gramedia,2966158585,Mẹ & Bé
train_1361575124,25964e004d1765ead9205054d310a5ce.jpg,bf90c02b36c4c7e3,Yummy Bites Organic Baby Noodle/ Mie Organik Bayi/ Mie MPASI Yummy Bites,3299506042,Thực phẩm & Đồ uống
train_544056532,466b5ba7a5a9f293fcd0adfbb504e178.jpg,a287ed849ca5768b,"KANTONG ASI GEA DENGAN THERMAL SENSOR 120 ML , 200ML DAN 250ML",3926100920,Mẹ & Bé
train_3778490249,b3c4517cff491c9c42108c4939d5d3d7.jpg,f83c8fca5438aac3,STRAP TALI GANTUNGAN HP NAMA TAG GANTUNGAN KUNCI PHONE HOLDER,3731124907,Điện tử
train_3162053397,9600c190499d2f896ada26f381621e80.jpg,b6f47333b89134c4,Otak otak ikan 1kg paling enak,544532088,Sức khỏe
train_2952697669,b9ba23cf1b5e882d32b4ef8a3ef7a218.jpg,a459a6b6c918d36d,*BISA COD* FACIAL WASH MS GLOW/ SABUN MS GLOW,2613177548,Sắc đẹp
train_644504147,f1d62a8febeb304c0b81402a2347de40.jpg,ac84d39b67842e2f,MINI TRIPOD YUNTENG + HOLDER U ( YT -228 ),2562344453,Điện tử
train_2580582842,5cdad334bad47290509ff199c057ddf7.jpg,bfb5c3c0b442c1e5,"Hairmask ala salon,masker rambut 200ml",3049496351,Sắc đẹp
train_2074210854,a3c5369fb6f0316db778a63040976111.jpg,9b9633349cb27698,SPEAKER BLUETOOT CL-671 LAMPU TIDUR,2258840093,Điện tử
train_2304339273,0d2f92a6593fbd0d11ad5f4e36f71b13.jpg,ba0075df60d01f7c,Shalat & Dzikir sehari hari - Perum PNRI,3070736923,Nhà cửa & Đời sống
train_318728397,523cbebdcad1c639cfde3c26867f05f5.jpg,cfbc9390ec16e0a3,LAMPU LED STICK N CLICK STICK TOUCH LAMP LAMPU TEMPEL EMERGENCY,1317491259,Nhà cửa & Đời sống
train_4070413770,a9d2d8c1c7114cece06368e3be609cef.jpg,d88f26105b79fc89,(COD) Brightly Ever After Serum Scarlett Whitening,1163569239,Sắc đẹp
train_3863191683,e2ad61f6f0c270cd2e00a4ea6a47cf16.jpg,af3ed0c12f1e6838,Digital Wood Alarm LED Clock / Jam Meja Kayu Digital Led Weker Putih,268062010,Nhà cửa & Đời sống
train_4075151362,5f23492f25290788029e2c6d23b591a0.jpg,d28d4e3d4f396170,Johnson\xe2\x80\x99s \xc2\xae Top to Toe Hair & Body Bath 500ml,3561125014,Sắc đẹp
train_3773454465,7bc7ca8ec0c3b37449f59bdd91079eea.jpg,9976e48a99a5de84,Tumbuhlab Hair Oil Pappermint Tumbuhlab,663005453,Sắc đẹp
train_1616943866,955b3f6cc048b5f5503cbb2d87e2b4f5.jpg,fa80a55a923dd86b,Keset Cendol Doff Microfiber Anti Slip,3593613060,Điện tử
train_787492652,f1731a1021d00cb8bce3403455f3eded.jpg,b0cfcb38ccb2498d,ARORA AR361 TAS IMPORT FASHION TAS SELEMPANG B387 EL200,2654683414,Phụ kiện thời trang
train_1984599666,ed31b2cd62b26f810121c81b97c61f0f.jpg,9befe0292b2b89e0,Sendok Makan Bayi dan Anak Motif Tangan Mickey Disney Lucu Impor,1665301954,Phụ kiện thời trang
train_4020792158,86e53b15a1e2f871a3abfba05b4b6883.jpg,fb95860aa1689ee5,Stand Holder Smartphone Universal Bahan Plastik Warna Permen,3497271632,Điện tử
train_18699725,3587bbbe5aa836fa004c71b30dd197c7.jpg,af21e0cf90ca1ff0,Perlak Pangku Ompol Bayi Travel 35 X 40,3892893473,Mẹ & Bé
train_2374319111,8a4947e58add00aa1758d6f235c1538b.jpg,d756b4646461e1b3,[55 GRAM] (1 kg bisa memuat 25 pcs) Ion Massager Setrika Wajah / Vibration Iontophoresis Instrument,1759528856,Sắc đẹp
train_1414886454,012b36653e586d32aae70cb0ca671b1b.jpg,edc1903c93f33a98,Emina Glossy Stain 01 Autumn Bell,1166650192,Thể thao & Dã ngoại
train_2416455739,4d811e5bb74aacaf8d9e38fcd37eb44e.jpg,a8b6d548e6a4d6c3,Tempat Tissue Toilet Roll - Tissu Dispenser Roll - Tempat Tisu WC Tisu Gulung,827125449,Nhà cửa & Đời sống
train_3063158734,24f1ce35b26214cf6d603443a5d4d7fe.jpg,bc70c3cf1eb0a193,Kabel Splitter Jack 3.5mm 2in1 Headset + Mic External Murah,1054099358,Điện tử
train_980903649,9a061947211680e6475d3b98b477697d.jpg,be12e12f9ec1e198,Mixer mini / Hand mixer / pengocok telur dan minuman,2748623227,Gia dụng
train_2480880453,2172e5be4180d2d2196752552ee783a9.jpg,af48c947d86b690b,[BPOM] FREEMAN MASK ALL VARIANT ( FULL SIZE / 175ml ),3445494442,Sắc đẹp
train_1702982321,2d9c6e3e119101dfb3585958135159f7.jpg,bf26c06bc0ddc195,Celana Aladin Jumbo Murah / Celana Murah / Celamis Jumbo Murah,3745444660,Thời trang
train_2021138864,37cda4266e792e6f8304f85e7e292cca.jpg,b3f1f81cc10ef870,RUMI DRESS BRUKAT,2174165912,Thời trang
train_3720755180,844da53e4ed5f565543e59338ccfe2dc.jpg,bbc618c31cf11ee1,Lampu aquarium Led celup Yamano 40 cm -T4- 4 Watt warna PUTIH BIRU,2860060458,Nhà cửa & Đời sống
train_705022505,3d9fa56e19cf6676ead8ba6782b73315.jpg,ee2691988cd93b8e,Kodomo Sikat dan Pasta Gigi Anak,2169519796,Mẹ & Bé
train_2393141979,c0f156276e51613b1f51e5ea9f952cc8.jpg,bc94e681e1c743b5,MMTOYS Boneka Jari Tangan / Boneka Finger Animal Karakter Mainan Anak,1896239564,Phụ kiện thời trang
train_3051845604,eca75e9ac6c148623b19c7235aeca136.jpg,fcb0701899c74be3,Perekat Snack Makanan Alat Perekat Plastik Hand Sealer Plastik Mini Seal HJ85,1065450055,Nhà cửa & Đời sống
train_122735420,ebd55ab1c879bdef368dea8f1bd50dcc.jpg,bd94c24bc02ed67c,TAS AXELARD SOPHIE PARIS,2019842229,Phụ kiện thời trang
train_2594134040,72afda09897ff21d2749e733f93c7c73.jpg,a323f094d4f4f323,(KIRIM DARI JAKARTA) CH-02 Kacamata Fashion Anti Radiasi / Sunglasses Frame Anti Radiasi Lensa,3630992203,Phụ kiện thời trang
train_1196937195,9d5275196e33c1e5f11c1d24eac55865.jpg,b6e6c999f801a35c,Mini Studio Kit / Box Folding Kotak tempat foto produk portable with led,3623006870,Điện tử
train_544350031,f3c7b0283b3d32f5380f4b2c0ed851b3.jpg,bf909cc94932e42f,VEE DRESS GAMIS WOLFIS,4060702395,Thời trang
train_2248585323,f7eaef8d5927db851a125732881ebb20.jpg,b99acce3c684c639,Pigeon baby Training Toothbrush Tooth Brush Set /  Lesson 123 1 2 3 - Sikat Gigi Bayi,2676957285,Mẹ & Bé
train_302473089,fab1a1c8f96be00deb131bfbaebf60cc.jpg,cb9034373c8633db,Lifree popok celana M1 sachet lansia dewasa orang tua pants,3517786207,Mẹ & Bé
train_695286092,0f378ed2e69214198a90000d1533620a.jpg,f45ca3b629231e36,Washcloth Bayi Little Palmerhaus,2059185626,Mẹ & Bé
train_3414285176,a8c13b0ebc57d493286ec887b8fedb8c.jpg,faa1c4e4a434bad9,Gamis Luxmote 9 WARNA Busui Brukat Corneli + Mote Payet Silver Baju Muslim Pesta Lebaran MAXI MUSLIM,1887108400,Thời trang
train_4261256623,b61451a8aaa3b8be76bb9df96a2d2dac.jpg,ee9162939d6e4992,"b""quran apple  apple qur'an untuk belajar anak-pusat-""",3339789097,Mẹ & Bé
train_1029000374,f033f306ec65444b45552692ccf2c8d2.jpg,c26d6db82492b3d3,JAKET SWEATER HOODIE PULL&BEAR/SWEATER HOODIE PULL AND BEAR/JAKET PULL&BEAR/JAKET KEKINIAN DISTRO,2538727283,Thời trang
train_2055595206,82669264d3bd54726db2e826a63e7e61.jpg,e63399c93664cccc,NEW : Cetaphil Baby Daily Lotion 400ml Pump,1301527687,Sắc đẹp
train_3657202018,45edbf83458bea64adfbbde9872f6e29.jpg,ab2f85931fc4e078,SilverQueen / Silver Queen Chunky Bar 100 Gram Cokelat / Coklat Valentine,2868855077,Thực phẩm & Đồ uống
train_2113524883,a3ab2feeb4c209794c3d1edd5a896d28.jpg,eeea9111942ed297,Mr Tiger Set Alat Gunting Cukur Pangkas Rambut Sasak Salon Profesional BHT002,3879542855,Nhà cửa & Đời sống
train_2265651088,b0f97aacae490c5bf0f838a9ec4e7695.jpg,f9e4833bc45994ca,[BPOM] HANASUI SERUM Rich Nutrition / Propolis / Bright Up 25ml,40040342,Sắc đẹp
train_3052745886,a8029e5a65bf404f77f8b0cf69b736ab.jpg,dfadc0a4c2539bc1,"b""Pond'S Tone Up Milk Mask / Masker Wajah Plankton 25G""",3856102831,Thực phẩm & Đồ uống
train_319433393,c370277eb522526224c5a0520ec188b8.jpg,bcc3c738f00f8732,Premium Leather Case FULL Iphone 7+ 8Plus X xs xs max xr 11 pro 11 pro max iphone 11,2170108313,Điện tử
train_359921900,5d26bcae07449c3b4db7e6c7bafe8a1c.jpg,e38d94969079996b,I7 i7s TWS Earphone Mini Bluetooth 4.2 dengan Mic,15519389,Điện tử
train_3837995292,9077dc0554199e3c413ed4f867ae036d.jpg,d23146cdcdc9362e,Vaseline Healthy Bright Vitamin Gel Serum Fresh Glow 180ml,255662413,Sức khỏe
train_1146285530,219dc3d8f9c67554aa0004a5f763878d.jpg,dbcbc4205cb7316a,(COD/READYSTOCK)TUTUP Pentil LED Nyala Lampu Roda Ban Mobil Sepeda Variasi Motor IMPOR MURAH,1575763518,Nhà cửa & Đời sống
train_1562371395,1c6bdcd2c45c1656a9cb24d08d2f071a.jpg,d93e4acab7944a4a,Celana taktical panjang - Celana cargo panjang - Celana blackhawk,1386292334,Thời trang
train_3714223252,8d1b6cfc34ed0e54cc04befa3ec07dec.jpg,ce30b1c9b4ccda1d,FACE SHIELD BABY,1463712690,Sắc đẹp
train_976793035,e47a4cac21fd5cf6e4f298839e5c2e75.jpg,afd4d0294edbc126,Catyzole obat cacing kucing,476729965,Sức khỏe
train_1100400880,fd6dca9e4014930d8d053e59a2a562b4.jpg,d01dce4c0fd24fd2,AM186 Alat Cetakan Telur Karakter Alat Cetakan Telur Stainless Steel Egg Mold,2141357515,Nhà cửa & Đời sống
train_2150644928,732850122ecf88d8c9b43165903f0c0f.jpg,bea1c55ecb34e830,Tas Selempang Wanita Whoopees Sling Shoulder Hand Tote Bag Slempang To B7E3 LIRA Sling Bag Termurah,1708472517,Phụ kiện thời trang
train_2246098945,99e9bd526c0a4af843c094bace725c7a.jpg,8e1d1f0e1f1e1c3a,Silicone Face Cleaning Brush Facial Cleaner Pore brush\xef\xbc\x8csilikon sikat alat pembersih komedo,3753501224,Nhà cửa & Đời sống
train_739685942,781ae685a156ae13a97416e24fe4fc27.jpg,efe132e05d1f9824,PEPSODENT HERBAL ACTION 123 190G,2725454200,Sức khỏe
train_2993084822,931eca8050f84a51c9b9c3908b4ee9ed.jpg,ea9d9926cc718963,KAIN LAP TANGAN HANDUK MOTIF APEL,92124181,Phụ kiện thời trang
train_1933430582,61a05bfdc0305508d77a77ec6bfe404e.jpg,f2f24cc2da1c9dc2,4 in 1 Dual USB Car Charger Temperature Voltage Current Meter Adapter for Android and iPhone,2669958634,Điện tử
train_2976593981,bdbd5f6e87895b05dd0258e4ec2fc3f2.jpg,f3a8dca05b866699,Nestle Cerelac Nutripuff Snack Bayi Usia 8 Bulan Ke Atas Rasa Bayam Pouch 25 g,4198587607,Thực phẩm & Đồ uống
train_1593362411,8d4c296a0bbef604ddc65284afc3ad19.jpg,e2b6cb3b814ab4e2,DASTER KARAKTER lengan pendek/motif campur katun Jepang busui bumil dan biasa lucu DASTER KARAKTER,1773396944,Nhà cửa & Đời sống
train_1182906906,c8f130dac43c77df588ccdee4f249821.jpg,f3067c4b91b08ee3,SCARLETT SERUM BRIGHTLY EVER AFTER SERUM / SCARLETT ACNE SERUM/SERUM SCARLETT/SERUM JERAWATSCARLETT,1163569239,Sắc đẹp
train_1060767444,2fca3821522eac25794203901709de57.jpg,ba95c46e973a8439,Car Charger Baseus 30w Type-C Pd+Usb Quick Charge 3.0,272260650,Điện tử
train_558203136,35a98a4f5ba4e1b163f30f10e1fdfa9d.jpg,bbe46a3d54e6a015,1 LUSIN CETAKAN LONTONG PRAKTIS,1015815580,Nhà cửa & Đời sống
train_3198290390,b89715309a17d84aef56ae51e85f3a0d.jpg,afef2c8d072486c3,Sepatu Futsal Specs TURKI (RESELLER),3794298816,Phụ kiện thời trang
train_130859903,b7683356e831ab93ebc4329a32d72882.jpg,c978ab06ea56d22b,Soft Case Motif We Bare Bear dengan PopSocket untuk iPhone SE 2020 11 X XS 6 6S 7 8 Plus 6Plus 6SPlus 7Plus 8Plus,2126962532,Điện tử
train_3540646391,b10b9ad947c2de191f11cdb054b268e2.jpg,bbbd84d8db41c438,Kacamata goggle TaffSPORT BOLLFO Kacamata Goggles Mask Motor Retro Win Motor,163891198,Phụ kiện thời trang
train_126147864,a58c16753b9341aed09a8de27f65065f.jpg,e4cf9ad98b328c31,Madu Kalimantan Alqubro Al Qubro 1kg 1 kg,2622880584,Sức khỏe
train_765732065,0753717fa3d333c4215da6cdadc2ff2b.jpg,ea99957058cac3b9,Tas Pinggang Anti-Air Naturehike DL02 NH18B300-B,2515300246,Phụ kiện thời trang
train_982666646,491b475c85b48f93979e1f02732ab4ae.jpg,bfc4c16bc691c394,Dispenser Sabun Cair 2 in 1 / Tempat Sabun Cair 2 Tabung,312265924,Nhà cửa & Đời sống
train_1016678628,7d17d96262dd71b9bbc36de761b82ce4.jpg,fbd40cb50d69165a,wini maxy dress/dress cantik,2932987408,Thời trang
train_3400025126,6891f0382498c966eabd9a472388aefa.jpg,aee1fb86d0c4c398,Pashmina Bella Sabyan Diamond 180 x 75cm / Pashmina Diamond Georgette Premium Size 180 x 75cm,1768108830,Thể thao & Dã ngoại
train_975843401,c24853be53181294db9afb175c0260ee.jpg,bb4c90b3bce9c238,Bel Sepeda Stainless Steel  - CQC,3489758020,Thể thao & Dã ngoại
train_669309314,453a3286c516569e6c890f00c385aace.jpg,c096b7699b31b645,READY Skin Aqua spf 50 PA++,2123332638,Thực phẩm & Đồ uống
train_2913339337,846b2d90b4e438576e5bd5cd538e9311.jpg,f2acce3158ccb34c,Sunsilk Soft & Smooth Shampoo 340 ml,2915172498,Sắc đẹp
train_3280539377,69663ee6eb3afd5e16f944849927c722.jpg,b8a3ca93660c79e3,Tes Hamil Onemed / Tes Kehamilan / Tespek / pot urin / wadah urin,2999794436,Nhà cửa & Đời sống
train_2096310118,abe2530d0b34d1fed60ce913cf74a0c8.jpg,a7cb059927c0366f,\xe2\x9c\x94 250g Garam Himalaya/ Himalayan Pink Salt / Diet Ketogenic / Untuk Diet Bahan JSR Zaidul Akbar,3062268608,Điện tử
train_2709447254,e799677937c4ce908a00561b6dbf637e.jpg,9c7347cc3186c967,MASKER SCUBA MOTIF SALUR.,1364858549,Sắc đẹp
train_292502392,f43d29861040447354f56fd6c5347f53.jpg,eae19517c6d818cb,Kupluk Custom Bordir anak free nama + Gambar,661675937,Mẹ & Bé
train_3419468751,1af8f550c9c94cdd98539a28273fa806.jpg,eaea959994b44995,Brush Pen Joyko 12 Warna CLP-13 ( Dua Mata Pena ) Joyko CLP-13 Set 12,3454455800,Sức khỏe
train_3884768201,e6e60998fb24dbbe52850a0bf737e1d3.jpg,ef819a7ee125960a,Tecnix Speaker Subwoofer 2.1 Channel Design - Garansi 1 Tahun !!,1333574565,Điện tử
train_2966251053,51c5a9c40c66524bc17cc2dceea19271.jpg,bb1ec4f03b0ec0f1,VEITHDIA  Kacamata aviator pria kacamata polarized pria 3088,1660373367,Phụ kiện thời trang
train_3769401228,225f2a3755630d4276379e6f83516d20.jpg,ef1b94a4931a6c5a,Kaos Anak - Booyah Basic Tee,169470278,Thời trang
train_1687050720,60ba9bdfc7ae8751e208dab612c43585.jpg,bee08472c0376bb3,Handbag boweisi 128-3 original berkualitas dengan harga yang sangat murah dan hard grosil buruaaan.,2176913327,Phụ kiện thời trang
train_3004287460,783944e091e90eda948e5c6cc139e13e.jpg,e8a7957266386d86,Xiaomi AirDots TWS Bluetooth 5.0 Earphone / Xiaomi Redmi AirDots Original,2186896696,Điện tử
train_3554392967,30cad1ba089c24bf2411b69523a8e1c9.jpg,bbb08d633d86928d,Casing \xe2\x9c\xa8 iPhone 5 5s SE 6 6s 8 7 Plus X XS Max XR 360\xc2\xb0 Protection Full Cover Soft Phone Case,937802694,Điện tử
train_2902608324,b9b03dd2dfffb4cd0e9b5e6ac6f8f1a7.jpg,af9b149b842e7a98,Samsung Evo Plus  32GB/64GB/128GB/256GB/512GB Kartu Memori Ultra  Memory Card Kartu Memory Microsd,170977866,Điện tử
train_3544500935,ef2371f2ebdd6a08ab0a092f9500c7fc.jpg,f6914d87e02ab974,Grosir - T654 Topi Visor Lipat Wanita Casual/Pelindung Sinar UV Anti UV Untuk Pantai/Topi Outdoor,2984413468,Mẹ & Bé
train_994035984,6eab5f633cc2107c1f58278842c8f2e9.jpg,86e27c9f33151b25,Masker kain Oxford model hijab,3070646096,Sắc đẹp
train_3022791861,cc4cd80270950a3e6e43e03a6d4bdde2.jpg,caafa5a0ea78c01f,NATURA BEAUTY SPRAY 100% ORIGINAL,3152201220,Sắc đẹp
train_1380242518,05f5d76b9106954e5c26a60f31adc355.jpg,fad2c8961e8f38c8,[PERPACK] NON BRAND Kertas Buram / Kertas Koran Uk. A4,847338105,Phụ kiện thời trang
train_369946848,37bd8fb6f88fe75ce52df335ce9bc902.jpg,a7f0899bb68c388d,Sepatuafa - Zein Mika Kaca High Woman Heels,4077671296,Phụ kiện thời trang
train_3063563905,74ac9dbe82dbe5ad1ceae14b8c1ab591.jpg,bf42c0bd8fb26cc0,Songkok polos hitam / peci,631365480,Thời trang
train_1822928210,0a7e07d11b9a42a08d136e4d81b21e36.jpg,e619c92699e39666,Scadix obat SPRAY anti infeksi kulit scabies demodex kudis koreng eksim gatal,2754315562,Sức khỏe
train_2124608846,a4b029885541d9751edb3c8ad5b2cc39.jpg,aa90f57bc26ccb22,Rug Seagrass ukuran 120 cm Motif Natural Putih Kombinasi / Tikar / Karpet anyaman,3111903790,Nhà cửa & Đời sống
train_2469516077,2c8c00f92c732930087de78e7714a7a2.jpg,ea2d6197689e6ac2,Pengantar akuntansi 1 adaptasi indonesia edisi 4,660649229,Phụ kiện thời trang
train_1096240097,fc3d5961863bef7ca6b10c335838b6c9.jpg,e5329acd92d96532,ARTCH [ babypink ] tas serut sackbag gymsack stringbag,1686970840,Phụ kiện thời trang
train_2659851722,2119ddec38111b43a4549f4961a83d06.jpg,aa9f9368cc658f12,SPONS MANDI / SPONS BATH SPONGE BEAUTY SHOWER PIFF SABUN BADAN / BATH SPONGE RAINBOW / SPONS MANDI,3075877919,Sắc đẹp
train_107383247,a0efd71c15c38e2271ff6b8a6a89d787.jpg,eac597399156b462,Sauna Suit SIKEN Korea / Baju Sauna / Jaket Sauna Siken Original,2084731252,Thời trang
train_3540066212,be166ebf1a040b2d855a26a45906c10b.jpg,ca88c113dd1f7a9a,DORFREE CAR AND HOME PARFUM MOBIL,847060368,Sắc đẹp
train_442578476,f64cb48e8787ab6d223664164335700b.jpg,ed1e90e191139dae,Kintakun Karpet Serba Guna 150 x 200 Nara Kintakun Flannel Polyester Putih Anti Slip,3783328959,Nhà cửa & Đời sống
train_76256943,e65e1a81c165e39aa0c6536254f8ee82.jpg,bed2c08d53fc3095,[9.9 Limit Time] Mainan Bayi Rattle Bayi Tangan Menangkap Bola Mainan Hewan Karet Lembut Teether,578864906,Phụ kiện thời trang
train_4060759969,5fd84d48dba972a9102a02fa775b88c8.jpg,bb90856f6f14bc11,CONVERSE/ALL\xe2\x98\x85STAR/1KG BISA ISI 2 PCS,1169876123,Phụ kiện thời trang
train_4097823525,145290b0105760542ed61735333a6e1b.jpg,ba979562e3809d9c,LIPCREAM PURBASARI HI- MATTE,1600384981,Sắc đẹp
train_2791903723,f9ba69f2c806f806df291dc364943395.jpg,bcbd12ad444ae593,Lampu Taman Led Sorot 5W COB Tancap,1122612894,Nhà cửa & Đời sống
train_1296319202,84f0f5142fe876b573671e993c8c4b27.jpg,94d146d9671a657a,TOP MARKET ID - ANTING 6 PASANG DALAM 1  ANTING KOREA AKSESORIS XINYIA / ANTING TERLARIS,2139199652,Phụ kiện thời trang
train_1555530623,0b36e555fcecb828d05d6dedc14db00e.jpg,ee90b5c6908fc479,PROMO 3PCS SABUN PEMBERSIH WAJAH PRIA RODEOS CHARCOAL SOAP 100% ORIGINAL GRATIS WADAH SABUN,3436872731,Sắc đẹp
train_3685589275,40da94cf1792cf427638a72c3c6886b8.jpg,fc0794724ecbf08c,Portable Barbeque Grill,4287268706,Điện tử
train_4098002458,d85b63bf885cd00c482cd8c2ff1bfc0d.jpg,b314c47bba8cac87,LAKBAN GOAL TAPE 2 INCH 100 YARD TEBAL LEM 23 MICRON,3196503392,Điện tử
train_3755702866,a6cedd95e7abf06d5cfd6ba485b3ce83.jpg,af84c39d8996843f,CROCODILE DENTIST GAME / MAINAN GIGI BUAYA - GIGIT BUAYA,3604334178,Mẹ & Bé
train_678543028,800fce18d91530305f6a75cd302022e4.jpg,eb1890878e7e7073,1M Android Micro USB & Type C & iphone lighting cable Nylon Braided Data Sync Fast Charger Cable,3630592881,Thời trang
train_3296159135,33ab515585e72e551223fde88389ca29.jpg,bf94c07b391bd260,Cream KLT Kalimantan hijau holo merah,3718895059,Sắc đẹp
train_1961149278,eccaf4972cfcf0361ee15a364b46af94.jpg,b53cc7e34c0e32b8,"Kain LAP Serat MICROFIBER 30x30 Cm - Handuk Lap Mobil, Motor, Meja - Lap Mikrofiber",716945248,Điện tử
train_1015862061,00ee86a6810cd9f2da6dd0f0f01b867f.jpg,ba9ce0331b624eb6,[ Promo Flash Sale ] Luvita Dress | Size S M L XL | Dress Terlaris | Moscrepe HQ | Fashion Muslim,3687627144,Thời trang
train_3925983538,119ddb7eda8b85e89f4bd078d3b5b293.jpg,87fef001f880936f,Hanasui Intense Treatment Bright Up/Rich Nutrition/Propolis Serum 25ml (100% Original),40040342,Sắc đẹp
train_2004841294,30ba7127df6c82bf55cc304e29bf1baa.jpg,e3e43900c3e347bd,Sprei sudut karet single 90x200x15 no. 4,3606023430,Nhà cửa & Đời sống
train_4030500046,203d3c1d5632eca75ca22a5124727418.jpg,ab0de58de0b1965a,(Bayar Di Tempat)Setelan Kaos T-Shirt Katun Lucu Unisex Lengan Pendek + Celana untuk Musim Panas,1591196550,Mẹ & Bé
train_1072468195,c449775a8f9fd0edde84878708d2c9a6.jpg,e3639905d989d45e,Setelan Koko Anak Gankids 1-4 Tahun,4165106336,Mẹ & Bé
train_174545108,4c5436fea45f268d58f28a8da8d6f4fe.jpg,c9d2a692a5b5b6a2,NACIFIC Natural Pacific Phyto Niacin Whitening Tone Up Cream 50ml,1492182156,Sắc đẹp
train_1144145055,31c1d572dc148927c6e671e96a4a9d12.jpg,e16192961e9a5bcd,\xe2\x98\x80INDOLAND\xe2\x98\x80 B014 Celana Dalam Pria Munafie CD Kolor Sempak Man Underwear Men Pakaian Fierce Murah COD,2849340242,Thời trang
train_3423235809,b98e673463c54a94d6d27341d1bd1178.jpg,9d6e4493b37351a4,0-5Y Topi Bucket Bayi dan Anak Pelindung Matahari Karakter CUTE SERIES Baby Fashion Style,47238948,Mẹ & Bé
train_779520875,29dd8bb2028f05e49f78c7ec4896b206.jpg,a70d26878f16cc79,SKMEI Fashion Watch 9070 Original Water Resistant 30M - Brown Strap,694854417,Phụ kiện thời trang
train_3323259719,601b36f38048cc878bc4cbe873b3c969.jpg,eee691914a3e6469,[HOURHOME] Adjustable Holder Tablet Stand Desktop Mount For IPhone IPad,1073380538,Điện tử
train_2280483072,8ca3556e94e38b879dec0e29ae6d51b8.jpg,a7f45e811989987b,Sleek baby loundry 450 ml,3565023295,Mẹ & Bé
train_3725088370,2508066a5e480b44b44db2de926ca2d7.jpg,b19e4d3490c79ccd,"Masker Kain Oxfrod,Masker scuba,dan masker oxfrod 2 lapis  Grade A Tali Sambung Putus 100% Oxfrod",1653451746,Sắc đẹp
train_973648209,a75890cf09d9c9487ee3530d856ab456.jpg,fad28daa2ad05595,Perlak Sugarbaby Organik / Perlak Bayi Karet,997220911,Mẹ & Bé
train_1322817981,c9fee6cad2614a6dc03a1bbbebe3eb10.jpg,9600803fffd5a3c3,Mutouch Goat Milk Shower Cream 1.000 ml,3933439401,Thực phẩm & Đồ uống
train_2187550520,7e1fb3c0c634c47cd2ac2af1cb2d718f.jpg,d805ef72f163c05a,FRISIAN FLAG SUSU KENTAL MANIS POUCH 560GR,217144336,Thực phẩm & Đồ uống
train_3569167892,5b55b6fa7ab3b284cd24bb85acda0260.jpg,bfb4c09287f2c869,Lemonilo Mie Instant Sehat 70gr - Mie Organik / Lemonilo Mie,3123493047,Mẹ & Bé
train_2815760406,6ac317f3749050a6412e2396a2b8192a.jpg,b964c69b6d643c31,Dilmah Exceptional Berry Sensation Tea 20 Leaf Tea Bags,750738208,Phụ kiện thời trang
train_891764936,ba88dbede174a346e9551b88409a5095.jpg,bfb4c20bb4d40bc3,"Sabun nuvo family 80 gram , nuvo family soap, sabun mandi batangan",1916852028,Phụ kiện thời trang
train_2802785641,438421fa966af7a1862aef74d01bcad4.jpg,bec3d0959495b435,Susu Indomilk Botol 190 Ml Isi 24 Botol,1227692750,Thực phẩm & Đồ uống
train_1376374920,f8dffc11421fdfa6ec573f95d6dc0418.jpg,ea96609cb76c9668,KOREK KUPING SENTER LED NYALA EARPICK FLASH LIGHT LAMPU ANAK SOUVENIR,3545898525,Nhà cửa & Đời sống
train_744777001,385f1e8c853171c48ca6e9c81065f302.jpg,eed4580d26b399ac,Masker one med Kids buat Anak- anak 3 ply.,1673078531,Sắc đẹp
train_1019963663,3686be825baa668c4e522eb838878c75.jpg,a29cbfe3c304817d,Keranjang Baju Kotor / tempat baju kotor  Motif Lucu,523074739,Thời trang
train_2502151735,96bbfbbeb99c965c9326a412cec5a9aa.jpg,ee99e44b916699a4,Earphone Karakter Lucu Cute Lovely Rabbit Bunny Headset Handsfree Ada Microphone MK164,1576131659,Điện tử
train_3023221946,7527c1e3e74ad8deb95052661348949a.jpg,b8c96666cd32393c,Lentera Solar Tarik + Senter Tipe 5800 - Emergency Portable Lamp,2231198508,Điện tử
train_2397162101,b67674488cc65c2f5043dae9677ba857.jpg,be3c8dc3cc939443,pompa tabung sepeda serba guna stainless Exotic - Atlantis termurah berkualitas,2545441987,Phụ kiện thời trang
train_2997151848,d5361cb1c29ebfad53808f20026c96d6.jpg,bdcec2388f2dd430,BOLA BASKET SPALDING KULIT NBA SIZE 7,2892209757,Thể thao & Dã ngoại
train_3237737360,d88a0dee34599d4e9289723b034729f7.jpg,da52e24b5e1e91e2,AM413 Alat Perasan Jeruk Lemon Orange Stainless Steel Extractor PRL,2544783024,Nhà cửa & Đời sống
train_294896117,59ee3752d31ebc91a93fbe7b8ca73ba3.jpg,ae1691a9f2e16ec2,Celana Dalam Sempak Pria Isi 3 Pcs Biortex,2398175318,Thời trang
train_1922564626,9c487970460281b01aac17402d852b40.jpg,aee2d01d2fe2380f,original Innisfree my real squeeze mask ga jual.kw kw!,927285629,Sắc đẹp
train_4187325374,b62218bb4f08f1d536ba44ff38b8b103.jpg,b09c91c7839f1ec6,[ Mz 26 ] Jersey Olahraga Baju Volly Kaos Bola Setelan Futsal Voli,1013339050,Thời trang
train_772273603,aa5cb5ab69b1e029ea64a7b0e17f2b33.jpg,a4a7d8887718c79d,Bebek helm aksesoris motor mobil baling baling,1006857895,Nhà cửa & Đời sống
train_2202522259,d2068628db350078a6519d6deee28669.jpg,ee8da3f7d028c069,Tas Sekolah untuk Anak Perempuan Anak Laki-laki Sekolah Dasar Ransel Besar Nilon Kartun Cetak,2725376267,Phụ kiện thời trang
train_1928431856,ce9f1399c5175c91f5735f128f99b44c.jpg,af95c29a8695c61e,Bio Nervee BPOM Bionerve Energy Boost Up Produk  Setara Biocypress Isi 40 Tablet murah,124064863,Sức khỏe
train_2551549610,baafe364825348f53308c9ec4122c369.jpg,ffc3c00626ccb535,Kantong Plastik ASI | Plastik Air Susu Anti Bocor GEA Baby | Breast Milk Storage Bag BPA Free,3926100920,Mẹ & Bé
train_4294120429,dce4dab91112db6c4b5d518e21f10448.jpg,f6d98134b904b56b,[COD] SODET SET WARNA ISI 6 PCS / KITCHEN TOOLS / PERALATAN MASAK SUTIL SPATULA CENTONG,2156459496,Nhà cửa & Đời sống
train_2335515391,48bd37700cb4d84a7a30e364505a9adc.jpg,b7b4856b19c15a9c,Happy Call Grill Pan Alat Pemanggang,3893786536,Nhà cửa & Đời sống
train_1223291909,6c7e694415f878f2a67b320b45ad0759.jpg,ff80d03ac02f3a6d,Mouse Pad Murah 24cm x 20cm,1689060514,Điện tử
train_446568604,25b258257f065228f419c3275cabb6f8.jpg,ad92329536a63da6,Samsung galaxy A10s RAM 2/32 garansi resmi SEIN,640260500,Điện tử
train_3947101901,3ff21321ba43368b4358c4d9872bd2bc.jpg,aa16852dd8f093b7,Gaming mouse pad besar 300 x 250 mm motif peta dunia desk mat 30 x 25 cm black hitam,3886786784,Điện tử
train_3555259741,2492245148f2826411f125d4fb1c120a.jpg,c5609a8cf3cbf41c,BUKU ANAK BACALAH 1-3 CARA CEPAT BELAJAR SEPAKET (GROSIR),888840128,Mẹ & Bé
train_22286920,676fcaa620304b0b7afc7978d9c7191f.jpg,bfc5c83ca687c838,Emina Creamy Lip Tint,4094230441,Sắc đẹp
train_1508140374,5a3be935b6cd12d13b2d7c5dd210969e.jpg,be946db46d1a68c8,OBAT DIABETES HERBAL Alami (Gluconormix ASLI Original Membantu Meringankan Gejala Kencing Manis),4242193834,Sức khỏe
train_2280749427,9e0eec46b8750cf8180b4a7dc8e51c51.jpg,ff24a2206b5bcb62,Susu UHT DIAMOND FULL CREAM 1 Liter exp 2021 (BARANG FRESH),3336192469,Thực phẩm & Đồ uống
train_23536934,34a25ee8828b368ef0c2c5c49d143239.jpg,ecc7c6929296c639,KIPAS ANGIN COSMOS  TWINO 2 IN1 16 INCH LOW WATT BEKASI 16 SEN,2449274938,Gia dụng
train_3345581488,dc6533c6f7d68e3eb9416fc8573acb87.jpg,d4c01aab2fd53e61,Kaca Rias Make Up Lepas Pasang Cermin Persegi Portable Beauty Mirror L14,189460495,Điện tử
train_3021559543,30d1f01becbbd9b351ed399dc88f044b.jpg,be91c06a3f91907e,QYID 20cm mirror glass top rotating rotary display stand turntable show holder,1835501581,Điện tử
train_1352213621,3b2012e8faedadb55ab5ce4a55ec8bab.jpg,bdc4c14d7733d403,(16PC=1KG) NEW STYLE 2020 MAGIC WATER BOOK PB 180 BUKU GAMBAR MEWARNAI ANAK - PULPEN TINTA AIR PUTIH,925894523,Nhà cửa & Đời sống
train_4002415752,7f85bcd1c7c04d0a97aefd803cc29e35.jpg,bc32e363938dc253,Multi steaming pan merk advance c18 / panci elektrik multifungsi / panci listrik / hiter mug listrik,198216033,Nhà cửa & Đời sống
train_1341196644,863cfd0fb1b8356fba04f4caed8c9fd3.jpg,d34ccc71359ab392,Kitashi Hand Sanitizer Wild Strawberry 60 ML - Isi 2 (Anti Kuman),2805936697,Phụ kiện thời trang
train_2011167048,c007c86b33ba696dd4f583650114ac50.jpg,8de8f2170c6e63e1,Meteran 5M Tukang Bangunan Roll 5 Meter 5 M Jaket Measuring Tape Rol Measure,3588697550,Nhà cửa & Đời sống
train_2292167266,f50f2fc6d2f1ca43509f8b603f9f4cfa.jpg,b89e87c928e631da,Kabel AV PS3/PS2,576717309,Điện tử
train_4015737225,aaae69e62615b35ca49e7b112e4ddd4d.jpg,faaa615e9e212b1a,SPEKAER BLUETOOTH J006,2876907483,Điện tử
train_969405326,66f2fbcd6e5aeb312462fc15211e5495.jpg,bf951f946ae160e0,Penggiling Daging Meat Chopper Philips HR2939 Pelengkap/Aksesoris Blender untuk Type HR2115 HR2116,3614834240,Gia dụng
train_2601019757,8a2c0d61a3f5f2d9e9df5644c0170ab7.jpg,ea48906cb7a7b991,Tsuki Soap - Sabun Tzuki Original - promo Beli 2 gratis 1,3489985175,Sắc đẹp
train_563561141,4a722d6816a90f268310f515334867f5.jpg,e69999b299668ccc,[Tube] Hanasui Naturgo Lightening Peel Of Mask 60gr,2701575241,Sắc đẹp
train_381384569,d29462acb491fb78bebe18ddd55a2397.jpg,ec91931cce6f1c64,Battery Charger 18650 2-Slot Standart,3480496853,Điện tử
train_1526015275,bfdd5e1c7fdfbbda2ccac1d497c9b3fb.jpg,ef1695ece2319982,kabel audio 1 in 1 hitam,2630440468,Điện tử
train_4032051158,4bbdd0984ba2c46452782c28b703fcb2.jpg,c069c59e9e639a93,Hanguard - Handgat Tulang Besi Motor Klx- Supermoto - Xride - Beat Street - Trail - Cross - Dtracker,3179803979,Nhà cửa & Đời sống
train_2977574088,103caa961b1b33e3350e5b06d2b4b6e9.jpg,f67b1dc53284849b,\xe3\x80\x90CAKE TOPPER\xe3\x80\x9110pcs Topper Kue Bentuk Bola Warna Emas Dan Silver Untuk Pesta Ulang Tahun,1215202454,Thể thao & Dã ngoại
train_818254376,76fdea83164b4774a0e256e0395e283c.jpg,edb59246e891d2e2,Setelan Oblong Pendek Bayi & Anak Miabelle KN01,814731988,Mẹ & Bé
train_2870388328,21cf0d43d08196fbe61ec4883bfd29f0.jpg,e68b9c74596872b1,Soft Case Simple Warna Polos untuk Samsung A51 a71 a10s a20s a50s A10 M10 A70 a50s A10 M10 J2 J7,2988525433,Điện tử
train_1448773012,807165a40e439d4cadfe94bfc0b7ed09.jpg,e4b3cf8c43b32459,Herborist Sabun Susu & Beras Putih - 80gr,2110001139,Thực phẩm & Đồ uống
train_1031062298,9e365c55a4df05db940b7e8bc14b795d.jpg,fb84958684731fb1,sandal baim  merk komin,2687055482,Phụ kiện thời trang
train_1352092532,4aba7560e627d0ffa18c1fbe2deb5027.jpg,f281d2595b65e05e,Isi daya USB\xe2\x99\xbb\xef\xb8\x8fTimbangan Badan Dengan Varian Warna Timbangan berat Timbangan Mini Timbangan 180kg,3527526514,Điện tử
train_595847435,2ef7a459c29e16fa0aa093feb16eeeed.jpg,ab08c665d3f2e992,[ CH ] BABY TOOTH TEETHER / GIGITAN BAYI MODEL BUAH,3326267479,Mẹ & Bé
train_1223629735,0e754fd482c4bed03690992b15247763.jpg,bcc2c35a1c3cc3a7,(COD) RR AURORA - Tas Selempang Wanita,1957515419,Phụ kiện thời trang
train_1166421184,4a023465c018acfb6f29cabb871ae7d6.jpg,e06495db3b69606e,\xe2\x9d\xa4\xef\xb8\x8f TOKOKOE \xe2\x9d\xa4\xef\xb8\x8f | Dompet Wanita Fashion Classic Original | Dompet Cewe Dompet Korea Tas Gadget Import,1087761514,Phụ kiện thời trang
train_374915499,56f545310936b945c754b74c0513c7cf.jpg,ecb494cb93b1295a,TAROTARONO!!! - Fancy Bottle 350ml ECER HK 72K,4016959315,Gia dụng
train_2463325324,8577beb91be2dec9606868a0c5c254ce.jpg,9cb1420defca2d87,MINI KHIMAR SWAROVKY / GAMIS STORE / HIJAB / PASHMINA / VANILLA HIJAB / KHIMAR SYARI / HIJAB,2594065762,Thời trang
train_2622487390,75c6396b86757c3d418877748303d6c7.jpg,af0f9f303ce090b6,Anak Earmuff Masker Topeng Kartun Penutup Telinga Pelindung Telinga Tahan Debu Versi Korea,175669478,Sắc đẹp
train_395553446,63b9fa8ad87cc20982f72a18cbe81192.jpg,ae64b97ca11599d8,Sepatu futsal specs accelerator lightspeed II pro in,2022952558,Phụ kiện thời trang
train_30062764,330474ed6393fdf46b3c5c1635d7bb45.jpg,ef90900b932f962f,Original Case iPhone 11 Pro Max / 11 Pro / 11 ESR Ice Shield Mimic Casing Cover,3425767479,Điện tử
train_3792097563,bd7b0de81ee9bd3125aaf202477709da.jpg,b33cc4073e7869c5,catok rambut mini 2in1 bisa lurus dan keriting salon portable,397780484,Điện tử
train_1398726408,fc96d970cc8c61f301ccc8ce4210e822.jpg,af58e4818a2f17f4,Sarung Hp Waterprof/ Sarung Handphone Waterprof,3432029652,Phụ kiện thời trang
train_4068658257,4bf11dc968db964733967e76e99199b2.jpg,bfc7e088b4eac03c,ePembalut Herbal Avail pantyliner Hijau,2129068965,Sức khỏe
train_1732983877,c54208cc7116745eb01e1b891e64644f.jpg,dee18017eb4a952d,blueray168 - DOMPET PANJANG WANITA D665-1 IMPOR - FASHION WANITA,2238429540,Phụ kiện thời trang
train_3612922519,31ec2189cd89ae8f8f851b7b64286469.jpg,c1c193bebe1ee061,KELFI BAJU KAOS BAYI / ANAK CUTE,1142038310,Thời trang
train_3538451822,e34eb3ab7062d62eab31b2f3bb19dc19.jpg,eda1dfd680029e1e,Bluetooth Audio USB External Soundcard Live Broadcast Microphone Headset - V8 Plus - Black,3144637630,Điện tử
train_1805521792,6a6880cc0268bf2ee9d24ca8366213a1.jpg,b3cccc33cc338c33,PISAU GRAFTING cangkok okulasi ukir buah knife fruit LOKAL,2020306257,Nhà cửa & Đời sống
train_3643954029,4a61786ac3e42fa566dc41bc7d197154.jpg,bf1cc04fe6e64191,YEGZ EYELASH KODE HW-08 / isi 5 pasang BULU MATA PALSU / KIMBERLIN,1664263101,Sức khỏe
train_2135371226,d714d18e966bbbaeaa8c58120b824970.jpg,ebca8ccd8ea58d42,Celana joger training sepeda pria army camo loreng pant forward,1639806754,Thời trang
train_1426749974,b2a7991fcf717f32cd23161548ac1118.jpg,980cae57b5a3e8f0,Papan tulis anak free spidol+penghapus+Tali beli min 10pcs harga 30rb,3386510564,Mẹ & Bé
train_4265884653,4812e9df89c8ac537a50b818a7236033.jpg,c16e2a916ed1d03f,EVANGELINE ZODIAC SERIES PARFUM 50ML - PARFUM EVANGELINE ZODIAC EDP 50ML,3764168832,Sắc đẹp
train_2417332944,6c37d3e1187c3e78c009d94cfcabd3cd.jpg,fb07c909ce69b590,AS3B568 mainan edukasi mini lapptop 4 bahasa ada Layar,628053294,Mẹ & Bé
train_253308295,0bffa73b1faa6c2fe796cd0375693318.jpg,ec39c2d2b707911d,PROMO!! Tas Selempang Wanita Gantungan Motif Rusa Mini,1387067558,Phụ kiện thời trang
train_3068298771,755e2a6d0e179276120eeb329b4a9db6.jpg,c464ab5b2a5d95d2,Set Jepit rambut Hair Pins Korean Style pearl Aksesori rambut Hair Clip super stylish,41554681,Sắc đẹp
train_1026612194,557726ac40dd5731c6b32f4467caf331.jpg,ec9b85605a2d337c,WW Celana Dalam GT MAN - GSF01 - Pakaian Dalam Pria - Isi 2 pcs - Brief Spandex,4116280302,Thời trang
train_892188014,32826300c02d7ddbdcb31899b46f74ba.jpg,eb4a6ae1cb8cb461,Bumbu Bali Bamboe,2711633818,Thực phẩm & Đồ uống
train_91100383,7c3ff396c791c0284854d82571409b88.jpg,a996c669c6369969,KABEL HDMI 5M FLAT VERSI 1.4 HIGH SPEED,2352146569,Điện tử
train_1111253649,747057c7b7fd43b9e0b2057c6e95b23f.jpg,be95914ac2784db5,Edufuntoys -  WOODEN KNOB / mainan puzzle knob murah/ puzzle bakground,728791874,Mẹ & Bé
train_2668012397,ad2f68165cec2c9a48764d3a775f37b7.jpg,bce8c09c9337a7c4,Kaos Polos Lengan Pendek,1191459008,Thời trang
train_1082570816,cb33371381392f0caab53b7b7f38de80.jpg,ea4c7c3695b1a1c9,NEW..!! KUAS TABUNG MAKE UP ISI 12PCS / BRUSH MAKEUP,164698800,Sắc đẹp
train_1839602894,d94b61d8e3645f987744fb0399719717.jpg,8cb33e9261fc70ac,SC!!!Jepit Rambut Bobby Pin P001 Hairclip Hairpin Aksesoris Jepit Rambut,944479978,Sắc đẹp
train_3233948981,341846cf10b9b063f00893bbf570158f.jpg,9e2fcbe2e0c81c35,Kasur Bayi Lipat Kelambu Set Baru Lahir Murah  bisa bayar di tempat/cod premium quality,3735637542,Mẹ & Bé
train_2567142329,1574e47b1bd691032a35c87f3f3d1032.jpg,bec382b6cc19f04d,JAM TANGAN DR FASHION WANITA RANTAI MAGNET IMPORT,469790690,Phụ kiện thời trang
train_3722285029,2d9b79269fce2c777423a38eb95d3aed.jpg,e39796cc98e49869,Natur Hair Serum 60 Ml,938708654,Sắc đẹp
train_2490951609,e4fc13d07155fa27f01511f8083aa638.jpg,bf844888395f6b8d,SET SIGI KULOT TERMURAH | KULOT ZOLA BABYTERY BEST SELER !!,1568401524,Mẹ & Bé
train_3088241402,f6f88e3cd7b9b70dd69036307fccfcd2.jpg,b7e1a5a56d24ccc4,Bee short pants / celana pendek anak terbaru,2369462310,Mẹ & Bé
train_684976348,e3bb9127f9721a066668771ec416690d.jpg,ea6d3d134a6d3c12,Alat Pengocok Adona Kue Telur Elekrik Airlux Hand Mixer HM-3060,42154368,Nhà cửa & Đời sống
train_3376858066,6c0986fc912b7fd28fe6fb18eae8ea0b.jpg,aecb96b4c99bb024,MIAO adapter micro usb to usb 3.1 type c - otg type c - konverter - android,4038613836,Điện tử
train_2180674709,329843e06165c04d394b04c8bc714c81.jpg,fac1853ade2d3892,Stick Touch Lamp Stick and Click Lampu Lemari Lampu Tempel,1317491259,Nhà cửa & Đời sống
train_921688511,36a9d3d20b3d724683560ea696d3f00f.jpg,e263959d95626a56,MOOI Setelan Baju Anak Retro Set / Setelan Kaos Retro,1590500659,Thời trang
train_2507582602,9c9a1daa17c0287d781691cf47227e38.jpg,f8071607c739adb8,JJ Panci Listrik Serbaguna Multifungsi Elektrik Cooker,4136088634,Phụ kiện thời trang
train_3781354024,63b72029483dc999ad7a796661bb8a50.jpg,cb81b56ba83ec4b4,HOT Skuter Otoped Anak GROSIR,1565987836,Mẹ & Bé
train_815631944,52ad9ce5c1953a3c1c08f0b92202ea77.jpg,aee086368c7b623e,"[ KEMASAN SACHET EKONOMIS ] SUPER GOAT SUSU KAMBING ETAWA BUBUK GULA AREN, Supergoat Pengganti Asi",738311448,Thực phẩm & Đồ uống
train_1742471045,c61b80072c7756c63f07b65d31c33edc.jpg,e5ae9a839a61649e,BANTAL SILIKON ANDES n ZARA AISYAH MURAH MERIAH N KWALITAS OKE  BANGET.(HARGA  PERPCS),459746904,Phụ kiện thời trang
train_2042899898,b9196a36ab51a96ddfecef0143384b30.jpg,b3b64cb31999664c,Dear Me Beauty - Perfect Gloss Lip Liquid - Dear Natasha,1468419413,Phụ kiện thời trang
train_285473479,3948b49892151d5fea66f919c5984537.jpg,c8fd4a048d8bb6d6,Winzige 10Rolls Basis Colourful Slim Masking Tape Set Planner Washi Tape Decoration,318221956,Nhà cửa & Đời sống
train_3928568508,792e616ddd7f103de5da193c5213f96f.jpg,b530fb0a48588f6f,Frisian baby tahap 2 .800g,2237713903,Mẹ & Bé
train_4031253781,f5fbb2db7f2de8adac3a23ba81f80abf.jpg,b886999bc664c5cb,Samsung Galaxy A21s 3/32GB - 6/64GB Garansi Resmi SEIN - TekanBuy,3968894993,Điện tử
train_662295241,41d3627f0e416b04b8077e0d80c5556c.jpg,c2613f9ec8e19663,Jarum Sim Lock Tray Injector Eject Holder Iphone Xiaomi Oppo Samsung,1121466002,Điện tử
train_1388655852,c3908dfd795279bb89cd4932ea15f5d8.jpg,ba1cd24bc5a5618f,CONE MANGKUK ALAT OLAHRAGA LATIHAN KUN MANGKOK MARKER SPORT,596811522,Nhà cửa & Đời sống
train_3679315798,92dc9a64f0c97231830feb7afb8d9452.jpg,becbc1b4c24b2e34,Kertas A4 Paperone 80 gsm 1 Ream,885968235,Phụ kiện thời trang
train_3641591765,e1b2bb205c1c3ab42d24da4ee415e082.jpg,d5d64a683a866b9a,BISA SATUAN BEDONG RAINBOW BAYI BEDONG SQUARE BEDONG SEGI EMPAT BEDONG muslin,1137625414,Mẹ & Bé
train_1620872858,c0b397fb55d5cabc349a2ff035544b4e.jpg,c48191be793e6f21,Selimut Carter Double Fleece Topi Bayi,2714204921,Mẹ & Bé
train_3495058853,654f743c7d5810980d9e66f3aa3f5084.jpg,b4e3c326cb3c8b38,[fassystore] Tote bag kode MOTIF ELPINO,2291503767,Phụ kiện thời trang
train_2870295614,0fef5b3494ba2526914016abff9f47fa.jpg,84ef32c12f94f4c3,CHARGER OPPO VOOC FAST CHARGING,171721650,Điện tử
train_4015272346,a09e428ff4ef20629ac810ad8d901f1c.jpg,db4731cc97703833,SRITEX MASKER KAIN NON MEDIS,3107108483,Sắc đẹp
train_1413352170,527b569018ced047e834e7c685089484.jpg,cb34f40fd089b275,Kertas Transfer Paper E-Print A4 - Kaos Hitam Isi 5 Lembar,4243912284,Phụ kiện thời trang
train_1201869749,672142d03aae4cbf7689e2bf72024665.jpg,e585dac58872a75a,"Kabel Data Micro usb Robot RBM100 100cm samsung,Oppo,Vivo,asus",1186806654,Điện tử
train_937817409,7333769555145d7c8a8bfd68e5ca88d1.jpg,bb99b4ea4a043d27,Sandal Reebok - Hitam Slop Kuning,1929952991,Phụ kiện thời trang
train_1088209506,63a89734e48ebabfb430425438c14f7f.jpg,b331cccc999a3333,CETAPHIL Moisturizing Cream 100g,109743541,Sắc đẹp
train_2373862435,038cf1d2ffaa2bdfec0802f21bfb9819.jpg,b199968b38928e6f,Masker scuba logo SD SMP SMA,3114991641,Sắc đẹp
train_354256073,313efddc507378040c853dbcc740ebca.jpg,aa51c16a95b4b5c7,3 Setel - Velvet CPR - Zootopia zoo Topia - Baju tidur piyama bayi dan anak Velvet Junior,3767540559,Mẹ & Bé
train_535401545,92cec1d31eba8bccf2186f5c5bc6235f.jpg,c91c36d9c1733963,"Parfum Mobil Kopi Bali // Pengharum Mobil Aroma Kopi Bali ""ORIGINAL""",732573709,Thực phẩm & Đồ uống
train_3815249797,cd0df316c0d4581036e61851a648da8a.jpg,c58f95f0324a5e63,VSA134 Pegangan HP Jepit Tempel Kaca Mobil - Car Phone GPS Holder Organizer,3213182368,Điện tử
train_23153029,7a4f15b9c332ff109fa7a52931aeebb4.jpg,b4adcdd2321b2d68,The Simplicity Flush Blush by YOU Makeups,4088706070,Sắc đẹp
train_1744586363,ea85eeaa04a3fbca8c5bba2f5d2ea239.jpg,ef1fc0c0966b9c32,Eye Base Gel-Pelembab mata,3455485784,Sức khỏe
train_2583658022,abd51da98a1d461ec8f508081fdde8f7.jpg,c73d6070f3a1a327,KUNYIT MAS KURAMO TEH HERBA ORGANIK,3853097935,Mẹ & Bé
train_3379387160,d25109d013f695c825c889cfc2b4bc9e.jpg,ed38616f926cc632,BUMBU MASAK BAMBOE BUMBU SOP,4159093852,Thực phẩm & Đồ uống
train_401244684,a82163f2120e387a16a3ed8a9cb6cc82.jpg,d143d3d67c3c29a1,ORI BPOM Salsa Dynamatte Lipcream - Lip Cream,1201602115,Sắc đẹp
train_2567948623,92118efacf972338da6b7e6fb73b8d23.jpg,c298b967b967c612,Xi Xiu Lipcream / Lip Cream Satin Matte With Vitamin E,751168734,Sức khỏe
train_776624905,b7f6e6b800ab19c8ac98ce3ceb6f8a85.jpg,8e86c3987e0b372d,TAS IMPORT CANTIK E364/T07448/L1572/C7012/B2594 TAS JAKARTA TAS CANTIK TAS MURAH TAS GROSIRCODE,4289436741,Phụ kiện thời trang
train_339450841,55a78ba661848415809c26fbdf4a9ab8.jpg,bf95c2cac42ec159,Susu ultra full cream & coklat 1000ml,2834073373,Thực phẩm & Đồ uống
train_541270951,d163654b5bbe535780907707ed8860c2.jpg,ebe9318706c68e96,Sweater Pria Kaigedi Jumper Sweater Fleece,1081552197,Thời trang
train_1842280217,fed511ef5157b9954c49e695f640e8c7.jpg,d23139385ece4eac,Dove Sabun Mandi Cair Deeply Nourishing 550 ml - Sabun Pump Body Wash Sabun Mandi Sabun Cair Pump,1852807106,Sắc đẹp
train_647061299,2b11e71921af373b338ceb4486041ecc.jpg,ce93936c6449aa97,ALAT PIJAT KEPALA BOKOMA MURAH,378982106,Nhà cửa & Đời sống
train_4035834793,df7f6f519fdb1733414829b34b491d12.jpg,b3f1f81cc11efc40,RINIA GAMIS BRUKAT KEBAYA TILE OUTFIT KONDANGAN PREMIUM BRUKLAT MAXI DRESS BUSUI FRIENDLY MODERN,2174165912,Thời trang
train_893745489,4c164455a29d608cbe06df052b1623ad.jpg,b3b34c8c4c8c7373,YOU Golden Age Illuminating Day Cream 18g [Total Radical Protection with SPF 30 PA+++],791476097,Sắc đẹp
train_2252401861,6bf4d2d98e30618245ca202c0484f8cf.jpg,fe4ac1342d81367e,Panci Listrik,1226500780,Nhà cửa & Đời sống
train_1905440719,e0edbb8268b936bd890af569eade727b.jpg,bec9c1263f99c036,[Pengiriman Jakarta] Kacamata Thug Life Pixel,3322013763,Phụ kiện thời trang
train_3824114445,e5c6ed0febf1f77cec89c9cbb4dfe154.jpg,bf3dc162c0a12f3c,FYGALERY KAOS KAKI MOTIF BERUANG/LOVE/GARIS FASHION WANITA/PRIA KAOS KAKI MURAH BATAM IMPORT,2164810839,Thời trang
train_2357168229,e089b7618af708e339beee23471f15ea.jpg,e292adaf50e46a9a,Kaos Kaki Motif Polos Imut,1091404026,Thời trang
train_32331620,9b193620f6197dddd51571dc2c9b717a.jpg,ede1ca3c9491b31c,Alas Kaki Sepatu Shock Absorb Gel Orthotic Arch Size S - L Black,4176822205,Phụ kiện thời trang
train_2348814033,2a2fa4dd0d1c1264c22ea6379bd1069d.jpg,d6d6696989a9892d,Primacat 30 ml Obat anti diare kucing,3667492470,Sức khỏe
train_3901996972,e05cd54f872d5200a0a43aff5eb5fe73.jpg,aaf1a766d5609d0a,Renata Dress,1529681595,Thời trang
train_1765712908,87b10a40b9a61ff55cd94eb821b5662d.jpg,eb9b9e07852db414,sandal japit santai anti kesemutan bahan karet,3941778140,Phụ kiện thời trang
train_1010570497,8ec404eac18cc1159ab5fbed49fc3238.jpg,ea99c48dd86a919d,Frestea Botol 500ml X 12 pcs,3163966185,Nhà cửa & Đời sống
train_142663194,8a9b4bad12a09b12709572a6d6bfe3f3.jpg,b9e2469d9b56e148,BOS170 Cetakan Telur Karakter Stainless,2092743282,Nhà cửa & Đời sống
train_2496482426,77b8bc0061c7e986f9d5ee7eeb5ab392.jpg,ea78b5878994998d,Maxim Suki Pan 26 cm - Panci Shabu Sapo Sekat,3747710766,Gia dụng
train_586900986,682245e520aace2d423232a1aaf73407.jpg,efe0b230d094b5cd,[1 KG 33PCS] TOPI KUPLUK BAYI POLOS / TOPI ANAK UNISEX,185142711,Mẹ & Bé
train_2358148756,aa0cf7a0e1e85ed214b5be3ed80fcff4.jpg,f30919a6c5f4a5d4,SYB RED JELLY GLOW SERUM ORIGINAL SYB FORTE,4094795400,Sắc đẹp
train_1799713564,fc3e15bba5447dbdc1e3caa2ec66f98b.jpg,aec059bb71cc3b81,Sepatu Nineten 910 Noru 1.5 Abu Abu Muda running training gym,2398901595,Phụ kiện thời trang
train_3657959710,cc292c5975f06a28ede087409d17dcb6.jpg,bbcc93238c33cc33,KABEL DATA OPPO 2A A33 A37 NEO 7 9 F1S NEO 5 F5 F1 R9 ORIGINAL 2A PACK ORIGINAL,3084987355,Điện tử
train_3691307451,68482fc65c7b6ef75b1f3aa184a87e5a.jpg,cab1359765c16ec8,Paket Mediatech Digital PH Meter Dan TDS Meter Alat Ukur Pada AIR -,1923057117,Nhà cửa & Đời sống
train_3494373743,7434448dd747f4924a60f2c6d1536f0b.jpg,e419c6e7983e99c4,Jam Tangan Pria Ksport Digital Size Kecil,558174567,Phụ kiện thời trang
train_2089477188,7c22a418b92df2a7137648c90716a225.jpg,ed9290938e7ac965,Chino junior premium  6-10th celana panjang anak little Z,3050187782,Mẹ & Bé
train_2275467687,a97be3f9fa121371c057b8b8157a304d.jpg,e90f3a0f0d69b16a,Nutribaby royal 1,354095452,Mẹ & Bé
train_2681268381,ead0a1c2b629822c5bce8a42ffc0572d.jpg,8f52501b67fc9c83,Amplop Card Holder Saffiano 6 Slot--grosir--,1056386034,Điện tử
train_600234724,603edcfcb4aa9bf40f241402e66df0c0.jpg,dcb11305ceecc5c6,Walatra Propolis Brazil Original With Nano Teknology Obat Tetes Terbaik Propolis SM Brazilian,2933434851,Nhà cửa & Đời sống
train_2600730584,eff090a91676ddf10abd682fe2125670.jpg,ae8fc172f170cc68,Mama Bear tea/tea pelancar asi/asi booster,1088754866,Thực phẩm & Đồ uống
train_319208928,2743c1f58c1b3d1c15ff1692a6b09430.jpg,c67839e106d4d72b,EUFLORIA (Asabell Audida & Abimanyu S. Nagara),2945792466,Thể thao & Dã ngoại
train_1257726382,6ab3e73f16d9a906e8180ed7762358d8.jpg,fe4689a98156665e,CIPUT RAJUT / BANDANA RAJUT,2943190190,Phụ kiện thời trang
train_1481257436,cd2ffdfea31b666fb5e6ef308e34276c.jpg,b96b6369812ec669,Bumbu Bamboe Nasi Kuning,1285882271,Thực phẩm & Đồ uống
train_2930533628,cd626d8cda479be9e32fa95d7b2b21f0.jpg,aab4d54bc020d5fd,Kaos polo shirt berkerah polos XXL,2959899165,Thời trang
train_3883510639,20c4b4411c8f123852848e7cde8f5438.jpg,8afe80e23e8730b7,cd gt man bw 704 I celana dalam pria merk gt man original full waist brief katun,895665581,Thời trang
train_1027818065,c286f8ac287622e33898e7049961c395.jpg,bfeaa5114a2f9483,celana anak chinos chino harian panjang distro street laki -laki cowok 1 2 3 4 5 6 7 9 10 tahun,3305869421,Mẹ & Bé
train_1253371631,4c8895a697013af9ff97c0371430ca35.jpg,ffd0076963354872,Luna Mini 2 Facial Cleaning Blackhead Acne Removal Electric Facial Pore Cleaner,1760523130,Sắc đẹp
train_2864876417,1bc0d770b7f8ca065bcca1de9035db72.jpg,af10d02f2fb4d06b,TEST HAMIL ONEMED - TESTPACK ONE MED,2999794436,Nhà cửa & Đời sống
train_1966034422,9e70548fcb12bdf8c0f21481b2f4a4c0.jpg,f88a83aa4e073bbc,GGS HL0071 PENUTUP MATA KARAKTER PANDA SLEEPING MASK EYE COVER IMPORT MURAH BATAM,3876021622,Nhà cửa & Đời sống
train_2883076277,709914027ef1b896061010e19488f1c0.jpg,c8c85d9790f8c9ce,Sandal bulu korea,2404069120,Phụ kiện thời trang
train_310325284,270c1a3502414cd928e56c50dbce71ae.jpg,9bee4a19e811f153,Tassel Simbori Sangkutan gorden,576097604,Phụ kiện thời trang
train_3134568514,644cc6df211672a582c6d4231c6c540c.jpg,e8b8b4c8d3660f63,Monster Zap Mainan Mobil Mobilan Jip Off Road 4 Drive Inertial Bigfoot D400-1 Safe Material Kid Anak,3823066742,Mẹ & Bé
train_880698637,f2a3cf1ee4ac8e38b615d5cad359e343.jpg,d5356a272f686d22,Satu7an KM02 KACAMATA ANTIRADIASI PRIA-WANITA  KOREAN STYLE KACAMATA FRAME BULAT COD TREND IMPORT,207683426,Phụ kiện thời trang
train_256896043,033737803638de239e414d14ed1ea1bb.jpg,bfdc52a1819994e6,MAXI FEEL,3240547545,Sắc đẹp
train_2422727042,f22c10f59e60febd314107cab532635a.jpg,b3cece388c738c26,Kerudung Hijab Salwa by AZKIA HIJAB,3768186621,Thời trang
train_124615880,fd365ff156e78e9d60c01d6c91c452bf.jpg,c0bd7f0318f0378d,Kertas art carton paper 210 gsm A4 isi 50 lembar,324897189,Phụ kiện thời trang
train_3896380700,5eed23a6b762f11650408db9a13bd530.jpg,a6347f37a60a8aa6,6Pcs / Set Bola Laundry Lembut Reusable untuk Laundry,2689154277,Thể thao & Dã ngoại
train_3485209887,ccbfb1c6cdadc9633aa8834942da8ef6.jpg,e09e34c00ff639c7,[BISA COD] Whitening All Perfect Serum 5ml,2016484835,Sắc đẹp
train_1581763045,fa7dd45d06adc675f8dc1d9625b7e1e1.jpg,81927f81d26dd07b,BERGO KHIMAR FATIMAH POLOS/ Jilbab masker polos /jilbab tali masker polos,1586392996,Sắc đẹp
train_3476037766,53539467b422426bb7124e23470cfc51.jpg,e9e49691c696c167,Diapro underpad / perlak sekali pakai / Alas Popok Ukuran 60 X 90 Isi 10 Pcs,2743539307,Mẹ & Bé
train_3095668229,f10bb5bbf19afc01fe79fc666b39f092.jpg,b7fac9a1c0559895,Ikat Rambut Elastis dengan Lampu untuk Wanita,3188098177,Nhà cửa & Đời sống
train_2965624403,21eef571556a6381756bf5366e57504f.jpg,b4c79330ce319b9a,Pampers Popok Premium Perekat NB 52 / Celana M 46 / Celana L 42 L42 / Celana XL 36 / Celana XXL 28,3728143984,Mẹ & Bé
train_2520580952,c1b854b10c0da34b5c1ca22c0ed1d1db.jpg,e4c7999c1f616619,Game Holder Gamepad 3in1 Standing Joystick Controller,627741742,Điện tử
train_3716985734,a7bb1d81605590668cf7e384de33145b.jpg,f8588785c5e6d235,Makida Babys Umbilical Truss (Sabuk Bayi Hernia / Pusar Bodong),3612765156,Mẹ & Bé
train_1038088836,bfc32c7efd39b80c86f727a69ded76cf.jpg,811fde783e4e2d48,INNISFREE MY REAL SQUEEZE MASK SHEET (NEW PACKING) (READY STOK) 100%ORIGINAL KOREA,927285629,Sắc đẹp
train_16207489,ce42ce1f019a3103b72108e70b5c8cf7.jpg,efc8a8969525ca2d,[RYID] Sarung Tangan Microwave Insulated Bahan Polyester+Katun Multiwarna untuk Perlengkapan Dapur,4000267419,Phụ kiện thời trang
train_3449250287,c4f59083df9364ccb4abf8075ee42f1d.jpg,eac0976eb167c09a,Kasur Bayi Lipat Kelambu Karakter Doraemon,3735637542,Nhà cửa & Đời sống
train_4148381363,e1f9b0132029d6da0f1bdcd24f31d35d.jpg,be2f01c8d2cdd1f0,Purbasari Lulur Mandi Susu Bengkoang 125 gram,1841533652,Thực phẩm & Đồ uống
train_3424980304,e29acabf14f4e6ac96529fdd3fb1eee3.jpg,d3cca47a5ba68c31,SOFA BAYI ISI DAKRON,4145374729,Mẹ & Bé
train_2627628435,158b92991c9cbdc936d4c1d6cbe8e1d5.jpg,b5b07b25efc42c90,\xe2\x9d\xa4\xef\xb8\x8fGTB\xe2\x9d\xa4\xef\xb8\x8f R108 Kaos Kaki Polos Bahan Spandek Plus Polyester Fashion Murah Import Batam Cod,1091404026,Thời trang
train_1467670421,9949c99b3ed2c1511be8a64ef71baded.jpg,f18fce18936c8c63,LB 662 - TAS DOCTOR HANDBAG WANITA TAS KONDANGAN WANITA TAS PESTA TAS BATAM TAS IMPORT MURAH 1212,3232998456,Phụ kiện thời trang
train_503105714,dd44b754f9e26bec02260ac1c35929fa.jpg,bb94384fb0cfc390,Meja ngopi laci paris rak minimalis,399694501,Nhà cửa & Đời sống
train_1387758757,3e03544cf93613804658697988d44da8.jpg,b92d9592d694c6c6,BONEKA BAYI SUSAN NYANYI/LOVELY BABY SINGER DOLL/MAINAN ANAK PEREMPUAN,1719174086,Mẹ & Bé
train_780863295,467a2b280cf6ce4c38ef05dc0c42f424.jpg,a3eedc319e44a329,N0026 Keranjang Multifungsi Tempat Pakaian & Mainan,2890017245,Mẹ & Bé
train_2933228453,205ce5ea4d8fc22c8658a09ac97bc05d.jpg,ce64c58bb8c78c6c,Morinaga Chil School Gold Madu 1600 gr,1913979011,Sức khỏe
train_3473245256,4477e599b8badde6257f914bb4fd71f8.jpg,c09167123c6d5b6f,Celana Chino Original Trondheim,495343890,Thời trang
train_491682715,dffb0740ace1b20bd3605b44988ec63c.jpg,e539c7948e269ce1,JAM TANGAN CASIO G SHOCK AW 591BB AW-591BB-1 ORIGINAL RESMI,3888390229,Phụ kiện thời trang
train_4249859007,5a3ccbff3fe02598c3633289aff0b5d0.jpg,f8b47ce0b199914b,BABY BANANA TEETHER,1956690507,Mẹ & Bé
train_305125151,1c7d851708ec6d0a75f8f26127e7c13b.jpg,b961851ed29cc9d6,Kurma Mesir Madu Premium 500 gram,1508531623,Thực phẩm & Đồ uống
train_606087047,94d8eb9d8e9a6496750aaa44d32ebea1.jpg,d1963e696cc6314d,Acne gell strawberry,2189047322,Sắc đẹp
train_1411113575,62560aac34fdf129a4ad1fe1de0d533c.jpg,fee0c9812789d15e,Selimut Bulu Karakter lucu dan keren merek ivanka uk 130x180,98561409,Nhà cửa & Đời sống
train_2336064338,d36a01fb6f3888ca6492baa77b79fc24.jpg,ca01f36ed9c1869d,CBNK 029 PLUS | Kasur Bayi Berkelambu Set Tempat Tidur Bayi Bed Cover Motif Polka Navy Archery,1767715658,Mẹ & Bé
train_106977066,eebc37f29d5bcd5ee0a632b7376534f4.jpg,f326ccc1e3329c36,RUFFLE CARDIGAN / KARDIGAN WANITA / CARDIGAN WANITA/ OUTER WANITA / KARDIGAN POLOS / OUTER POLOS,48363793,Thời trang
train_1302658454,ae29c62e02d14054d7a4bb8563c22f2e.jpg,af8085439e3bd19d,LB 582 - HANDBAG WANITA TAS IMPORT TAS KONDANGAN WANITA TAS DOCTOR TAS PESTA TAS BATAM TAS MURAH,3232998456,Phụ kiện thời trang
train_2073374355,d9093fbb00a2013aad7cbcd993d779ab.jpg,d8b5e4c21b464eb5,[ QUALITAS GOOD ] SENDOK POLKADOT 1 set isi 24 pcs,1706547580,Phụ kiện thời trang
train_1880769978,3279e76f3b4ab21b6367d71949b1ff80.jpg,949ef160ce95bb18,(100 LBR) SARUNG TANGAN PLASTIK MULTI FUNGSI SEKALI PAKAI / SARUNG TANGAN HIGIENIS ANTI CORONA,3484476637,Phụ kiện thời trang
train_3118377266,ecaf92ca1790713d0ec0428ef70c6ffb.jpg,e1649ec69e692669,[FREE ONGKIR - COD] Charger Samsung S6 ORIGINAL 2A Dengan  Kabel Micro USB Adaptif Pengisian Cepat.,2624935209,Điện tử
train_444788391,bb3d0fe9fab35000b628d7ee4d6819ee.jpg,b456c321cf8b9acc,Veger ROCKET DATA CABLE MICRO 1 Toples isi 40pcs,1186806654,Điện tử
train_1093756522,6714852bf773a7dd4d0025720a82e38c.jpg,e1899e26d89919f9,dbE GM500 Headphone 7.1 Detachable Microphone and Cable USB 3.5mm,3789952659,Điện tử
train_2565744689,99954915786bd15016ddab66ec15c52d.jpg,e1c9966069c3b6d9,Stand Holder Smartphone Universal Bahan Plastik Warna Permen,3497271632,Điện tử
train_500616211,cc66ece0d113404b955356bba34a3dc4.jpg,a9953ecec639c170,Crown WARMER Sterilizer 4 in 1 BABY MACHINE CR198 Steril + Penghangat Botol ASI / Food Bayi,3525624059,Nhà cửa & Đời sống
train_1100643213,c45735d00228323d881f70bd907c6583.jpg,af1b330dd2b0cc2d,"Kaos Training ""Wanita"" / Baju Olahraga Ukr L~XL",336207519,Thời trang
train_16742375,8181fec21c0ae5bd0ccd89fa3f03f357.jpg,cc6cb69a33338dc2,Botol spray semprotan 500 ml,1683383252,Nhà cửa & Đời sống
train_3772643271,c21631231fc6e40c046be82665bede50.jpg,bcad4909332a5dda,LED JALU LAMPU STANG MOTOR LAMPU HANDLE 2 MODE SEN MOTOR SUPER BRIGHT,2799192943,Nhà cửa & Đời sống
train_2311620397,b8f2c025ac0f8446b1c2ce1ef7984f76.jpg,eb99b666c4cc6622,daster piyama tidur motif bunga karakter ibu hnamil bumil busui ALFIYABATIK,2453599242,Nhà cửa & Đời sống
train_3236483424,14730735332f4634bdca8eed95fb5f7c.jpg,ea38b69685cd4b32,pt.yangguangtrading - blueray168 - Dompet Panjang Wanita 6016 Original Korea Tipis Impor,2067627521,Phụ kiện thời trang
train_2727067792,822621c8f8c34246f67709f7020a62ec.jpg,b1cec234cb326cd3,Lion Star Jepitan Jemuran Baju JB-1 / JB1,1702554643,Thời trang
train_1961623800,7a3efb376d22c56a2e9fb0aa0f93fbb6.jpg,e63399cc9999cc89,Nivea Body White Night Serum 180 Ml,1666545703,Sắc đẹp
train_2238050175,cf0f4206f0c5f1daedab429ed81d671c.jpg,bbc07c85e06a877a,(1000PCS) TALI HANG TAG TERMURAH HITAM PUTIH / TALI GANTUNG BAJU,672230980,Nhà cửa & Đời sống
train_3741232712,0163ecd19e6977a81e29c75252029533.jpg,e2969a6b983349b3,GAMIS PLISKET ANAK PEREMPUAN 3-10 TAHUN/PAKAIAN ANAK/BAJU MUSLIM ANAK ANAK / BLUS ANAK,3602809108,Thời trang
train_996743433,b948f5e59cd392c69297331b9528c008.jpg,c6e4999dc236b652,(1kg=6PCS ) KEMEJA RETRO PANJANG VINTAGE BAHAN PREMIUM WOLFIS PRINTING,3175683208,Thời trang
train_3560214552,8115b171a6569912d0ec6a9e9a39d62a.jpg,eec496194993d969,Clairine Dress,2281607626,Thời trang
train_4218151880,22f12ac100c0199cd070dd74e4e65a27.jpg,b633c8cc64e066bd,Highland Kaos Kaki Pria dan wanita Model Tak Terlihat Anti Selip Olahraga Sport Socks KK01,3255866275,Thời trang
train_3391234391,eb20cfb94b0795d73680ab70c77d9a92.jpg,b3cca1ebe4833893,DAFF 24 FLIPFLOP BELLA,4214786091,Thể thao & Dã ngoại
train_3448357370,a2f9bf87ded9287ac10d1274bcc1c62a.jpg,fbe8d1b8a01796e0,[HARGA GROSIR] Cesar Wadimor Original / Celana Sarung Wadimor Motif Bali,2632567471,Thời trang
train_1078316129,62a167438366123df9f75fc1e9124c23.jpg,f897c7e0b1c98661,Haan wippy cream 400gr,4000876838,Sắc đẹp
train_1977384257,28c5a23f1437622ac645b78a17256da8.jpg,cb94b66bb1944a39,MADAME GIE BEAUTY MUD ICING MASK - SKINCARE WAJAH MASKER LUMPUR MADAM GIE,1211845219,Sắc đẹp
train_923327294,fdc4d784e13fb0cbf167df23b2e5f89b.jpg,be1d344cb064f336,kacamata anti virus / kacamata anti virus corona transparan / import,3874597552,Phụ kiện thời trang
train_4151596986,8044107a1fc6c9d5fc05cec35ac59800.jpg,a5239e9ac79c9332,Stand Hanger D03/D20 Single/Double Pole Rak Baju Gantungan Handuk Jemuran Pakaian,3432404817,Nhà cửa & Đời sống
train_4222150237,4dc11c0f0fa824d3edbbd696aea52260.jpg,e6d2848d9a7259d9,FREE MASKER & BUBBLE WRAP!! JOK PORTABLE KURSI BONCENGAN MOTOR ANAK / JOK MOTOR BONCENG BALITA,165136504,Điện tử
train_3715000082,c813c6ee48b953f88c7baa6361f3a517.jpg,fe1f80c06c7f1391,10 biji Bendera merah putih 40 x 60 - bendera Indonesia - Bendera Agustusan - bendera kemerdekaan,486399472,Nhà cửa & Đời sống
train_2860634952,2c2cce6918ee9a6b0fd4bb348dc967a2.jpg,cb4bbeb401c36b31,Lampu Led Hannochs 3w/3 Watt 5w/5 Watt 7w/7 Watt 9w/9 Watt 12w/12 Watt 15w/15 Watt SONIC / Bolam,3968274482,Nhà cửa & Đời sống
train_4010695276,e075b67bb7a2e4c52e0f7a1f035a013a.jpg,cbe88496f45b0af8,Celana Dalam Bahan Katun premium Tally L sampai XL,3503559971,Thời trang
train_1252445173,e22bd0fb71a4f365e7db216ecbc987bc.jpg,b24fc1307ecb338c,CHIKOCHIKA Alat Pemisah Kuning dan Putih Telur (Egg Separator),431048396,Nhà cửa & Đời sống
train_2315937256,9bb76d11a4fea7b72d104ffd7d7987f2.jpg,b4b01ae467cbc963,Susu Jahe Omura,545942752,Thực phẩm & Đồ uống
train_1125288942,e755732db2f2bccadffcd5c5d8215322.jpg,aec1d17eaa92e438,Kaos Distro Anak dan dewasa (Bisa Couple),848012506,Mẹ & Bé
train_2184763987,4923f59cf3e3295899ccf31d22abff30.jpg,af9dd06048b53f1a,Sepatu salomone terlaris,2727555996,Phụ kiện thời trang
train_3122049698,9cccebc19dc7545ce3208e78f80b835f.jpg,fe81815ea5927e29,Cetakan Telur Rebus Unik / Silicone Egg Boil / Alat Masak Telur Rebus,1452079218,Nhà cửa & Đời sống
train_4107761202,25a1971bc556fc5a6af54473da97051d.jpg,fa8d315aa55b9431,Alat Pel Q2-103 Busa Keras Berkualitas,311184318,Phụ kiện thời trang
train_2276116941,f516222bf166bfff3295f4ee2b8183b2.jpg,e9ec16ce86926969,NA BOLDE Kain Refill Spray Mop Microfiber / Alat Pel,468418657,Điện tử
train_2891093406,4b58fea17f47d450f61ad862f1fadcb1.jpg,ef9f9511c960a964,Tas Wanita Import Jinjing Selempang CHIBAO Mini CB5891 5891 Parasut Kualitas Super Quality Impor,4049525692,Phụ kiện thời trang
train_1196843477,a65634afb2e0958642dc824e07ed3248.jpg,be96c0c9c6b1990f,Sabun mandi fresh and natural,599786344,Sắc đẹp
train_2907064408,b2a9e39106be979e5637270986dcb790.jpg,f3f1c90f86781329,Mic Boya BY-M1 Clip On Lavalier kamera dslr smartphone vlog,811765912,Điện tử
train_389624018,cbad12da9629ccc6eb79c6df8afd1b41.jpg,e43b4db24d3b449a,Gratis Ongkir BENDERA MERAH PUTIH,44523554,Nhà cửa & Đời sống
train_2469087948,7b7b9d65bcc14040675c8ac8d4aeea81.jpg,f9694796b531424e,Speed Squeeze Ratcheting Clamp Penjepit Kayu Ukuran 4 inch,2386318710,Nhà cửa & Đời sống
train_3406549598,bee4359762717856db36ecd3268dfade.jpg,d9daa2a08d39d0de,Bestway 54005 Kolam Renang Karet Anak Keluarga Besar 201 cm Rectangular Family Pool [201x150 x51cm],1056458505,Mẹ & Bé
train_1675185549,644e8b11e6268e14dfe63e6bb5537ea7.jpg,e698ce8999339933,Kitoderm Facial Soap Acne Tea Tree Oil (Hijau) - Sabun wajah jerawat,960169860,Sắc đẹp
train_472949113,c4f7ce392dbb0abcfd5ce6341998bd72.jpg,ba3185ce38bc8763,"JALL MEJA STRIKA Lipat / Alas Setrika Listrik Besi, 73x32x13cm, Alas Gosok Pakaian / Ironing Board",1809684851,Gia dụng
train_2776757992,60fb6a5bb740bc7fee1fa392f998719c.jpg,ef919096c26ed169,[RX3] Toner RDL 3 BabyFace Original Philipines,2789809344,Sắc đẹp
train_1400779757,00bf22807120bb5d2ffd4c1306622c0c.jpg,deb99560f0c4a19e,[GARANSI 6 BULAN] ECLE Impor Termometer Infrared Alat Pengukur Suhu tubuh dahi CE,2410340130,Nhà cửa & Đời sống
train_1134978723,4a82e3b2c760c8ce2199f393f89fdb92.jpg,bb69ce90c587954a,Vaseline Lotion Intensive Care Cocoa Radiant 200Ml,4223722330,Sắc đẹp
train_1540437839,c97978b9c0bcd0cf9976fec064211d42.jpg,be31cec3361bc982,JM Headset Earphone Handsfree Samsung Original 100% Hs 330 J1 Ace Made In Vietnam With Microphone,3586500603,Điện tử
train_2554571749,bd63525f10b780d4747b890372771c88.jpg,be96e4699348a4dc,MUKENA ANAK LOL KAWAII PINK SIZE XS-XXL ( 2-12 TH ),1569494229,Mẹ & Bé
train_2297589250,2864d5dc8463ffa650565241bfecfd1f.jpg,afd0cda7d00ed0a5,Mukena Bali Chanel Mukena LV Mukena Prada Mukenah solo Travelling Ori YashCollection,2914861469,Thời trang
train_2519857489,7aa8580c213591e8f5c85dc8b0d4e44d.jpg,eb2994c62b897e2a,Makanan Kucing Kaleng 150gr Snappy Tom Baby Kitten 150 gram,3407642403,Thực phẩm & Đồ uống
train_1070336998,8615119008c4ad1d2b9ddf22280149c4.jpg,d2fc28b294d0f0d7,100% Original Beastie Hair Mask Pelurus Rambut Beli 1 Gratis 1,3569208898,Sắc đẹp
train_306110865,9ecadfbf080ce503e82ecb45ea824e01.jpg,bc0fc3e1d870c6b8,Souvenir Korek Gas Kemasan Mika Motif Souvernir Hadiah Pernikahan Murah Sovenir Unik,2564841627,Gia dụng
train_1236886167,8690d2bc2007a783de0ebd8051320106.jpg,848efa71e12b8f70,sandal jepit wanita spon travel,3493797951,Phụ kiện thời trang
train_583684825,59b36cdec722f89cf2ce1252172cbeb2.jpg,c0187fc8f1376f60,SEPATU ORIGINAL VENTELA PUBLIC NAVY LOW CUT,2108242710,Phụ kiện thời trang
train_2637353345,cacf66df8d374ef0743a813418697430.jpg,dd841babe259b434,Penjepit gantungan sapu pel di dinding mop holder/anabel 0600,3759446651,Điện tử
train_630020554,2b11159f0a3483e7692f9feb5519ad5f.jpg,ec5bd39692249b64,[BPOM] BENTON Snail Bee High Content STEAM CREAM BESAR 50G,3170333558,Thực phẩm & Đồ uống
train_1093225336,b104471b07c15750ab9eee48fea3d5e7.jpg,8ce5b9e3f1c74206,Kain Rayon Katun Rayon Kualitas Bagus Eceran Meteran,950582004,Phụ kiện thời trang
train_3683062250,7bdf80a0cf557698024bf5dbac6cf89f.jpg,94423be51b3e3e49,Rak Jaring Wastafel Sponge Cuci Piring,3418578881,Nhà cửa & Đời sống
train_2192807345,59eac5a53da598cb1a8c3d5b0a3b4639.jpg,ea5e1981c93e8766,MAKE OVER POWERSTAY TOTAL COVER MATTE CREAM FOUNDATION 12 Gr @MJ,2772480067,Sắc đẹp
train_773710068,1c632551d06d3700d17f9f476b4df42b.jpg,90850e6b3d5e0f5b,OSM - H618 Hook Hanger / Gantungan Wall Kait Dinding /Jilbab Baju / Tempelan Hanger Kail Kuat,136513289,Thời trang
train_3586515255,a3d7016a8d6a8e245b1ed6774b4e6e61.jpg,9fd629d660974338,Samsung Galaxy A20s 3GB / 32GB - Black,120145918,Điện tử
train_4251740493,82a13dcd2cae5afb013e51f2da7927a7.jpg,ab9bb74c9b46184c,PAVITA MAXY /MAXY JEANS PREMIUM /NIRMALA MAXY AENI DRESS,413852293,Thời trang
train_1218882174,f74cf5b8f40d63e4e1b9a11cac486722.jpg,f89c874a8f2f4463,Bogesi Dompet Kulit Pria,1240129212,Phụ kiện thời trang
train_1337122221,883cd14238e09505cca7543eae920869.jpg,be96e4699348a4dc,PUSAT MUKENA ANAK KATUN  LOLLA  KAWAII PINK SIZE XS-XXL USIA 2-10 THN,1569494229,Mẹ & Bé
train_1298786542,04d1ed5f9999213ea0fba59c4c4c56a7.jpg,eed0914f983c2ee1,( MIKA ) Sponge Beauty blender Gucci Mika/spons gucci mika,882155223,Gia dụng
train_177258518,65ab0a1dd4ef15c3d861d72e1ae93a05.jpg,b283cf99cc8999cc,(250ml) Herborist Body Wash Zaitun 250ml - Sabun Mandi Cair Zaitun 250ml,4225196978,Sắc đẹp
train_141590871,25ce78f1638c0078eb743dc995619eb2.jpg,bf83d0c0c9e0dce6,Kalibre Jam Tangan VERGUS 996124000,1896303791,Phụ kiện thời trang
train_350609627,f67486dcf0c9fd19595a8c612b6d267c.jpg,e9ceb4b1cc68c296,Masker kain motif 2 lapis headloop/hijab,101129666,Sắc đẹp
train_1474686705,bcaaf08b5789d0a1b57cdb7cac426063.jpg,b7504733f88e998c,Paket Lampu Depan Sepeda 300LM dan Lampu Belakang Sepeda USB,86275143,Điện tử
train_2937245351,344f017061bcbbbf264a72c986bf4c73.jpg,be4bc0b483f03d4b,Sorella Panty ( Celana Dalam ) Cotton Pleasent S24-73134,3766443150,Thời trang
train_3356810580,b01afe9fae89052f7a2615cb741fdea7.jpg,d9a14f1c63274e96,Botol Minum New B Sports Spray Water Bottle 600ml,4166965007,Nhà cửa & Đời sống
train_2078970691,88580ccf126e3252bd566f6432268139.jpg,b2ce66676934c8b1,Hand Mixer Miyako HM-620,713714629,Gia dụng
train_2224851811,96da3016ce770eec38c0ea52d44b070f.jpg,f9e781cd8648969c,Celana Jeans Elbow 1 - 5 Tahun MAXKENZO Zilvia Store Celana Anak BerKualitas,1719310608,Phụ kiện thời trang
train_2418995575,abdf3c2087aa612745951837b9737593.jpg,96bbc054be4245be,Some By Mi Yuja niacin brightening toner 150ml,2392179643,Sắc đẹp
train_1826671838,0b981904e5ad6db7bfaa78c39e7d5028.jpg,f895c4c49c72c73c,Gamis Misbi Set Khimar Rempel (Motif Bercak),4053312415,Thời trang
train_2028858285,81ca0923bbbdd4a8bd4c36909d104fd9.jpg,e61b9c928ee3931c,Manset gamis/dalaman kaptan,2257273889,Thời trang
train_3193099700,a4c61d53ecc569f1256a26a2f0c96545.jpg,adc39093db4368ec,free box JAM TANGAN PRIA MURAH Import BARU 2020 NEW Multifungsi Sports,2221700681,Phụ kiện thời trang
train_2180188476,70bf2b85622520073e3c29c3ef4bcb15.jpg,9e5fe30206d63f28,BOS186 Baju Tidur Sexy Bahan Sutra Dress Lingerie Sexy,220344278,Thời trang
train_52637937,29a61a4eeeb241eed9a2db4e2d969c2d.jpg,d156d671448d0baf,serum luminous dan serum lifting Ms glow,4105521014,Sắc đẹp
train_2389789648,642ba487f4005b43f7576e184c443ab2.jpg,fa3b81c09084efb7,(1kg=32pcs) Bendera Indonesia 60 x 90 - bendera merah-putih - bendera rumah - bendera agustus,2505537161,Nhà cửa & Đời sống
train_710282502,8fc48248d326fd4d00aea515a56bb81e.jpg,f9e1c678b886169a,Baju Tidur Lingerie Impor Transparant DressSexymini,214100626,Thời trang
train_560123349,2b0db9c9357502d4c1bc9a4957e73255.jpg,f69c813bbc634391,ACMIC KIC20 Kabel Data Charger iPhone 20cm / Kabel data Powerbank 20cm iPhone 6 7 8 X Plus,1890731396,Điện tử
train_2104971635,0510c35ef87c20a9fbbf72a56453c64e.jpg,ef9a96653806e398,Pisau buah sayur sarung motif apel tajam dapur asah stainless,952183003,Nhà cửa & Đời sống
train_506679868,8c2528f0af121073194c2d82b9963233.jpg,e6dada709624994b,Makanan kucing whiskas ocean fish 400 gr/ whiskas kaleng ocean fish 400 gr/ makanan kucing 400 gram,3765513789,Thực phẩm & Đồ uống
train_4265345721,ac9aadc4d54275c4484b3831795feada.jpg,af07d0f89ec1680f,Sarung HP Waterproof Bag Smartphone Cover Anti Air Cell Phone Mobile,2108076530,Phụ kiện thời trang
train_962035263,64beaf63155310a798e0df75a68ca111.jpg,eba76c0b866c8732,TONER HN ECER 30ML,2980291833,Sắc đẹp
train_3778923189,1e931c8c33b8a6330b1975f356f3cf73.jpg,f16dd81bd61207f0,Sepatu pria mars bayar ditujuan gosend dan grabsend,1508883541,Phụ kiện thời trang
train_3700444932,cb3dd7aa50cd2bb56d8ddfe7ef734ce0.jpg,833d344d5f42dc53,"b""\xe2\x9d\xa4\xe3\x80\x90COD\xe2\x88\x9a\xe3\x80\x91SKMEI Jam Tangan Wanita Fashion Elegant Square Women's Quartz Analog Aniti Air Watch""",1567186112,Phụ kiện thời trang
train_2585056633,a8189f3bea5f079e43f3d74d83c4ba05.jpg,ea9aa50f72f42907,PREMIUM MINI KHIMAR by daffahijab,814079080,Thời trang
train_2331374507,5ce36faa60aea019f9aaecaae4b6c19d.jpg,c2d6e5adbc98d809,Lazypod Phone Holder Jepit Smartphone Handphone [KK],2651025355,Điện tử
train_3354986359,416eeae85397efe0c41a1cddbbc55236.jpg,eca5d032db73d04c,CELANA PANJANG BAGGY JEANS WANITA KANCING DEPAN PREMIUM DAILY USE,4172783971,Phụ kiện thời trang
train_1709273284,67c6c7fc2ec205e81c97a3c642615830.jpg,fe6a80eaa5aa89a5,"PENSIL MEKANIK PENTEL CAPLET 0,5",1555008436,Phụ kiện thời trang
train_814190272,e5e12d680a7a3f80f0008fdf6869a178.jpg,fabbc387c6068455,(27AN.ID) COD Sticker 3D Karakter H120 KPOP Korea BT21/Sticker Buku & Alat Tulis Label Dekorasi,1261987196,Nhà cửa & Đời sống
train_434043702,bc18407492503c5dc4d2f3b2ce313708.jpg,cc373b680b2673ca,Johnson\xe2\x80\x99s Active Kids Shiny Drops Shampoo 200 ml,1102417624,Sắc đẹp
train_3197892505,9874a064b81c6dee30b48c867fd2d3d2.jpg,9fe2cb8d2c8f320c,Jilbab princess,1503170656,Mẹ & Bé
train_373676246,d0dab769d182d4cedbf25a059489a1a5.jpg,fa783e85890fc1a5,Winners 3Pcs / Set Bandana Pita Simpul Kelinci Cantik untuk Aksesoris Rambut Bayi / Anak Perempuan,2521766346,Mẹ & Bé
train_1270173220,315091b7e9a4420e042a5e472445a76e.jpg,fc0794724ecbb18c,PANGGANGAN PORTABLE OUTDOR/INDOR - BAHAN TEBAL - KUALITAS TERBAIK,4287268706,Phụ kiện thời trang
train_3215748240,663278f1cbefd4099a0bbab1f567ec95.jpg,e6cc999999939923,ElsheSkin Lip Serum Elshe Skin,2303676797,Sắc đẹp
train_85315718,237be2ca4d9ee7ccceb76121c4ee4374.jpg,a2f509da3d42f22d,SAFI White Expert Cleanser 2in1 Cleanser & Toner 150ml BPOM Original,2772330344,Sắc đẹp
train_4103887113,9666d4e08e3674954df5d3726fd018fc.jpg,f6dae024e7d12ca8,CUKUR NOVA TRIMMER NS-216 / ALAT CUKUR RAMBUT JENGGOT NS216 SB,3580263851,Nhà cửa & Đời sống
train_3535110930,1e861e54eaa4405be13860f82afbc874.jpg,b2e6cc6919b1316b,Original Maybelline Color Sensational Powder Matte Lipstick Maybeline FREE PACKING KARDUS,1624239742,Thể thao & Dã ngoại
train_3151862020,9d23d0f9ae2811bc7a7c5fbddcf87434.jpg,ef5fe360e0e088e1,Parfum Pria Di Or sauvage 100 ml,2116759637,Sắc đẹp
train_2752327336,db582cf6e1f45ae295eaf41a44856ad0.jpg,ee2dc16c3c68c1f1,KYAU Peel Off Mask Rosella 15G,3911913032,Sắc đẹp
train_2136410307,44256396c5a9f2f72aa36529e1791d50.jpg,b3392c1c336987ce,[BPOM] FIRST LAB - Probiotic Sun Cream SPF50+ PA++++ (50ml),3520085592,Sắc đẹp
train_3120519708,c45dd614d716c5843e2c388708361875.jpg,ba30c54f3fb13036,Speaker Simbadda CST 2000N+,2701338738,Điện tử
train_29497578,bd49e5cb0bee44201efb6a16438dae5f.jpg,bc9de470946d134d,Set Alat Makan STAINLESS (Sarana terhindar penyakit menular),3176849020,Nhà cửa & Đời sống
train_2869585637,683cf9f72a1174bd0d6ecb3e277eed80.jpg,b787f8f8c932a222,MUSTIKA RATU HAIR TONIC PENYUBUR RAMBUT 75ML & 175ML,712848537,Sắc đẹp
train_1579281300,7cab8528108c2a7a738417bee5910dca.jpg,d3ab0ca60bd429db,Konicare Hand Sanitizer Gel Pembersih Tangan - 60mL,2262691189,Phụ kiện thời trang
train_3662993631,4a4553a2450d3f2ac1f1f0f52cb4d3f8.jpg,ba2e9afbc251c588,Celana Dalam Pria BIORTEX Isi 3 Pcs,2398175318,Thời trang
train_1047131702,3b864874dd64b7472e85253c0216d213.jpg,e2da58ca67a525ac,ACNE LOTION / OBAT JERAWAT LARISSA,1910606719,Sức khỏe
train_1004589054,1ffdbf6c0b2d9e1e681b32742b1a73d1.jpg,b917c6a83cb91636,Jas Hujan Plastik LDPE jaket Celana Setelan Bambu Tebal Murah,4143106238,Thời trang
train_3084239276,05f62c88f91440962eeba121af36aea3.jpg,dbaca3bad4936448,Sabuk Bonceng Motor Anak Apro,707100040,Nhà cửa & Đời sống
train_3155443042,f9cf0325cc46aa5b3f29ba67aeb14aaa.jpg,a0e0ddde8f788670,Stand hanger double sisi rak serbaguna dgn 4 roda,2831184769,Phụ kiện thời trang
train_1230686683,23d00a03b23140f045d50b46f630c35c.jpg,f9c9cf603496b143,HANDGRIP HAND GRIP SPEEDS LX 011-05 ISI 2PCS LATIHAN TANGAN,604966629,Phụ kiện thời trang
train_4210789925,980528740418be8fcd0c22819b832b81.jpg,bfcac0258d9c56d1,SanDisk Ultra Dual Drive M3.0 32GB USB 3.0 OTG Flash Drive,2467635334,Điện tử
train_2616596847,b53b0c7638621ec2b723147e2113d0ef.jpg,bb54c48b082c7ff1,Jas hujan Jaket Celana anak Kido kiddo,558088884,Mẹ & Bé
train_3251131555,702b64259f3f6178ffd1f102aea6b763.jpg,bbccac33cc43e498,EVANGELINE ZODIAC SERIES PARFUM 50ML - PARFUM EVANGELINE ZODIAC EDP 50ML,3764168832,Sắc đẹp
train_3991628874,9f9ceb17b01df572eafa67ff74110917.jpg,eec22736b1266b94,Tasbih Digital,3665152909,Phụ kiện thời trang
train_2850423532,362874dd6eb07bf84dbac2f9ab6481ef.jpg,f6839c6732333998,Zwitsal Natural Baby Bath 2in1 Hair & Body 200ml,2926324312,Sắc đẹp
train_2925794891,84271fc17c49d3e4d14e44876a13dc17.jpg,bf83d0acc13e9970,Sarung Tangan Anti Panas - Sarung Tangan Dapur Tahan Panas - Pelindung Tangan Dapur,302466871,Gia dụng
train_3746443538,4ce755f8b7851c99b0b84e2e7985571e.jpg,fc4f434283bc93b8,[PROMO] Acnes Treatment Series Creamy Wash 50g/100g,688914303,Sắc đẹp
train_4288037798,fa69b0f26f51d91dc3fb065b429d52f3.jpg,ef959196d26a9069,RDL Hydroquinone Tretinoin Babyface,2789809344,Sắc đẹp
train_3869664966,a5a576f56bcfd09313e9b2f63ae5d63b.jpg,bf1fc0e0998572d2,Arirang Spicy Bibim Ramyun Fried Noodle 135gr HALAL,3302379784,Thực phẩm & Đồ uống
train_3433558650,bd39f961262cfcfd6537ea76e4825999.jpg,e8c9326c3266cd9e,COKELAT LAGIE CHOCOBALL 1KG,4240123481,Điện tử
train_91992130,5a27e1969f22066b225aea55303a6387.jpg,e18996b1879eb0c7,Sandal Jepit Motif Kotak Kotak,179909063,Phụ kiện thời trang
train_3305141669,553d7f7cdd0e0f4cf9f485468fc331b6.jpg,8d24e2db1d24e6da,Nachi Tape Lakban 48 mm  Coklat Plakban Bening 48mm 100 Yard solasi Murah,234541980,Nhà cửa & Đời sống
train_1275425243,8dad567eb9fffe898c29ad150331a9ae.jpg,daa008e1b6e9cf8b,Kacamata Goggle Helm + Masker Motor,3468445701,Phụ kiện thời trang
train_3904251077,7dac79e2c37dff2535c6d43c9d98ee84.jpg,fb8a168707b5296c,PIGEON Feeding Set With Juice Feeder - Batik | Perlengkapan Makan Bayi,2111350511,Mẹ & Bé
train_954714657,cf8da229747327ee831b0765a50a8939.jpg,bf1101264e6cbf96,Tricks Snack Baked Crips Kentang - Rasa BBQ- 1 Box 10 Pcs,449938131,Thực phẩm & Đồ uống
train_3502863680,2a38765bec2acf9d38f41f7fa5390105.jpg,fb953b1cc4ecc058,TAS SELEMPANG & STRAP PUSH LOCK SHOULDER BAG Tas Selempang Behel/Tas Kantor,4021627060,Phụ kiện thời trang
train_498113865,741c80ade39a13535e7992796c6f6006.jpg,a6e706c91cd3354b,Mangko Kaca Beranak / 5pcs Glass Bowl set,1692766124,Mẹ & Bé
train_2649609039,e43607462d400a5b886f2b2cc8ebd8a8.jpg,b04d6dbcc3713338,PREMIUM!! Masker Earloop,2494171542,Sắc đẹp
train_2504542260,d81d3c8ede870a2fd200a07d36101d22.jpg,bef2c11c6ec3889c,Cincin Charms Olive Tree Branch Leaves Open Ring Wedding Rings Adjustable Jewelry,1897963080,Phụ kiện thời trang
train_3034782808,d0b63cb21cf9f6f43efb3fdd94aa675e.jpg,eabc85c1cb63341e,Emina Creamatte,2066394024,Sắc đẹp
train_3146013182,56c68964fe58b6b36ccb92fdb4591694.jpg,e54af2f1a4320db6,TG0812 Wanita Sandal Slip Motif Garis Lucu Import,3475805823,Phụ kiện thời trang
train_3208280657,e287ad7e1af46087bbd4394b420185a9.jpg,fa51657e60a16a6a,Kaldu MPASI Bayi Pawon Ibun,3196376774,Mẹ & Bé
train_2730700012,59beb3c78f955b4ad8736acbc2703e56.jpg,e5d91e1c4a36612f,Alat Press Gelas Plastik Cup Sealer Omicko C35,2994792917,Nhà cửa & Đời sống
train_3146628382,49e1870eb796ef6f69fb413003bdcf02.jpg,bee0c33eb08cc18f,Mainan Bayi Rattle Kincringan 5 Bola,2434792084,Mẹ & Bé
train_106714898,775be2e9556c2aaf145523d42dcf6d49.jpg,ee694fa784b59260,Ando sandal japit pria hawai beach 38-42,832025287,Phụ kiện thời trang
train_1562285690,814fb1e659c18c06281eb31b52ae83ba.jpg,ef13bc0e91b4c3c4,BEST SELLER Almom Booster Milk Powder Yummy Pelancar ASI Booster Sari Almond Susu Lemom Tea Granule,964450536,Thực phẩm & Đồ uống
train_2576755812,53911bb8ee48a8be29c51641183a2d5c.jpg,e6cc993199c99933,Djoe Hoa Kecap Ikan Cap Ikan Merah 140ml,770141240,Sức khỏe
train_2464356923,0013e7355ffc5ff8fb1ccad3e42d92fe.jpg,bbd097a7870f4a50,CELANA WANITA  (BB 45-84 KG)Harem wanita (bisa cod),2660605217,Thời trang
train_3704395855,8a4095c5b2554a286a3fda958dfa9345.jpg,a20f9d30cb6ac61f,Rowling FYG-1107 TAS IMPORT TAS FASHION TAS BATAM MURAH TAS WANITA,2298619633,Phụ kiện thời trang
train_1491907624,193e823b7c371d39cffb0f81ce8b0740.jpg,f0c95aed43396692,EVOO Casa Di Oliva Olivia For Kids 250ml (Bayi Minyak Zaitun),625612112,Mẹ & Bé
train_3901509826,fceea660ad996d8b7410216e84e84f91.jpg,aee4c0b7b593d04a,LITTLEFOOT CELANA PENDEK ANAK / DINO SHORT PANTS / CELANA PENDEK,2369462310,Mẹ & Bé
train_2052839296,a0e3af2e678efd5c413d056313e772c0.jpg,e69999639c25d961,Rok Plisket Premium Part 2,2252151778,Thời trang
train_1415643831,c5cf6d9eb9673bb1bd44809bc67fdc76.jpg,b1999a72c72ccd32,Hair Dryer Lipat ONYX 658 500W / Pengering Rambut,2065799849,Sắc đẹp
train_28904344,ac8b65f3f3006960543e082a707d6996.jpg,bf31e1d4d1164789,Masker Kain 2 Ply 3 Ply Katun Polos,4010150654,Sắc đẹp
train_2831071799,c27f94b6375b34b97b4027463de2d63d.jpg,b21dad20e705ca7e,Serum Pengecil Pori-pori untuk Mengencangkan Kulit,3001123709,Sắc đẹp
train_978267106,1574e47b1bd691032a35c87f3f3d1032.jpg,bec382b6cc19f04d,OKHISHOP - Jam Tangan Wanita Murah D1or DR001,469790690,Phụ kiện thời trang
train_3417362501,d81093b1a88f01bdd171ea7d1480dff1.jpg,e7999a9c2d648933,MukEna bali katun rayon polos nazwaseries,2628699139,Thời trang
train_77233965,95f07e731f3adbc4d8bfc4e7e79ca26e.jpg,be89c17619886e75,Kartu UNO Card Mainan Ramai Seru,2248671498,Mẹ & Bé
train_3302095445,1d68622088e032a5fc4f3d6bd2f79bef.jpg,93a5cca55cdc234b,LAMPU UNTUK SEPEDA GOWES BELAKANG 5 LED CASH,338288902,Điện tử
train_17515376,b6138e1a8112d4c1c1c23d4f62559831.jpg,b8e5c3b1276c14da,BREYLEE Blackhead Mask Step1/2 (100% ORI),3001123709,Sắc đẹp
train_2597732275,78b24bb5e91cf5a4c76f918e48aeb0b7.jpg,bec590aad237b432,Lv NeverFull Tas Import slempang,3816934017,Phụ kiện thời trang
train_2537269269,2a0af0104371bed704eaab5298ff2705.jpg,ca3d24da3dd21dc4,Khimar hijab jilbab Azwa 3 in 1 jumbo,1586392996,Thời trang
train_604544871,706839dce1c8e6d32c1c0ef4a87d17ce.jpg,be726226e13cc13d,Wardah Instaperfect GENIUSTWIST Matic Contour Brow-Brushed 02. DEEP GREY 0.25 g,1175071127,Nhà cửa & Đời sống
train_1332179862,d89239d0404f039ba915ee90ee83be43.jpg,dc3d951355ecd2c0,IKAT RAMBUT 3IN1 POLOS / KARET RAMBUT ELASTIS IMPOR KOREA,1103787316,Thời trang
train_2325640154,6518f407d98b604326de5c6753d22b92.jpg,c142aebd51d62e63,ROBOT AVENGERS ISI 5 PCS 2115 - mainan robot,3176986412,Mẹ & Bé
train_3799651341,b52b76bccf57ac4c572dce675a466643.jpg,d756b4646461e1b3,Setrika Wajah,1759528856,Sắc đẹp
train_1556367368,f88ad3e59fccc144b8ef4d9bdc444c21.jpg,dbd442e1a07ea1f4,Baju Husna Dress Kotak Kotak Termurah Kekinian / Baju Gamis Wanita Terbaru,1098329942,Thời trang
train_2093742892,e0466d906381cd912be9bc0465328abc.jpg,fa36c1f88589846f,Piyama Anak Perempuan Umur 4thn-7thn TS-08,3465319208,Mẹ & Bé
train_4287042782,8e16784b7b567e0c645534045db0776d.jpg,ad63d258ce1e9c62,Sweety bronze pants M58,24168270,Mẹ & Bé
train_1155870843,2c7c57a6530bde59df2b2b3e9c8dc419.jpg,eda4c4603b2f6699,BRAKET TV 55 50 49 43 40 32 INCH WATER PASS FLEKSIBEL IMPORT,3541545247,Nhà cửa & Đời sống
train_1556735360,46ee519068229bf66aab23099ae0965e.jpg,9c5b6accba8ce3c0,Masker kain 2 ply,3359758769,Sắc đẹp
train_688649208,cd4bb44e0dfc394c8cef8dfa2fe1de72.jpg,ba4f95e0c236256b,sandal spon jepit MUTIARA,2086433099,Phụ kiện thời trang
train_2989337918,896467bf4b3c024a9f7b47443c315c16.jpg,afa0664b953295c7,Tas Ransel Anak SD Sequin Usap 2muka 881601 Unicorn,1881705577,Phụ kiện thời trang
train_3919593581,00957d8d80d5f5fc56e81dad56ee033b.jpg,b08fcfb830c7c938,YOU Golden Age Revitalizing Night Cream 30g[Overnight Skin Reviving Complex],791476097,Sắc đẹp
train_2617889719,c299fb6ed956bb08c9d9790eaa92a401.jpg,c8a55fbc2d223f90,MIYAKO hand mixer HM620 /mixer tangan miyako HM 620,713714629,Phụ kiện thời trang
train_4275331274,730a9c9d3a5b3d9f1761096ecedae3c9.jpg,aad4d5e1c02e663b,MEDINA DATES SUPER KURMA AJWA 5 kg,3662087406,Thực phẩm & Đồ uống
train_3086853779,7dd4284da5358537f5453fe1bd0c91ca.jpg,b3c4c868946ba73b,Ree Herbal Growth Shampoo,3022780053,Sức khỏe
train_2525541038,3390f830fca688d68534422eea13de2d.jpg,920969e6f6f29c0b,ORIGINAL Wardah Lightening Liquid Concealer Wajah 7 Gr,4285802156,Sắc đẹp
train_2222000918,0a3bbaee5e9a3b21125d0215b503b277.jpg,bf90c02b36c4c7e3,Yummy Bites Organic Noodle / Mie Bayi Organik / MPASI / Mie Sehat organik,3299506042,Thực phẩm & Đồ uống
train_2830351413,a9deb592981e9c5754e3ff8f959121f3.jpg,e888879733893e1f,ALAT CUKUR RAMBUT / KUMIS / JENGGOT NOVA NS-216,2501975813,Nhà cửa & Đời sống
train_867713168,050a3439e9c246b5edc64962e587ac6f.jpg,bfe0ce1ee019f0c2,WIRELESS STEREO AUDIO RECEIVER BLUETOOTH ADAPTER USB / USB BLUETOOTH,800610000,Điện tử
train_4444360,5e272dc53b945fbfa2804751bda425fc.jpg,aee08587d64e9a36,Helm Cargloss New Sport One CR Full Face - Silver Met 8 SG,3990065402,Nhà cửa & Đời sống
train_4025803477,d0d145f6b2baedda2b87ead847b40213.jpg,b18ad5cef14ab119,Hijab Square Paris Part 1,1972948702,Thời trang
train_1084262248,ba0e28cb288bd3aa82b964f2dea5308a.jpg,b6b2c90d9dfa04e2,Masker Kain 3 Lapis  Bahan Kualitas Premium,2494171542,Sắc đẹp
train_1954475089,bdb4b81c77d246615a98ac216af7162f.jpg,bcfcc3839eb26128,Waterproof XL warna warni,3213608540,Điện tử
train_860014450,c65cb2a4ae04507a2537c8ee9c12045f.jpg,ae6b9194c2346f4b,Memory Card MMC MicroSD 8GB 16GB 32GB 64GB 128GB 256GB,1417931016,Điện tử
train_1455190892,b95c2be0007eac448088bf28a08cf1ee.jpg,bfe01ee0613fc12a,Kalung huruf nagita,4159938835,Phụ kiện thời trang
train_2766312373,340ab9ea1f765f2eb74c655aa1744727.jpg,aeedc4d48b52911b,STEVANNIETOYS CROCODILE DENTIST GAME / MAINAN GIGI BUAYA - Mainan edukasi,3604334178,Mẹ & Bé
train_550872261,e38c95a33b5bfd1e272461457455a301.jpg,b9cd90cdc7309678,charger brand A80 / casan samsung xiaomi vivo oppo,3101340758,Điện tử
train_3510786425,69065002e56096f8421ebae916aea819.jpg,ed8b9612866c69ec,PIGEON Baby Training Tooth Brush Toothbrush Set Lesson 123 1 2 3 Sikat Gigi Bayi Anak Murah,2676957285,Mẹ & Bé
train_2770901594,36567ba7bd04099c1d846c04d7700194.jpg,d2cd1ca3cccc63cc,Fair & Lovely Powder Cream 40G,575920684,Sắc đẹp
train_669934106,f8552668dacb80046e49c19b08bef98c.jpg,839e3e735025c7b4,Dompet Lipat Dompet Pria Baellery,2323840511,Phụ kiện thời trang
train_4153691142,9f1f209989db5f7d88427ec4ab5c50cc.jpg,b6c9c1361e15db34,PAKET CREAM COLLAGEN ORIGINAL 4IN1 CREAM SIANG MALAM+SABUN+TONER,3742739192,Sắc đẹp
train_2630940711,4fc0b526db3776f0aaedcddd7dbbb2ad.jpg,f2b9c8a4c2cb2753,toys Peek A Boo Elephant Gajah Peek-A-Boo Gajah Gerak Telinga Boneka Gajah mainan anak bisa nyayi,3658689002,Nhà cửa & Đời sống
train_1272378716,26490d21fa0c280d3f22c4d3eaf5099e.jpg,e52d5ae696922b4a,\xe2\x98\x80 INDOLAND \xe2\x98\x80 D015 Dompet Kartu Nama Koin Name Card Import Murah Batam COD,1039164212,Phụ kiện thời trang
train_627149266,0530593fdb69c4505d9cc3953a32a90d.jpg,f2ad55245a9545d6,WL Pro Asli Obat Pelangsing Badan Obat Diet Herbal Penurun Berat Badan Ampuh,2668500191,Sức khỏe
train_1957485877,3cc546733eb6ab9df7d7d82c82593883.jpg,ea95b16a876a9561,Silkoro Serum Vitamin Rambut 80ml (kecil),2377831355,Sắc đẹp
train_2666382378,00a56fef82c06a746b24237f66f4c6de.jpg,b0cbce949c94db19,"Mandisa Wine, PANASIA SCARF (Superfine Voal Hijab Premium)",1115565398,Thời trang
train_1623957727,fde0ca1820b2959fe97e051b23a3da80.jpg,ed618f90931e784b,Tongsis Kabel Lipat FULL BLACK EDITION MURAH,1395626534,Điện tử
train_3628804299,b1ac2bedb73dc556ecb4ef15a433169a.jpg,e961b52446e2b537,Somebymi Yuja Niacin Brightening Moisture Gel Cream 100ml,3871844281,Sắc đẹp
train_3160734362,93f13a403635db5be7a6d3ca4d0d79f5.jpg,b9d2c619c269d396,RAK SEPATU SANDAL 10 SUSUN AMAZING SHOES RACK - AMAZING SHOE RACK,1755759214,Thực phẩm & Đồ uống
train_418609226,bb21dd250d0dbbdac19a57c5986c2114.jpg,c5ca79a53a262ce3,MPY02 Setelan Baju Panjang Bayi Giraffe Jerapah Piyama Baju Tidur,3422593286,Thời trang
train_2114659500,eac0d6413991227926a8d9bd23b1ffbc.jpg,efb46b1aec036249,Enblanc Indipink Korea - Tissue basah Korea - Baby Wipes,713416067,Mẹ & Bé
train_832144399,66b821d33dfde12dd2215592f2e1895d.jpg,8bb4e423f04b96cb,Kabel Sambungan HDMI / Cable Extension HDMI Male To HDMI Female / HDMI M TO HDMI F  / HDMI  Dongle,2602533565,Điện tử
train_1526020135,abbe431d3348173346b7dd4c7dcab570.jpg,efc5902a4bd52e8a,Good Time Coffee Chocochips Cookies 72 g,2334699089,Thực phẩm & Đồ uống
train_2086264821,a19324756f5d77671bf783fa1063569a.jpg,fe4cca1ab025c9cb,[CUCI GUDANG] Edufuntoys - GO FISHING import original mainan pancingan bebek mainan anak,118145987,Nhà cửa & Đời sống
train_1902722948,3adc62e580d42665a33373ed182c321c.jpg,f5b14c9348d933cc,Ponds Men Sabun Cuci Muka White Boost 100 gr - Sabun Pembersih Wajah Pria Sabun Cuci Muka Pria,2478023301,Sắc đẹp
train_457954396,31f3b17b5c7157572c70819f09436428.jpg,958c6acb3e367219,\xe2\x9d\xa4 BELIA \xe2\x9d\xa4 Hotin Cream Strong 60g 120g 60ml 120ml Botol / tube Krim Pegal Nyeri Otot Sendi Hot in,4113632339,Nhà cửa & Đời sống
train_3335768351,a67867c004e35582473714859d0f9fe9.jpg,ece6c75b93303849,Baby Safe Training Cup Soft Silicone Spout 125ml AP005 Gelas Bayi Spout,3854289318,Mẹ & Bé
train_623257751,292c44da1875f9551d061d019f867336.jpg,a6438d1f83495977,Acnes toner,1176059503,Sắc đẹp
train_2504031818,d9d88a06a8964fbb4a8c8ebf0055edcb.jpg,8e171b6e1a9bf818,Laki-laki Harem celana katun Linen celana padat longgar Festival Retro gipsi celana,2712789376,Thời trang
train_1311414656,ff741f3047a5464ff763b28c94064fd9.jpg,8280fc7f7fec0a30,Miranda hair mask,459439404,Sắc đẹp
train_1165058967,b7da2f9e2942ef1bc8a6e13d0bf55a18.jpg,e1729e67c63460cd,Natur Hair Tonic Aloe Vera 90 ml,122550860,Sắc đẹp
train_3257006908,59dfb5d442891d717d06e5810cc5d9b7.jpg,e286cfcc3e8c1b91,"Tasbih/kalung, batu tiger eye biduri sepah asli natural 8mm TERLARIS",880791665,Phụ kiện thời trang
train_1805257176,58debc783deac32ef8fedde19aaaee5b.jpg,97aaead0d6d1c131,Kursi makan bayi sugar baby foldaed sit on me sugarbaby baby chair bangku duduk hadiah kado bayi ORI,69131262,Sắc đẹp
train_1410541504,26c0ce82c96acd2269c5c3c117afdff3.jpg,f326c4599bc9ce22,\xe2\x9d\xa4 Stok sedia ada \xe2\x9d\xa4 Children Girls Linen Small Square Flower Decoration Exquisite Hasp Chain Bag,3603408465,Phụ kiện thời trang
train_1621011629,71f02cb7fc8f45b62f3c4c3f6dc616f0.jpg,c671d98e24a0f56b,JOBEL KAZEL SKINNY JEANS CELANA JEANS PANJANG ANAK SOFT JEANS BABY ELASTIS STRETCH JEANS KAZEL JOBEL,3346642532,Mẹ & Bé
train_3377395713,af0d29650a3b648e8ea5830b37667bbd.jpg,ee3485c9809d7e36,Sabun Limau Kasturi 40gr Original / Sabun ILK,1887359564,Sắc đẹp
train_75122079,a5c584a579b132eeb4b5a96432a2b29b.jpg,9a95ed6a13b04c8f,CDR CALCIUM D REDOXON 10,4195021957,Sức khỏe
train_3880383403,23bba97b1d71e674cee87dad734dfa57.jpg,abb6d35f80a1e0d1,Speaker Bluetooth F-666 FREE MIC / Speaker Bluetooth LED F-666 + tenteng,406204669,Điện tử
train_3034667359,1e6a488f80c814707d4806e8d3bf347c.jpg,8750ca6ec1bf9c91,SPEAKER BLUETOOTH S10 S10 MINI DAN MOTIF KACA RETAK,2778843921,Điện tử
train_3010816235,854352f18073f1a7659104dab47f0b97.jpg,c0b46fa55b981e4b,Underwear Pouch Hanging Organizer 16 Sekat Bamboo Storage Box Set Korean Tempat Rak Gantung Bag OGH,1776453982,Phụ kiện thời trang
train_3405008424,eb165f83367c289284e7cdbcccdc838c.jpg,a4269b31199f66ce,Cairan pembersih softlens tetes mata soflens x2 cairan pembersih,2288149440,Sức khỏe
train_252312165,f21aa563b5567416a3dd8340c172231f.jpg,bbbbf14ce04ac4e0,"Skateboard anak\xc2\xb2 berbagai motif karakter, ukuran tanggung Speeds LX2406",2878661080,Phụ kiện thời trang
train_828503973,9c4746048acc078f7f5f5da93b2bf5fc.jpg,e5f09ae792496c92,PIYAMA BAJU TIDUR KIMONO SATIN IMPORT TERMURAH + INNER DALAMAN,2332719836,Thời trang
train_646274329,ed9ef895f871f66972a7b0038455593d.jpg,fa51856b1bbc4c92,Folk - Vintage Korean Bag,2163353660,Phụ kiện thời trang
train_783163601,944a770bce5422da8c3f2d60f36c1c74.jpg,e7a56625914e99d2,MASKER SENSI KIDS ANAK (ISI 5 PCS),531266261,Sắc đẹp
train_3028267051,1e63bc2827c3c000ca1ef49ea6ad401e.jpg,a0d53ed9847a853e,THERASKIN PAKET ACNE WHITE GLOW ISI 4,2167993092,Sắc đẹp
train_1513994777,f1d095e8b48623f48125567e8c7959e3.jpg,a9c3d66f93764a10,"Jubah anak usia 10,11,12,13,14,15 thn gamis anak baju koko anak",3698252718,Mẹ & Bé
train_1159295868,481cc5591410b7eb0df6fc7719de0834.jpg,ced29db0424add1d,MONALISA SLIMMING SUIT WITH INFRARED SLIMMING SUIT BAJU PELANGSING,220504063,Thời trang
train_762905904,ee48f8bd35824e8d66eeb347148929f2.jpg,d28aab52a2d5a9b5,Garam Ikan Kasar 1 kantong,1515067885,Sức khỏe
train_3249085190,f28b7e58c093b4fbf3fa31f4236e5b00.jpg,8a79a1dc0b760e5d,TSC [1KG 25PCS] - TOPI KUPLUK RAJUT BAYI TELINGA MILK/ TOPI KUPLUK UNISEX /KUPLUK KEREN,3068294096,Thực phẩm & Đồ uống
train_3285563951,467b5bf4977f30fb7d7676fdc5742a6c.jpg,ea559a49b67aa18a,KANEBO serat lap polos,2155265340,Thời trang
train_342144940,3395c5a65c167904bec1ded1986a82f2.jpg,a736decb019c6a34,FEY    P070 Tas Ransel Sport Quechu@ Bag Punggung Olahraga Travel Backpack Pria Wanita Import COD,1221416124,Phụ kiện thời trang
train_3380624448,4f409c781cb18b97d1a173e5fde7e011.jpg,a51a1adde210bf69,Cooling Pad Gamepad Cooler Pendingin Handphone Fan Holder Gaming Tripledi Mobile Radiator,321293570,Điện tử
train_454197079,a525fce005cd544490b083bd4ca49d77.jpg,abd5a80ba74491cf,hokyfashion (BAYAR DI TEMPAT) Sweater Hoodie XL Wanita OH Yes Korea,787719497,Thời trang
train_540466836,af03c40053dfaebbac9e6f18e9780136.jpg,d8cae7a0e58307a7,{Promo} GRT_MARION MAXY Aplikasi Mutiara Terbaru Gamis Syari Dress,1054850685,Thời trang
train_2183661490,1c89dba1e58d359ba4e9afa04123363d.jpg,b898c7c799336c38,LCD FULLSET TOUCHSCREEN SAMSUNG G610 / GALAXY J7 PRIME KONTRAS,2767534296,Điện tử
train_1471816503,5002888929a06e17481ccf567f67c69f.jpg,abd2a41cdc6ad235,Cobek stainless besar Cs912 Ulekan Tumbukan Bumbu dapur dan Obat,477235197,Thực phẩm & Đồ uống
train_246633348,66e0551ed2fa5d446656d567a5a4934c.jpg,b099ce33996c9966,Miranda Hair Color - MC6 Bleaching 30ml,2600740535,Sắc đẹp
train_624003519,d60bc753b181b0d6aff06ff0319bfdc7.jpg,bfc1d22fe01c83d8,SCREEN PROTECTOR CERAMIC FILM FOR IPHONE 6 7 8 IPHONE 6+ 7+ 8+ XR XS X 11/11PRO 11 PROMAX/IPHONEXMA,2122968520,Điện tử
train_1252827374,0773fb57a009303d68b3a7f1a5ab8cd1.jpg,8e9be16bd824b9e0,[ MINI TRIPOD SPIDER ] Holder U Medium / Tripod Mini Octopus,3512367857,Điện tử
train_540684589,9c90532bed3600388a221fa0dc345544.jpg,f2856af128d62bd1,KINGS - H618 Hook Hanger / Gantungan Wall Kait Dinding /Jilbab Baju / Tempelan Hanger Kail Kuat,136513289,Thời trang
train_1888498559,8f7bdf7370d805c9ddf81dc2b2fdc69d.jpg,b180b8e6c89abcdd,45Pcs Stiker Kertas Motif Print untuk Dekorasi Album / Scrapbook DIY,358732132,Phụ kiện thời trang
train_3809061300,2012443630eb93e6c662a8d4100fead2.jpg,889d94e87fa049e7,RS 10 lembar Replika Uang Kertas / Uang Mainan Lembaran untuk Mahar,3335857921,Phụ kiện thời trang
train_2979689322,f3b6de93f5f135c96242b29e3692b1b7.jpg,be539725c91ec1c8,MESIN CUKUR RAMBUT MINI PORTABLE NOVA NS 216,4288078681,Điện tử
train_64347754,aad032fe1f2ef01f3a164e599ef6b755.jpg,bd9ae135b264a952,Gamis Anak Perempuan 3-10tahun 3tahun 4tahun 5tahun 6tahun 7tahun 8tahun 9tahun LETICIA KIDS,3510018093,Mẹ & Bé
train_3371093064,1fcefc9342b1944a0625eefa389da960.jpg,f10d8ec28979a69e,Theoni.lie Mainan Ikan Pancing Putar Isi 12pcs Magnet Ikan Fishing Game TL-177,4241621807,Nhà cửa & Đời sống
train_3079007610,a3d190ee7ef338d96ed789233f4700b7.jpg,e8d2956a6aa96993,Revlon Touch & Glow Face Powder [24 g] - Creamy Ivory 038,2260058688,Sắc đẹp
train_2744025490,d2bbffef8fa237300a6e5079ecb8cebd.jpg,cb9beb11a93490ae,Jilbab Instan Khimar Nadhira 3 in 1 Jersey - Kerudung Wanita,1039754812,Thời trang
train_2940792503,08ee1d64aea7e35c05629270c04f1c8b.jpg,e666719999999931,Miyako Kipas Angin KAS 1618 B / Stand Fan 1618B - Biru [16Inch],2231601193,Gia dụng
train_1947590828,0a820153efa657bc2ce44a4786b5e99e.jpg,b434a96a9c63b53a,LUISA MAXI DRESS // GAMIS GISELLA SET,4224194904,Thời trang
train_1480852021,2100f4b6fefd451fe1bd19fd76ce6bc8.jpg,ed91964c9173563a,Trixin Obat Mata Kucing Atasi Iritasi Belekan Dan Hidung Meler,530928092,Phụ kiện thời trang
train_1507573078,5c697d038f6f46e77cda48e4a15eaa7c.jpg,ce906cc231af1bd6,Alat Makan sendok sumpit garpu Perlengkapan Makan Peralatan Dapur Perlengkapan Travel A349,3857533630,Nhà cửa & Đời sống
train_3069307829,926ee3dedc297eaabc4c66dd032b1e15.jpg,ea81955e2ae37c94,Catokan Rambut Nova 2009 catok 2 in 1 lurus dan keriting curly,2558633431,Sắc đẹp
train_527545452,168f9768e1b324454da80c2c7ed74879.jpg,bbc5b41bcc3bc026,PAKET CREAM RD JUMBO 30.GR  KWALITAS SUPER ORI,4289396213,Phụ kiện thời trang
train_2830087677,6e3f05aacdf99bcd7644f622a6ccd957.jpg,bea4c15ac15be463,SHABBY RAK GANTUNG SERBAGUNA,2044385334,Phụ kiện thời trang
train_3920100135,47da9da90863283e6ba3e1a25d603935.jpg,b996966ac668c669,AVOSKIN - Miraculous Refining Toner 100ML,1268201436,Sắc đẹp
train_2522709456,b1f22db2a0b34cc8ee6d2bebbe66a2b1.jpg,a19a86ed9339d683,MAYONETTE Masker Kain Headloop Hijab Premium Cotton 3 Ply Non Medis High Quality Halus READY,767922365,Sắc đẹp
train_1503046472,68d2927e7db2555d482e8976b9364006.jpg,be9cf2887c02e51d,Baju Muslim Abaya Bordir Gamis Maxi Dress Arab Saudi Bordir Zephy Turki Umroh Dubai Turkey India,2727051130,Thời trang
train_358275696,e93f15e77e6ea398185250a8069ed745.jpg,f85a87a7a3899435,Espresso Coffee Maker Moka Pot Teko Stovetop Filter 300ml 6 Cups - JF112,822136584,Thực phẩm & Đồ uống
train_2545196427,15635669e1ac3055b8ac49c256012130.jpg,c9c10fb7cc378549,Laikou Sakura Serum Eye Cream Anti-Wrinkle Esensi,1271080145,Sắc đẹp
train_3505720509,7216e20ede563ba06da53b5bc717e054.jpg,b366cccc99333133,ACNES Pore Strip isi 3 Sheets | bye komedo,1789427472,Sắc đẹp
train_353691936,48785f4061b55bc32da7a5776ca22422.jpg,e3a70c699dd836c2,OVERALL SONIA TWO TONE COLOR ROK REMPEL MOSCREPE PREMIUM,3452866274,Thời trang
train_969745283,a5bfad5f3c37760f5bc9283cd570e104.jpg,d216a968ced8e497,SUNCARE CREAM THERASKIN SUNBLOCK,348276014,Sắc đẹp
train_1852990179,b52d1f0902cd3dac6b2aeca930f9b7ac.jpg,eba0975e885dd825,Harrington Jaket Navy,1698288647,Thời trang
train_4107050371,4a650a7ca523d5db8dde9889773631b5.jpg,b3d30dcc0cf88b63,Herborist Facial Mask,1708167817,Sắc đẹp
train_1256163029,96f20839fe271dcd70804d7be93b885c.jpg,c937b4484bb7b2c4,COD OTG TYPE C WARNA WARNI HIGH QUALITY,500010212,Điện tử
train_1728258079,6fa05decbf8d0362c714ce79e6edd267.jpg,88aa67586317f553,Jz slimming tea | detox terampuh \xe2\xad\x90\xe2\xad\x90\xe2\xad\x90\xe2\xad\x90\xe2\xad\x90,4063324329,Thực phẩm & Đồ uống
train_4220997347,3b3a67f96c801c32ee2e758bb47bbd10.jpg,ea366b3b326a3641,Headset/ Earphone/ Handsfree Samsung 100% Hs 330 J1 Ace Made In Vietnam Non Pack,3586500603,Điện tử
train_1575527012,f7ad8a7251d8d6b408f38d508c000b19.jpg,a03296cd99b22fb3,CREAM HN ORIGINAL Hetty Nugrahati 15Gr BIG PROMO !!!,407316877,Sắc đẹp
train_2086712891,602e941cb6c99a451390685fcca59217.jpg,bfca8430c07cac3f,Baby Safe Soft Spout Training Cup / Babysafe Training Cup / Sippy Cup,4028730454,Mẹ & Bé
train_691673725,b9ac8c6bf2b0f56a94d1a976f5efaad8.jpg,f8ea4aad29b52c62,Milna Bubur Reguler 8+ Salmon Cah Bayam 120gr,2059890597,Mẹ & Bé
train_1202294556,7a95dfbec863cc6f2289e4930a3a3880.jpg,beb3c145997a0687,Kaos Kaki Katun Tebal Hangat Bayi Laki-laki / Perempuan Anti Slip Gambar Kartun untuk Musim Dingin,3937733565,Mẹ & Bé
train_3167288608,c78ab368dbb2a1653cfca2a87b9d35f7.jpg,993ee2c1aba3c1b2,Sweety silver M 38 / L36  / XL34 / XXL 36,1962846692,Mẹ & Bé
train_1853407110,085dc1b9bcbb913596b968a4072cc26f.jpg,e1cccc719b318e93,PROMO! Ekstrak Gamat Emulsion K-Link 350 ml ORIGINAL,1528766357,Nhà cửa & Đời sống
train_4139996754,dbf3a9372a72f1744b76be74d0f02cef.jpg,eb24c4943d3cc5f4,bracket braket breket tv monitor 43 40 32 26 24 inch universal,2235949644,Nhà cửa & Đời sống
train_3131594085,cf233bea400b357740aae86354e559a8.jpg,b894c5d29a996f86,Buku Vitamin Otak Anak PAUD dan TK,2681338524,Sức khỏe
train_3710260761,46c6b27bffa745946028283c38e68223.jpg,ea95956ac47a8a95,SILKORO COLOR CARE SERUM 200ML,1364967438,Sắc đẹp
train_2210284605,8dad567eb9fffe898c29ad150331a9ae.jpg,daa008e1b6e9cf8b,Kacamata Masker Motor Retro Trail Cross - Paintball Airsoft Gun Mask Biker,3468445701,Phụ kiện thời trang
train_1880929597,2820f1192344b6c6cf52d57dd620a44f.jpg,f146be39466d8538,[TERBARU] COUPLE GAMIS DAN KOKO NIBRAS NSK 71 DAN NB A51,1229744002,Thời trang
train_692532520,753c2fe51311898d43a6e4cc025e78b5.jpg,ec4c668d3993c333,Masker Organik by Youra Organic Oat Mask 15gr,3979333992,Sắc đẹp
train_4273015959,58e8472898d05bf80976b4546956e1f6.jpg,ada4c4781f93686e,Tisu tissu tempered glass kaca / packing kertas tempred glass terpisah /packing tambahan,731330024,Phụ kiện thời trang
train_100918337,6a7d848509abb9a96278317bf487f521.jpg,e79c9363245ac66c,SCARLETT SERUM,1163569239,Sắc đẹp
train_1968102686,5879e064c1e4a71d3d0cc633c73e860b.jpg,ba9ec9688487578b,Kurma Sayer 1 Kg Premium Oleh - oleh Haji & Umrah,1583529373,Thực phẩm & Đồ uống
train_2554338876,f21a8b64a97757d873963fe18bd88bdb.jpg,f193ab3051ae3a35,TFS KEMEJA NEWSPAPER / KEMEJA KORAN / KOREAN FASHION STYLE,1380990811,Thời trang
train_4126089437,b89d80783a053b52da164de209c08fdd.jpg,bfc0c825ce1ee869,Everwhite / Ever White Hi-Collagen Drinks,389918809,Thực phẩm & Đồ uống
train_123632190,9605e1ec95bc3f5413e60e7737f2b2d7.jpg,bfcac831a50e96e8,Everwhite Hi Collagen Drink 20 Sachet,389918809,Thực phẩm & Đồ uống
train_1091906622,69f1f5496e735b51581057f1fd1aa6ec.jpg,f392ce26cbb44970,LEGGING WUDHU CELANA LEGING WUDHU,1628981671,Thời trang
train_17278464,1fde7b631ec4d35a84b4ef212027e601.jpg,c115be68563b68d6,Scarlett Whitening PAKET RESELLER PER-DUS 4 LUSIN (48 botol),3571871308,Nhà cửa & Đời sống
train_1568518077,1a8869ac9d2db41f9632b2321dfc00d5.jpg,e1d1d27fbfc10884,(BEST SELLER) FACE SHIELD KACAMATA ORIGINAL 100% WITH BOX,53867738,Phụ kiện thời trang
train_2199557904,9320d7a2181b28e6a61317e8ca06ffea.jpg,f6d98134b904b56b,SPATULA SET 6 IN 1 SUTIL ALAT DAPUR NYLON KITCHEN TOOL SETS,2156459496,Nhà cửa & Đời sống
train_4121792949,baa630b1aa0b623f7a48511d3f125725.jpg,bb9af44f30e60b21,Rak Susun Yoyo Portabel 4 susun,2323091356,Thực phẩm & Đồ uống
train_4037104652,932df41346d7d80a4f57bbb6a64d6760.jpg,eac0932fe0978795,otak otak ikan atien isi 10pcs,3112653091,Sức khỏe
train_179409200,f230a053563db40c6edf5db511babad1.jpg,d14a9d61edf61892,Cooling pad vacuum / kipas laptop vacuum / cooler fan vacuum NCV001 futuristik on/off speed control,143769723,Điện tử
train_501003310,fe15fd004c6da382d39ebc1b6095ca1d.jpg,d02d6c8f69d0f097,KF SKIN SILKY SERUM BPOM \xe2\x80\x94 Silky serum kf skin original kf skin serum silky serum sutra kf skin,3371100380,Sắc đẹp
train_1143456373,a2ce2bb243bf6e47cad3172ac5eb4729.jpg,e41b4e431b665bb1,Little Baby Sikat Lidah Bayi,3147498487,Mẹ & Bé
train_1594343409,293f467ab6e2eda149056108b9d062b2.jpg,e4d892569ba06ced,BPOM NACIFIC Natural Pacific Fresh Herb Origin Serum 50ml,4289378698,Sắc đẹp
train_4013439429,449662997bd6d95538996ef36d16b90f.jpg,bf96ce6b92844c31,Alat cuci motor Mobil Ac Mesin cuci motor bagus (polos),553446970,Thực phẩm & Đồ uống
train_1903217426,f931f536a3a5f713b2cf59965bd1df61.jpg,b84cc7b2b8cf4714,Sepatu Kodachi 8116,1259337940,Phụ kiện thời trang
train_2662076925,f8a52ae276e4d5f375551351b1010921.jpg,94289f41345e6b9f,Botol Minum Kaca Animal,471594370,Nhà cửa & Đời sống
train_1693361085,aa0a3e4c2d110fb41a1329efea1813e3.jpg,e1449e9ba92d3666,SPREI POLOS ALOHA UK.180X200 B4,1190240667,Nhà cửa & Đời sống
train_2074815632,11de558b6587cb236890cb81926517a5.jpg,eae515cac995c82e,KARET IKAT RAMBUT POLOS KOREA / KARET JEPANG SIMPLE ELEGAN / KUNCIR RAMBUT,973593276,Nhà cửa & Đời sống
train_3757115926,881dbba21c5fdfdd54b9c475b1395dc0.jpg,ab89c97496f2f0c2,[DIST. RESMI] MIX NATURAL MASK by ASEYORIKU.ID,971802729,Sắc đẹp
train_1812694751,d78455cbdc355b0aab9f4058fcbba259.jpg,def6e14b4a398885,WnD SALE !! TAS SLEMPANG - TAS IMPORT - TAS KOREA - TAS WANITA PB099 - TAS TERMURAH - HIGH QUALITY!,2050565864,Phụ kiện thời trang
train_3447300518,286c83241020e5cd8a669da17badb2c2.jpg,9997d2e047db13a2,Soft Casing Silikon Matte Frosted Ultra Tipis untuk Apple iPhone 6 / 6 Plus / 6s Plus / 7 / 7 Plus / 8 Plus SE 2020 XS XR MAX/ iPhone 11 Pro MAX,1557471785,Điện tử
train_1899898770,1e9749d3f412ba20c4feb210b323cea9.jpg,b06ec3c84e633cb3,Celana dalam anak laki-laki sorex,865227276,Mẹ & Bé
train_1988815823,ccd142b65682b7994fa72027020822e5.jpg,bbe886d2d11ab097,Celana joger jogger pria denim jeans forward,4124353529,Thời trang
train_3250326902,ebbe8fbb073d17383daebb5387e6e0d9.jpg,bac586cd399ae432,NA MASPION Panda Fit A / Panci Penggorengan Set 2 Pcs Sauce Pan 16 cm & Frypan 20 cm,1528519934,Thực phẩm & Đồ uống
train_1550228268,ee448571b541562bd024023fd6fac14b.jpg,b9e4e2198e334e69,[Bayar Di Tempat]Topi Baseball Adjustable Motif Kartun Beruang untuk Anak Laki-laki / Perempuan,2895292377,Mẹ & Bé
train_3909647118,8d7c5f54eed872cf6b31c6804ffa768b.jpg,ee4491bbe0bdb106,Senar Pancing Berkualitas SENAR PANCING QINGYE,1817826973,Phụ kiện thời trang
train_3648296149,bd2516773de69bced0ccd1804c80fcc0.jpg,bdc5c2323dc96136,Nankai Spray Gun Portable / Paint Gun Semprotan Cat Murah,3941431049,Điện tử
train_2808105621,c98a4d4927c50e1a2a67df0a21d7050c.jpg,e539c7949e0e98c9,Jam Tangan Pria Casio G-Shock AW-591BB-1ADR Water Resistant 200M Black Resin Band,3888390229,Phụ kiện thời trang
train_3203096732,9a5107c4f158ef64d6f340af60324535.jpg,f20fd9239db0cc8c,Zwitsal Baby Hair Lotion Natural Alloe Vera 100 mL,3872882463,Sắc đẹp
train_3195564642,3b566560f15beebbd5eaadd7ba902c8b.jpg,bcd9c786c1793c0c,WAYANG OBAT JERAWAT,3191388887,Sức khỏe
train_3514539321,3d9542b365e5c55c5d7d535937874ad1.jpg,fac50ea40d6ab55a,Alana Maxi #2/Dress muslim,2932987408,Thời trang
train_4104178817,1c994d33ced1f505ef9e3e7453b99d06.jpg,8ccacada719ec925,[MALANG] Compressed Mask Sheet/Tablet MaskNon woven/masker permen,1392492837,Sắc đẹp
train_3057581815,6a41b8faf954a34a52f0eea987e0b5b9.jpg,e93c92c4913ac7c7,Sweater Hoodie Nice Battle Lengan Panjang Bahan Fleece Terlaris,2868076475,Thời trang
train_647625529,4a519a8ae3f9db8aa2f25393c894fa17.jpg,a7b6ca1935c06e36,Sepatu Pantofel Karet ATT AB 375,1074482787,Phụ kiện thời trang
train_1981225506,c57d8176de206b952c27ef441859c65f.jpg,9ba5d2d6b548a5c2,OPPO F11 Pro F9 F7 A7 A5S A3s Realme 3 2 C2 A1K Flip Casing Dompet Kulit PU Stand Slot Kartu Cover/CS,465390075,Phụ kiện thời trang
train_1597767058,677d2320dfd7060713fc3218cf21081c.jpg,b9e49693c49ac639,FA40 2 FOCALLURE 18 Colors Shimmer Matte Glitter makeup Eyeshadow Palette With mirror,3000452258,Sắc đẹp
train_3575257305,bb88fcb57bd5df289ac3d912a660b590.jpg,bd3993444f0d9237,Face shield kacamata safety antifog face shield nagita pelindung wajah APD artis Nagita [KFM],1322749330,Phụ kiện thời trang
train_2792965391,d9eeaf867a270d791c577695abc21c0a.jpg,9cd93b1d27947186,MIRAEL Sugar Waxing Kit  Sugar Wax Hair Removal Penghilang Pencukur cukur cabut Bulu Rambut Ketiak,2260370623,Sắc đẹp
train_918171638,ca545c28a8f1e668d915414f455a64a4.jpg,fac6e69064c3cc99,ABACAGA ; cara praktis belajar membaca untuk anak usia 4-6 tahun,1780690017,Nhà cửa & Đời sống
train_1453735902,c21f2fe7888b8ef4c55a655adbc6f253.jpg,a9ee32e9309d7291,CUSSONS BABY Moscare Skin Protection Lotion/Lotion Anti Nyamuk CUSSONS BABY 50 Gram/50 gr/50gr,2062263771,Sắc đẹp
train_4234844238,4edfbdf4a42c30d2a56dde1c92cd9370.jpg,cc93e24c9964bb6a,lampu LED emergency Stik Touch Lamp,1317491259,Nhà cửa & Đời sống
train_143394667,05c6b847550a523f1e4daa96c22357ff.jpg,bb0fc063363199d6,Mainan Shopping Trolley Anak My Food Shop,1762276486,Mẹ & Bé
train_2431959990,fedde46bdf3b41ae024a6f15910ad9d8.jpg,a6e0a5d9d826ea4e,Tote Bag Your Colour Tas,1864361250,Phụ kiện thời trang
train_3293609045,60096b4c445541ae9b73bb8e213259cf.jpg,ea4ad5b4a50b3a35,VANILLESHOP - Ikat Pinggang Wanita Ring Belt GC,544315614,Phụ kiện thời trang
train_1233848077,f245aec99901bca43989a7d3a107f197.jpg,eb0f1b9f97448560,Nutricia Bebelove 1 800 gr Susu Formula Bayi,2820270430,Thực phẩm & Đồ uống
train_3256580431,b7683356e831ab93ebc4329a32d72882.jpg,c978ab06ea56d22b,Popsocket Case Samsung A50 A31 A10S J7 Prime A51 J2 Prime A20S A11 A10 A21S A30 A50S A30S A20 M11 M30S M10 M21 M10S M40S A31F A205 A305 A750 A71 A7 2018 Beruang Lucu Dengan Stand,2911614562,Điện tử
train_868663735,3847130d11dd2c1da06d88e7eff481ff.jpg,b820877d9dc36339,Casing Iphone 11 Pro Max Se 7plus 8plus 7 8 Iphone 6 6s Plus Xr X Xs Max 11pro iPhone 12 Pro Max Gambar Star Wars 2020,904924312,Điện tử
train_268362394,a233af96b27b17c19d87ec1d1923df02.jpg,a6231388c8dddc7d,[PROMO TERBATAS] SOMEBYMI 30DAYS MIRACLE TONER ORIGINAL 100% KOREA SOME BY MI,1518808110,Phụ kiện thời trang
train_3128669485,88d6e74ad3e594d2f3fdeea023e262ed.jpg,ba1585f25e296a1d,Matrix obat bonding 500ml,3368076455,Sức khỏe
train_168423926,ccddd15b1fa6ffacf85b3d1276a67609.jpg,f98a8a91c575d51a,Regashi Eco Tableware Suit / Cutlery Set / Sendok Garpu Sumpit / Bahan Jerami Berkualitas,3379486410,Phụ kiện thời trang
train_1952852721,92cab45c81c4dd87b2a0275e5b693403.jpg,ec999696656a1995,ameliashop16 KEMEJA BATIK SONGKET PENDEK DIAMOND Terhits,2346934759,Thời trang
train_3239425368,de89a690f69720262b57574f85988bd7.jpg,ef859b6dc212e44a,Speaker Bluetooth TG-162 Portable Wireless Speaker LED Bunglon Bass,685296764,Điện tử
train_2178079912,d19be16f8a4e0cc9be2d5e1f49531bb9.jpg,ea9ae10a1fe23a3c,SALE..||JILBAB SERUT JOKOWI LIST KOTAK JUMBO MURAHHH..,2172855737,Thời trang
train_2957059461,902325b39650337d72be1ce112e6f495.jpg,b09ac371ce64cd39,FRISIAN FLAG Susu Kental Manis Pouch 560g,217144336,Thực phẩm & Đồ uống
train_393311179,a501144eb2510ed23efb8c795a3c8133.jpg,a3dc5e53a41aec62,headset samsung original J1 J2 J3 J1 Ace J5 J7,37526516,Điện tử
train_2224329773,8d942824c03f808ea20174122b7805df.jpg,bbd0ce30c36389e6,LAP KANEBO TEBAL KUALITAS JEPANG,4043315805,Phụ kiện thời trang
train_571427149,1a65fd8f4b9eb51c8ec169a2590ffd30.jpg,ef6595d2c0806d6d,Mainan Edukasi Musik Anak Xylophone 6 Nada,3206317999,Mẹ & Bé
train_24771716,f639920e259d350f640f964732f79ef0.jpg,ba4ec5f1660f38c8,Acnes Spot Care,87797993,Sắc đẹp
train_2051332827,0894566163a1d1004b33696276f1c116.jpg,837bf1905b68c4b5,"Jilbab anak ,mata kucing.bahan Jersey,tali belakang model angrybard.untuk usia di ba ah 2tahun",3149716162,Sức khỏe
train_1258615038,0e8d4afca13d1415b9103221a189d69d.jpg,b8b2974dc99c2d1a,ho DRESS IMPORT MORE HEARTS 823 EBV Baju Dress Anak Perempuan Import,3158152185,Mẹ & Bé
train_1610441722,6ac3d9613a8c538b3a5cad5277b0a3ee.jpg,b49bd8b623e4ab90,NICE BATTLE HOODIE SWEATER COWO TERMURAH,2868076475,Thời trang
train_4163793990,2a14a2bd4c62dcc23f40aad2201f7dd0.jpg,ae3c1f3e3487d2c0,BABY SAFE SLOW COOKER LB007,3861383453,Mẹ & Bé
train_560613994,5ed7c652f258358a5b7b3f3d50bccd1e.jpg,ec3993c687669239,Klairs Supple Preparation Facial Toner Travel Size (30ml),2463157749,Sắc đẹp
train_2364009116,d963bec2bffb2c22d7a1e10e6299f6ef.jpg,9484e361bc5ee783,KAIN KANEBO / KAIN LAP Plas Chamois BERKUALITAS,821583868,Điện tử
train_2724295008,bf72a5e46e5476b0732a48c97fbb00d9.jpg,b6f8cb83663218d9,SEPATU ZR-143 KITTEN HEEL METALLIC MULES,1840210388,Phụ kiện thời trang
train_2005573198,eae5006b10554608b12c492970c73d62.jpg,a70d0d270d73dad8,Madame Gie Color Pop Lip Balm - MakeUp,852765968,Sắc đẹp
train_1321295918,0f59b47289acaa0f26c9579b67d90787.jpg,bdcec2b0d145ca2b,Kain stoking bunga polos,342878230,Thời trang
train_132349606,057b576b6d3c179edd5a01bb22f55289.jpg,ea9395159612f663,Dress Salur Malone II Lengan Pendek - Miss.Simplestyle,478812549,Thời trang
train_2295343152,444a51b6a878c02e074a2b3f0158dad7.jpg,f96af9c491b90a25,Helm ink T1 helm dewasa model cx22 double visor 2 kaca free stiker ink standart sni,1601035878,Nhà cửa & Đời sống
train_106555062,4803d34f774846be67ea5de229563711.jpg,af78c0e1878f8b8c,CRRJU Jam Tangan Pria Casual Quartz Analog Anti Air + Tanggal Aktif + Strap Mesh Stainless Steel,2856557907,Phụ kiện thời trang
train_1310693057,ce2edba725565d52b58aa63cf0f293f9.jpg,9dee91dc9068b361,Laudya \xe2\x80\xa2 Zalfa Tali (cadar) Hijab,3248907724,Thời trang
train_3297252603,b25abc6ad8569976039d4929105a544a.jpg,bb819c7a7c48b16a,Alat Akupuntur Meridian Massage Pen - Alat Relaksasi Otot Saraf,3835290373,Nhà cửa & Đời sống
train_3139460883,27623e06d3ad398d48013734ff47cc90.jpg,beaa85d6c948d60d,Buku Cerita Seri Anak Muslim Paud Full Colour Dua Bahasa Billingual,1375664237,Mẹ & Bé
train_369280305,f7ad5619e3b6189656c655b0776692f0.jpg,9d82ee65833f1a70,Soklin Pewangi Hijab 900ml,3046430399,Thời trang
train_802081389,ecfac1eb4bdf24bb9f86bff75af02fcd.jpg,9f1de0e1c28ce4ce,Piyama Anak Usia 8-10 Tahun -VOL 1- (Size 10) Saten Apple,227001881,Mẹ & Bé
train_4105332863,26b6dfb543111e5d0b50003736966bcd.jpg,e9039690e76b1e1d,Kipas Genggam Portable Minnie Lucu - USB Mini Cooling Fan,506623322,Điện tử
train_2377621459,43afc8f1febc49e3deb83f9bded96b21.jpg,bfb7c84ad1c86690,Tenda AC6 AC1200 Smart Dual-Band Wireless Router,3087853939,Thể thao & Dã ngoại
train_1958288761,698db828de9093b25ea4fcdb6c7ab458.jpg,be8dc6f3e1022587,Gamis anak perempuan (BAYAR DI TEMPAT) 5-11th size M L LETICIA Saleha Series Lebaran All White,1274738046,Thời trang
train_1903429305,c4cd748cdee015c48f56690426d96574.jpg,a81bd3e58c8f3b60,SABUN TEMULAWAK OVAL BPOM ORIGINAL,3179325637,Sắc đẹp
train_328393562,8e2bc9ba73f6c91ad4f095a66a73371a.jpg,eabc94c3c140dbad,NEW!!! SEPATU SNEAKERS XBO SPORT,3815469593,Phụ kiện thời trang
train_2907160614,20ea4435515ea26808f93394806ec3d0.jpg,e5636f86de48a05a,Cover Sepatu Elastis Anti Air Hujan Waterproof L905 Pelindung Sepatu,2434549853,Phụ kiện thời trang
train_3518026116,a9da75cbdd2a9d20b5576cfe28dcf64f.jpg,ebd19746c431c30f,[ORIGINAL FILIPINA] MAXIPEEL TRETINOIN HIDROQUINONE TONER ANTI ACNE / maxi peel / MAXI-PEEL,3240547545,Sắc đẹp
train_3931492058,d26b816858e2e1f93ecaaad7bf77ca4f.jpg,e34e8d9d8e999036,nivea extra white instant glow body lotion 200ml,1367754390,Sắc đẹp
train_102771198,e045b629446c320e5bb9d4f318234adb.jpg,b94b06e9f1869596,Mitu baby ANTISEPTIK wipes  2pack @ 10 sheets,4201525448,Mẹ & Bé
train_485738578,fc405056d2feecc5050cf58f94ff06f1.jpg,aecb96b4c99bb024,Connector Adapter Charger Micro USB Android to Type C,4038613836,Điện tử
train_3816608919,6e6afc4cccdceb3a7a8de1acfdee503e.jpg,ea0ba7f6ac86c8e0,Stelan baju tidur doraemon .XL. 3in1,2706567003,Thời trang
train_2651778363,27c37424aba8de558ebbed8d9eb7d80d.jpg,b823e7473838c9c7,"Magastrol Forte obat asam lambung dan maag (175grm) atasi maag  gerd, asam lambung (beli 2 gratis 1)",2684150012,Sức khỏe
train_2324379594,42536eca9fa394eb98304af2e1750c84.jpg,b1699e96a5cfc242,Topi Baby dengan Face Shield / Topi Bayi Anti Corona,975789094,Mẹ & Bé
train_3798242061,69c27e3e47efe1c526744dd24a60b719.jpg,e78cc8d11bc46e55,Khimar hijab jilbab/syari Trivia Oval,3345443347,Thời trang
train_2177735328,7f358eecf0289d4c9d084780547d75e9.jpg,80dbfcd966c713c0,Jilbab WATERSPLASH Polycotton LASERCUT / Potton / Anti Air,2146953902,Thời trang
train_484876973,c45dbde19e60ebc64f43e789d9a2c787.jpg,b4cac1cacbcbcba0,Paket FDR Dozer Ukuran [ 80/90-14 & 90/90-14 ] Ban Motor Tubetype Cross (Tidak Tubeless),1986524901,Nhà cửa & Đời sống
train_2487658275,041c4ed0dfca106e6f3c76ce705db152.jpg,a69d9d8c99268d27,Botol Minum Olahraga BPA Free Sepeda 750ml,3524864138,Nhà cửa & Đời sống
train_1133966700,e1ffd31102cb012bec774ba9c0444332.jpg,965cc86bad586cb4,Sepatu Pria Crocodile Armor Boots Armour Safety Armor Original Hand Made Boots Traking Hiking Outdor,2924011847,Phụ kiện thời trang
train_3333482635,2488c10a5f22f2f63131df2c85bca886.jpg,ca46b5aa35554ab5,Kipas angin Mini Portable Motif Bunga / mini fan recharger USB terbaru,153348643,Điện tử
train_987074750,37164e715b829be86c8b7bf829d7b942.jpg,bbc0c5146f6e908f,PANCI LISTRI ELEKTRIK MULTIFUNGSI PANCI MULTIFUNGSI ELETRIK ALAT MASAK TRAVEL Q2-8518 / Q2 8518,912986022,Nhà cửa & Đời sống
train_4290561303,e2b04011572159a74ff3bda98d50af73.jpg,b6f6e8d8d2109d31,Khimar kayla / jilbab kayla khimar 2 layers pollycotton,4237830533,Thời trang
train_269261038,11c99444f8f3b7a9c21c22f2731f31bc.jpg,ad50bd72f3ae8428,Kemeja Flanel Lengan Panjang Distro Merek REDBLIT dan GREEN.ID,1835591307,Thời trang
train_1759697718,7606e976832871c408fee06315ad5c08.jpg,bbc618c31cf31e61,Lampu aquarium Led celup Yamano 40 cm -T4- 4 Watt warna PUTIH BIRU,2860060458,Nhà cửa & Đời sống
train_2197132622,e20cb941bee4dd6fe2fd71da363df349.jpg,eb94943a8dc192b7,Kaca Helm KYT X - Rocket Original Merek Clear Kaca Irridium Silver dan Pelangi,566910699,Nhà cửa & Đời sống
train_3052373051,2aad67384939b1727c3bc8958e3eda61.jpg,afd3b0c862300f6f,\xe2\xad\x90Gogoland\xe2\xad\x90 R015 MANGKUK MASKER SET / MANGKOK MASKER SET TERMURAH IMPORT JAKARTA,342474231,Sắc đẹp
train_2075710252,4049d79914a82381fe84dd1661bac7b6.jpg,edcbd2b4341c9661,SUDOCREM BABY CARE CREAM 125 gr,2399065173,Sắc đẹp
train_1013298657,b0d081ecf86fa6430eadfd7abbf24517.jpg,9e91e16ea4565539,E13 KAOS ORANG TUA SITIK MARAI / KAOS PEJUANG RUPIAH,3148189880,Thời trang
train_3515837310,712416a08aa88d80d78a1f11c860825d.jpg,deaf9160859a0e6e,Jalu Stang lampu motor / jalu stang motor led / Bandul Stang Motor LED DRL 2 in 1 plus sein,2799192943,Nhà cửa & Đời sống
train_1561458167,4f3d1ddcc1a952c079c7910d317de7ca.jpg,bee6b903e3325065,Mini Tripod Spider Holder U Medium / Tripod Mini Octopus / Tripod Hp,359918838,Điện tử
train_2078576963,2864365735411042a4f9b403ef9c469f.jpg,bf22c0d8b6276d98,Gery Salut Malkist Bag,1355658137,Phụ kiện thời trang
train_2983420652,889bb32c76ebcf50a77d79edc181bfc2.jpg,94c31fac4e33633c,SUSU SGM LLM BEBAS LAKTOSA BEBAS LACTOSA 400 gr | SGM LACTOSE FREE 400g,4005327891,Thực phẩm & Đồ uống
train_3132073595,6a1db5fc25e3360a564cc9d4d9b9b386.jpg,e4c996969b33986c,Khong Guan Classic Chocolate Wafer 350gr,1980729470,Thực phẩm & Đồ uống
train_2601766721,a2213a10e02ab416ca58bc4614dd6f3b.jpg,bf3dada52525608a,"Toples Plastik Ikan,Kue Kotak 1 Liter",1119944481,Sức khỏe
train_1405046275,61043d997c125333bab4c2ce3885258a.jpg,95d0ca2f92c02f3f,5pcs tespek testpack strip tes kehamilan,2999794436,Nhà cửa & Đời sống
train_2406723712,03ba8b8f7a3781acc61788dc557af1d3.jpg,bec3c83c676c32c1,ALAT PEL (SPIN MOP) MURAH,3722454208,Nhà cửa & Đời sống
train_1514416692,c810589eeb96f2a39515a9cea7946483.jpg,fb2631c83b689cc6,READY STOCK Masker sritex asli masker anti air anti microbial,213095167,Sắc đẹp
train_2691745534,cd915371bf68b148269ea120cfc75d3a.jpg,bc3cc3c294d497c3,Pop Soket Handphone Holder Smartphone Socket Dudukan HP,4054467630,Điện tử
train_2631466767,4e30ff270fcd36af031381c4e837b228.jpg,eb788197606a9fe0,VAVL VIGHTNE Blemish Serum by Virginy Valentine (vivalentine),994244516,Sắc đẹp
train_2128389901,da40fa048d61c6e33928b5ef6794ea9a.jpg,b7ca105fa21d6356,"[ORIGINAL] [BPOM] Implora Cheek Liptint Lipstik Cair Lip Tint - 5,5 gr",3627744656,Sắc đẹp
train_3646030103,f535cb03285a938d90693d7e7f032646.jpg,b992962cc76cc669,Lactacyd Baby 150ml,1517086716,Sắc đẹp
train_833895521,47be6c60b7bd09d758199331b78d74e6.jpg,c9a98d81e7cd269c,gamis syari anak delisa,3747659364,Mẹ & Bé
train_2120597446,03d3c97610540792cb5e53889160cd29.jpg,f536d254cbc10d2d,3M VHB Double Tape Automotive 4900 tebal 1.1 mm size 12mm x 4.5m - 1 Pcs - Merah,2819310070,Nhà cửa & Đời sống
train_614977732,fff421b78fa7284284724baf249f522e.jpg,ad27f0d08c0fcbf0,KHANZAACC Robot RE101S 1.2mm Subwoofer Bass Metal Wired Headset,4101248785,Điện tử
train_2309988963,8f4cb06ef5215309d0d1b0aa37f0f875.jpg,8aa71ae50ad1b66d,Diamond Bright Teatree Marwah Skincare Halal & BPOM,1438196802,Thực phẩm & Đồ uống
train_3698268077,4a38d15ad6af8ad8187007247ac47fb8.jpg,ecc79bcc9331861a,Dancow 3+ Madu 800g (EXP 2020/2021),1371102131,Sức khỏe
train_3395874530,d25f53c03694d071ffbb0f2424395606.jpg,9f320463652f3ef0,[1KG 30PCS] JOLIECOLLECTIONS GELANG NON LED ANTI NYAMUK STRAP SILIKON ANTI NYAMUK MOSQUITO REPELLENT,3042357886,Phụ kiện thời trang
train_728411534,34a5ca601e08433ef5165c970171f0af.jpg,b1da4f8e30ac562d,Antiseptic E-care Hand Rub 100ml,983611821,Sức khỏe
train_2163813131,50d85bd6ca467a07c51431ec2d765809.jpg,bcc6c31dc363c32c,Alat / Mesin Cukur Rambut  SUPER TAPER Classic Series,2370163267,Nhà cửa & Đời sống
train_3270828831,ba7cc7caf8555f7cb4180e5bc0917fe8.jpg,c0c8bf4f6aa49593,TOMSIS Bluetooth Shutter for iOS Android Selfie Tongsis,337384748,Điện tử
train_492429994,fdfb87952bd61dbd12dd128e757de213.jpg,eea07bc4cad98e48,Mask 3in1 OMG Slayer balaclava,2882118033,Sắc đẹp
train_2511545491,2ff5b82bbf2419434614eb4c47664194.jpg,928d397239e8f08f,Susu Almond bubuk Premium / Brain Nutrition & Scin Care / Susu Nutrisi / Halal & Aman,3721820266,Thực phẩm & Đồ uống
train_2373787807,0b71979d9507930f4890e4c7bc3325e1.jpg,bc80d08bdb2fca2d,Jaket Distro Sweater Hoodie anak Laki-laki perempuan THE SIMPSONS FLEECE TEBAL,3417390088,Mẹ & Bé
train_1477190916,7a302afd653e7cabf840547aa8410d03.jpg,bc9802fc7168ee53,Slim Fast - Slim Fast Slim beauty Product - Obat Pelangsing Badan Diet - New Product Rachel Venya,3524306172,Sức khỏe
train_4118047306,d2c64e5603b77c4b984e55001aa31a1a.jpg,f99683c1bdc21678,Najibah couple set moscrepe premium / baju pasangan terhits,3784581239,Thời trang
train_3646275694,eda8ecdc9fb4f277b0ce7105162c34d6.jpg,df45903e6e481a97,Gagang Sepeda Rubber Ergonomic Grip MTB Handlebar,3721902094,Thể thao & Dã ngoại
train_3363242343,9745896c1bbf9ca3ef8fca8b4f855b32.jpg,e653d954d2cc4b32,MS GLOW NIGHT CREAM,3594689523,Sắc đẹp
train_4280742547,61d716e8e738a0fcefdab29b6b7a6e28.jpg,b993ccccb63191c6,Nuface Facial Mask 23ml,2709172334,Sắc đẹp
train_2814934063,18dfd9fc850fc7eb9c0b0957feb02d7b.jpg,e81b0413d3ece6dc,"[DEAOFFICIAL][PROMO RAK SET 3IN1 MURAH] Rak Gantung Tas,Sepatu,Jilbab / HJO,HSO HBO",2871930336,Phụ kiện thời trang
train_2679153248,6de80c69f592203c3af707cb336d8976.jpg,e78933cc668ccc66,Pigeon Baby Lotion 100ml Paraben Free,375771768,Sắc đẹp
train_2174915638,1524e4c9295945c1c911ed72816e908f.jpg,b1a85ee51c9dc49a,"Nutrinidrink Powder vanila 1-12tahun, 400gr",899136538,Thực phẩm & Đồ uống
train_3694650762,77be4c77ce7b20e04572e9633381e963.jpg,d3c7bca7b444506a,MIXIO RING LIGHT LED 26CM Lampu 26 cm Make Up Vlog RingLight Lampu Ringlight,3642363310,Nhà cửa & Đời sống
train_1464178472,e930cdb5faf8a4fd25a5bb3c9e49f0fc.jpg,acb4d14b836533e5,Gamis anak perempuan (BAYAR DI TEMPAT) 5-11th size M L LETICIA Saleha Series Lebaran All White,3510018093,Mẹ & Bé
train_4056039763,a7729d1ae7664ceb6725292d81f091bf.jpg,ba9b6165368e8969,Lampu Jamur Mini Cup Mashroom Lamp,3599057523,Nhà cửa & Đời sống
train_65670767,0c2efac2e9392243c1bf5675d264d022.jpg,dacbd316a4d84a96,MUKENA ANAK POLKADOT PINK 3 UKURAN,2158225477,Mẹ & Bé
train_2404931200,1747e46dcdbc1365326ef70a339c7bbb.jpg,fa4ac03987a5b437,DapurCantik Shower Cap Karakter Penutup Kepala Anti Air Topi Mandi Lucu WaterProof - SHC,2939560975,Nhà cửa & Đời sống
train_2047796353,8cbdf270d18228bb8dced79278f84c51.jpg,dbe0e2299d24a43f,SARUNG BANTAL POLOS PREMIUM (20 PCS MASUK 1 KG),1276663479,Thời trang
train_528204741,8cdb865bda77b285e05734626a7b476b.jpg,dbfe212d78929588,LOVERESS DRESS /DRESS BRUKAT/DRESSMAXI/BRUKAT WANITA/DRESSWANITA GAUN PESTA PANJANG GAMIS BUSUI,1662373776,Thời trang
train_164017356,07f3ecfe834e8836e6fd4a76b72d7ede.jpg,e699cc233366cc99,ACNES Point Clear 9ml by Ailin,218549532,Sắc đẹp
train_4246559028,6340f7e606ab5fdf65cd8280986b9e37.jpg,954e6a29f28dd709,MS GLOW DARK SPOT SERUM,3512233465,Sắc đẹp
train_1542212684,51fda7490c5951badf5273fce4e23e2a.jpg,a0cfdb6c0b6298e3,Parfum baby zwitsbaby 30 ml,3497975685,Sắc đẹp
train_1174544705,edec452a8329ea31c81e20cf3a31f169.jpg,dce3a193bd28918d,Bio Oil 200Ml / Oil for Scarring / Strectmark / Acne Scar Removal Bio Oil 200Ml/Minyak Penghilang Bekas Luka/Strectmark/ Penghilang Bekas Jerawat,324620723,Sắc đẹp
train_1928526615,5a7e5c7563c9e7c0e20e51e4f3de76c0.jpg,a5838b2de4d36cd4,Kurma Bam Mozafati 500 gram All Merk Bam,3108610938,Thực phẩm & Đồ uống
train_1640873048,d3efe62ec525bbddd655eb1de79e1ac4.jpg,fa7ac1a0979781c5,DT.Shop.Medan Pisau Set 5in1,3124955518,Nhà cửa & Đời sống
train_1513019401,54dd1739c1be348f6b42bcf7e702a234.jpg,fec0c1d84239cf4b,MARS - SET SETELAN MICKEY MOUSE,4258787333,Điện tử
train_3473218488,0e6cc4b65022a463f74d45d58df089a9.jpg,f986e3388f01d665,Garlic Grater Alat Penghalus Bawang Parutan Bawang Jahe Onion,290747084,Nhà cửa & Đời sống
train_2480428289,fd396ae0a63329c9e13deaed13c76f91.jpg,bec0c16ac03f6a9d,Shannen lipstik shanen creamy lip paint,1381597103,Sắc đẹp
train_4099484977,51b83dc57d5490a9c6577403cda418ec.jpg,c2adbd52ac9d2346,LACHEL VITAMIN C / Vit C 100% ORIGINAL VIP DISTRIBUTOR NO 1.,1911010635,Sức khỏe
train_147530554,f4e074ad07012ea0146c66d2d7d8716a.jpg,bee219a6e01d4bb8,Toko Perlengkapan Bayi Kasur Bayi Perahu Lipat Kasur Perahu Bed Cover Bayi Bedcover Bayi Guling Bayi,3010010739,Mẹ & Bé
train_2984359562,785d132cba64e645768b6533d8122021.jpg,b81e8749e0f1d8ec,Kabel AV PS Sony playstation AV Cable Connector TV,576717309,Điện tử
train_551394375,938124936d2b5b52d128529ef3875385.jpg,b6e2d939ec844a33,Gantungan baju hitam plastik / hanger baju / satuan TL-82,1337487625,Thời trang
train_913594188,210232b90ae36ab90e0a6d9389f49318.jpg,d198a647b9183ec7,Rak Minimalis Vintage,1957422453,Nhà cửa & Đời sống
train_2468520375,0777cb1521f7357fccc47ea4790e0a44.jpg,a6c889277ac8a73e,"Asepso Sabun 80 gr Original - Kulit, Antiseptik, Gatal, Alergi",1931898332,Sắc đẹp
train_2132940211,94feedf9b76e46d3259ef3b5f9bca4a8.jpg,bfc3c038c3c36533,[READY] VIVID VOGUE Original Magic Automatic Hair Curler / Catok Vivid,4186791151,Sắc đẹp
train_289422856,58cec0a92d137c422faef9095efb265e.jpg,ea6a85971c6b6274,AN0405 Neppi Antiseptic Baby Wipes Tisu Basah Bayi (PROMO BUY 1 GET 1),1458375558,Mẹ & Bé
train_1905063016,bfa86f84a3c888a3c71f4c4f2a39da18.jpg,ed6a90413a36eb93,MASKER KAIN TALI LUSINAN (12pcs),2675366031,Sắc đẹp
train_1716084081,6a86d8267069bc02104c84c99b061114.jpg,fa3f9580c0c46e6b,BIJIAN 80 x 120 bendera Indonesia - bendera merah-putih - bemdera Agustusan - bendera kemerdekaan,486399472,Nhà cửa & Đời sống
train_2882509827,5c26ba3adf7bc4bcb4030823d5bfd1e8.jpg,b88d3a87666cf168,Nutribaby royal 1 uk 400gr exp okt 21,354095452,Mẹ & Bé
train_1601836260,88cbf93df86267d28cfc77d2a7f9bcbc.jpg,ca41a57fc8c3969c,CBNK 001 PLUS | Perlengkapan Bayi Set BED COVER Bantal Guling Bayi STARMoon NAVY YELLOW | Kasur Bayi,765989615,Mẹ & Bé
train_2751298871,6e06e5baff62b7a6a442c5ed904c436e.jpg,ea9e91988d97c54a,RSB COD Sendok Garpu Sumpit Polos Set 3 in 1 KODE SPS11 Perlangkapan Rumah Tangga Murah Dapur,1784120114,Thời trang
train_3404082299,a3e68387ac4d86295ede36eac70486ea.jpg,dd506a5de8a86ba8,( RIC ) Face Shield Kacamata Nagita Import Termurah,53867738,Phụ kiện thời trang
train_3550539933,3b2012e8faedadb55ab5ce4a55ec8bab.jpg,bdc4c14d7733d403,MICC(16PC = 1KG) NEW STYLE 2020 MAGIC WATER BOOK PB 180 BUKU GAMBAR MEWARNAI ANAK.,925894523,Mẹ & Bé
train_385551088,ca4196eddfe5dd81c936e7546d13cbe2.jpg,b38e0ff00ddb308d,PIGEON Cleanser Refill 450 ml - pigeon Laundry Liquid dan liquid cleanser 450ml - REFILL pure baby,2050805990,Mẹ & Bé
train_123198063,92d7e9c65651fcf85de765823a6775ae.jpg,b3d2cc3e31c0c13f,[LK] Dress Lengan Panjang Model 2 Lapis Palsu Motif Print Garis + Pita untuk Bayi Perempuan,1703080211,Mẹ & Bé
train_3097670386,53c0f675e57b56a46dfcb25b903231dd.jpg,e60e37217e666326,Ins Kalung Titanium Fashion Rantai Huruf Liontin 26 Hadiah Huruf Inggris,4116684863,Phụ kiện thời trang
train_2594378939,82fa523ec9ddb232d5893d73ae268a15.jpg,8f96693c4b858d8d,GH 96 Pockets Album for BTS/EXO/GOT7 Lomo Card Photocard Name ID Card Holder,713943303,Điện tử
train_2854403123,d9b93efb345d93f37b7085e436bc222b.jpg,b30cc893177d331e,Candy iphone case Beschermende Bumper Matte Transparante Telefoon Case for 11Pro Max Xs Xr Max 8 7 6 6 S plus Candy Kleur Back Cover,59413042,Điện tử
train_459859536,5b11b13e323216fbfb8fe91778fdb9d8.jpg,b0938f25d25acea5,BD 829.C GAMIS ANAK PLISKET POLOS REMPEL SD KECIL PEREMPUAN IMUT GAUN PESTA DRESS CANTIK POLOS MURAH,3602809108,Thời trang
train_2332344243,45b042252d38be023f9446e165dfa798.jpg,d62d7b8334b34368,GURITA BAYI / GURITA IKAT / GURITA TALI NEW BORN,3603330933,Mẹ & Bé
train_4157769313,dc04c9b607aebc0db8394c496a2e41ad.jpg,c0d8ef5e332da941,PIYAMA JUNIOR USIA 6-11TAHUN TERMURAH,227001881,Mẹ & Bé
train_3976583605,d8f38e0d93250393176b618c5ab1275a.jpg,c0e473992e1f3cb8,[OJGEE] - Alat Pembersih Telinga Lampu LED / Flash Light Earpick / Alat Korek Telinga,349297863,Nhà cửa & Đời sống
train_2655264902,0ae4ecf766912bd5a9ecd564645cfb65.jpg,b9716146ec4ec6a5,[BELI 1 DAPAT (1) FREE MASKER] BPOM 20GRAM MASKER LEA BUBUK BY LEA GLORIA,616627108,Sắc đẹp
train_1211058039,b903e22c255874e8d867162bcc9a95bc.jpg,af8d429993d4529e,PENGIKAT gorden karakter  / PENGIKAT hordeng karakter,1567546519,Nhà cửa & Đời sống
train_3110949178,3057eed481613b698f14c17d2f73f2a8.jpg,837018c39b9e69cf,ORIGINAL LIPCREAM  IMPLORA ORIGINAL BPOM implora lipcream  matte,1761331094,Sắc đẹp
train_3576573371,23b087408c28189e7d94d09423d25205.jpg,e993926d933ac43a,MASKER SENSI DUCKBILL,3659553730,Sắc đẹp
train_3885242179,50681477d6b987cf69e6fa731e58487d.jpg,b3d7dc44dc14dc18,GAMIS RINIA TILE / GAMIS SWAN TILE DRESS MOSCREPE PREMIUM / GAMIS MOSCREPE/GAMIS BROKLAT/GAMIS TILE,1768497190,Thời trang
train_3258369102,9a6688f6fce8fa508fb16dfeaa415795.jpg,effd649040e2b153,Hijab Instan Bergo Niqob Standar By AppleHijab,2756670385,Thời trang
train_3658911564,6b6e06d2577bbfae3ca1c38a2bffd44b.jpg,bbc0ec3fc20c9768,A034 Lunch Cooler Bag Tas bekal dgn lapisan penahan panas dingin,2904236872,Phụ kiện thời trang
train_1017805959,10d720da5476d9e62fd3a89e3168e2a5.jpg,eac3b34c3c3c2c36,Dongeng Anak Hebat : Kumpulan Kisah Penuh Moral,801776769,Mẹ & Bé
train_3823296278,5fb571312a8687721a00f33556dbf683.jpg,81d219bbbe9c64c3,Celana tactical blackhawk pendek,2454057466,Thời trang
train_3149196700,b94b838931e38dd615f4d99a8e1aaf62.jpg,b39ce46a1bb548c6,CREAM BABY PINK BABYPINK SKINCARE PAKET WHITENING SERIES AMAN 100% RESMI BPOM,3430782176,Sắc đẹp
train_3132640497,8a5539295973aa449442770ea21101b5.jpg,b362cc8cb3b09c57,Baju baseball NY hitam list putih,3094586045,Nhà cửa & Đời sống
train_3681127485,9d8ae2a1b2c5a0c1ddc7ad225ecf79fe.jpg,aceed291936a6cc4,Tenda anak perempuan laki-laki murah,487927457,Mẹ & Bé
train_1648651213,deba97b9f36ea18418a92b6d1e894a5c.jpg,f3d08e96c9ec0c93,Pashmina Instant Karet Ceruty Babydoll Crochet / Pashmina Instant Heavy Chiffon,4223435503,Mẹ & Bé
train_1366396800,e946543b81f22ca256c3c554ba0cfa1a.jpg,abd487562c21f98e,LADIESBAG - 2FUNGSI RANSEL DAN TAS SELEMPANG HANDBAG BAG WANITA CEWEK FASHION MURAH IMPORT,890437751,Phụ kiện thời trang
train_640096472,0949c2337c5124a1d4b7d8e7ecad694f.jpg,cc95d34a2a0b3adb,\xe3\x80\x90Beli lima minus 7000idr\xe3\x80\x91(Dalam Stok) Fashion Masker Dapat Digunakan Kembali Topeng Lembut Antibakteri dan Masker Tahan Debu,3509200562,Sắc đẹp
train_3623979737,f84bf7393024c78fda1a61725b21da60.jpg,8974f942443f83f6,Stick N Click 3 LED Lampu LED Emergency Stick Touch Lamp / Lampu Tempel / Bohlam Sentuh Nyala,1317491259,Nhà cửa & Đời sống
train_4010157828,6cf23fff37fb0dc0e41c193a6d702995.jpg,bd0116831e2dde67,[COD] Sajadah Tas Dompet MASJID /pcs Sajadah Turki Tipis Travel Traveling / Oleh Oleh Haji Umroh,2454391220,Phụ kiện thời trang
train_1889205118,834229c6f5894693d4e071d8d0c818c1.jpg,aa9c6c4bb5d291f0,RESTOCK !!! Jilbab/hijab Segi Tiga Instan Hawa Diamond Crep,3993867048,Thời trang
train_4271440123,2b4b51384a3633fbc39beae7829ed1c2.jpg,bf83d0e5cbc5580c,TAPLAK KULKAS,2070984324,Gia dụng
train_422060732,05aecc859618f87a9a20b13f06c4ac39.jpg,be27c1d0c863370f,Rak Piring 2 tingkat stainless steel / perlengkapan rumah / perlengkapan dapur,3228859801,Nhà cửa & Đời sống
train_3303531647,968c4594e88ed40007fafe98d9061c52.jpg,ac789247c76d9a38,SCARLETT WHITENING FACIAL WASH - SABUN WAJAH SCARLETT,1466746532,Sắc đẹp
train_505874320,db6ebb243eb95a6ee09c126663ed6ec5.jpg,bf60c63f90980fb2,Home-Klik Maspion Panda Fit A Set Wajan Penggorengan Sauce Pan 16 CM & Fry Pan 20 CM,1528519934,Thực phẩm & Đồ uống
train_570835170,be01d76e9bb4eac35add858d8d7689a4.jpg,ebbcb44ab4126ab4,Digital PH Meter Tester Alat Ukur Keasaman Air PH009 High Quality,714653030,Nhà cửa & Đời sống
train_2953105686,421726eb684fc23bc9523160fec5f305.jpg,eca5911fd389e072,"Daster lowo "" daster jumbo"" daster murah"" daster hamil"" daster kaos"" daster hamil"" daster bali",58373429,Thời trang
train_813352872,0d537596226ee959128c50a16fde45d9.jpg,ed92966db03c8996,Handuk Bayi Anak Little Palmerhaus bamboo - BAM & BOO Premium Baby Towel,3496576043,Mẹ & Bé
train_2317912745,3670fbce039bb2978f4481d486d0b820.jpg,e48a199de23d72b1,Madu Uray 640ml,1349674444,Sức khỏe
train_2507939814,f130365179d4498840f50519f1ba65b5.jpg,b08d4fb16a1b8d5a,KOPI BALI Parfum Pengharum Mobil Biji KOPI ASLI Pewangi Aroma Gantung,377021214,Thực phẩm & Đồ uống
train_2363227623,5e46d6c8f2bfdcd37837865beaf4c615.jpg,e714d86992669de2,Rantai Sepeda Taya 5-7 speed,1357669478,Thể thao & Dã ngoại
train_3930950696,99341529b5dd01a47a934a2df1339aae.jpg,aeca94705b36462f,Size M-XXL Celana Dalam Wanita Brief Seamless Renda Seksi Nyaman Panties Ice Silk Undies Underwear,869411066,Thời trang
train_1553653300,63eb739d5ec8346fa6c0010fce8fc1c1.jpg,c18577532ee31974,Helm Lampu LED Sein Strip Tahan Air untuk Motor universal,129257769,Nhà cửa & Đời sống
train_4184151264,a59a6420fd0eaadb88c80bcdfae6980e.jpg,e94e86999665cd31,Sustagen Junior 1+ Madu 800 gr,156307992,Sức khỏe
train_249891543,bcd57c3d44d8247d29d0a223a1fa49ae.jpg,ebd868c6d8d0913b,Cream HN 15 gr Beli 10 free 1 + FC Sertifikat,971745133,Sắc đẹp
train_2604130876,9cec74e4db4e85cbf46bbbce772f11a4.jpg,8a9d8f4fa5429936,Peralatan Dapur: Botol Minum dengan Sedotan Lipat Bahan BPA untuk Lari/Olahraga,2923349052,Nhà cửa & Đời sống
train_3818114093,0e460b0037ebf14a0efcc0c736acf50f.jpg,ed66da9ce125e121,ROK PLISKET PRISKET  PANJANG WANITA MURAH REMPEL,245619002,Thời trang
train_2144063103,b4aaa9db7c0a2babb67cb901d859efbb.jpg,b9c2c42f863c78f8,Spon Beauty Blender Telur Belah Besar,4141124289,Sắc đẹp
train_1291941414,9af724a6788781ce09cb53d68d6daa11.jpg,cd6bd4a0af294696,Polos kuning tekstur salur 45 cm x 10 mtr ~ Wallpaper sticker dinding,3073121350,Thời trang
train_3570051929,2f10b4011b80801d36d03d79c16e986b.jpg,ea9cc26795c09c6b,E BOOK 3 BAHASA - MAINAN EDUKASI EDUKATIF ANAK 1,2217558127,Mẹ & Bé
train_259276572,0fb47da07e0819c99dfb09d9198e567a.jpg,b3cecc31ce63988c,SOMETHINC - NIACINAMIDE + MOISTURE BEET SERUM,2094156082,Sắc đẹp
train_2816234027,bf5e3211aa66231d31ee2cb0ae27dca9.jpg,bdf1c11f870ec226,Tas Selempang YQM-1 YIPINU Pria Bisa Wanita Tas Anti Air Watchkite New Model 2020 HOT PRODUK,4046738105,Phụ kiện thời trang
train_260283758,99df7f934230a84a1925e63b4a494e0a.jpg,a6bed9419b23db04,Sandra gamis Busui Armani silk size S-XL,1045307739,Thời trang
train_1641882347,e1666e230eb97514910f243dc05fe3eb.jpg,b333379794c4c4cc,HC Tutup Pentil LED Nyala Per 1 pcs Lampu Roda Ban Mobil Sepeda Variasi Import # Bisa COD,1575763518,Nhà cửa & Đời sống
train_2552509963,6a8ccf89934b4cdae03e93b8c9e4d599.jpg,bb64111bf0cbcca5,Cussons Baby Cream,4277487223,Sắc đẹp
train_2632437328,99248bde09e3605e1af393860df3f4f4.jpg,e4c6ce989b30cd66,Pertamina Enduro 4T 800ml 20w50 Oli Motor Mobil,76856064,Nhà cửa & Đời sống
train_2555825988,85fd4c010873ff981324eb84edb40dbf.jpg,e26f4e911c671b16,[BISA COD] BELI 2 GRATIS 1 -  SABUN TZUKI SOAP - SABUN TZUKI PEMUTIH ORIGINAL,3489985175,Sắc đẹp
train_1612784649,008b51588806c7649b8d9f359ecd352f.jpg,93986a4db4b6ca9a,Nova NS-216 Alat Cukur Janggut Shaver Hair Clipper Mesin Cukur Kumis Jenggot Cukuran cas,3580263851,Nhà cửa & Đời sống
train_2517018743,833690ffb79204261e5cb542ecf75a06.jpg,cad2b40dad394ad6,[ MALL ELORA ] Taplak Penutup Kulkas Waterproof Cover dgn Kantong Storage Pouch,3344025533,Gia dụng
train_3816561153,f655e3febe8649ec6ec3e11c5d872686.jpg,cf8afb0ae221f494,Jas Hujan Anak-Anak Ponco Eva Lightweight Raincoat,436640459,Mẹ & Bé
train_2156970214,3076a9198f4e6d7c323523357deafcfd.jpg,ed12336d92691e9a,PAKET ACNE BASIC MS GLOW,3914893545,Sắc đẹp
train_468834165,31d798cf9cb3afd50b15953af092ee8b.jpg,e992869b9e43986d,Lumin LD2 Jam Tangan LED Sport Wrist Band TERMASUK KOTAK watch,95133165,Phụ kiện thời trang
train_3180833772,c09ba936ea8e92da2d77662349157a2e.jpg,9b955145810afdbb,COD Celana Jeans pria Hitam Strech Slimfit Original Bahan Denim 1820 Bukan Bahan Panjang Chino,3678349373,Thời trang
train_3123377159,daed3acd149ae582547e5321451e0562.jpg,ec96c6399cc9923c,Arena Snack - Biskuit Bagelan Bandung Spesial,3894284079,Thực phẩm & Đồ uống
train_2144058579,1f79245b3a62eab2908bdce885abe168.jpg,e99a71839625ceb1,Kaos Kaki Ankle Kaos Kaki Cute Kaos Kaki Motif Kaos Kaki Semata Kaki,2221897746,Sức khỏe
train_3668191898,8a54c34ac487ba72db50956625ca10be.jpg,aa878523ca78dc7a,Mama Bear Teh Pelancar Asi,1088754866,Thực phẩm & Đồ uống
train_3132135789,e86026eb5db8f0ede5ae962e54a87d99.jpg,ef849131e49a6b71,(TERMURAH 20GR) PHILOCALY SKIN PEEL OFF MASK - 20 GRAM,3581390015,Sắc đẹp
train_4013171575,195511a9fbaf1188a076a59698fd6ea2.jpg,e8b56ad702d22d74,KINGS - F297 Kaca Mata Dewasa / Kacamata Fashion Wanita Kombinasi Warna / Eyeglasess,3299141027,Phụ kiện thời trang
train_588641034,0df628702bbd6b5521cbd8444a83a5c1.jpg,bdc0c0ec933d871b,Alat Cek Aki/Motopower Tester Baterai Digital Voltmeter Analyzer 12V,3020212670,Nhà cửa & Đời sống
train_1260118146,5b411a1989e5956e7ac0d1d7cb53ae7c.jpg,ee8091cf8d78f027,Dialogue gendongan hipseat carrier 9in1 seri SPLENDID DGG1026,3421323344,Mẹ & Bé
train_4103528992,7821c2773d10f146e36b005bfffb58d0.jpg,ed92c3e190ec964b,T-SHIRT STRIPE BIG NAVY - WHITE / KAOS STRIPE NAVY - PUTIH GARIS BESAR,2720162070,Nhà cửa & Đời sống
train_3842160708,40a9736b651208ae73c6aeeea743d6b6.jpg,eb94956356799491,[Bayar Di Tempat]Kaos Kaki Pendek Semata Kaki Motif Garis Bahan Breathable,3361632985,Thời trang
train_3657698991,40405c6303cda7b0d9f859ea6eaafd2b.jpg,bed2c1641e9be10e,GEA Baby Kantong Asi 120ml 200ml 250ml | Kantong Susu Bubuk GEA 50g | Breast Milk Storage Bag 30pcs,3926100920,Mẹ & Bé
train_4280636726,b9ecf12778682cfacdd2fd2ae85ea8d1.jpg,ea4aa5c534999bd1,Timbangan Koper Tas Bagasi Luggage Scale Portable Digital,1484634930,Phụ kiện thời trang
train_3217165508,c1f49f22d5cc4abd061707e764e5ef31.jpg,fbb7c44843c61c39,Charger Oppo Original 100% F1 Plus F3 F5 F7 F9 Support Fast Charging,1858287612,Điện tử
train_2680214613,d59b2540eed3ce93fa729a74da17c3a5.jpg,dafc344473438fc1,Buku Saku Dzikir  Pagi dan Petang dan Sesudah Shalat Fardhu - Pustaka Ibnu Umar,4018561560,Nhà cửa & Đời sống
train_3257652481,8b53b9e84ae72ade9a665d3a96b0dbeb.jpg,e932d0cc3e6be1b0,Speaker bluetoot megabass,1799186935,Điện tử
train_132392284,64297e64a13675746621ce407e1250a5.jpg,b4e60ee29bc9d8c1,Miranda Hair Color - MC6 Bleaching 30ml,2600740535,Sắc đẹp
train_2767067869,10e637f4834f661a8105df4d51280f85.jpg,a219ddb6d944b385,Keyboard Toshiba Satellite L730 L735 L640 L640D L645 L645D L740 Black,3479259768,Điện tử
train_1535525351,f08c40a5de4663b73f754e2206036b16.jpg,bfe05c9ce13e908a,Jarum sim card tray ejctor  tusuk colokan pembuka hanphone android iphone  tablet,1660954169,Điện tử
train_1469169243,1f8c2b43cb3c2ad8bfaa714fa79978cc.jpg,cb95da55a4a5b44a,Pencukur Alis TINKLE,2256121048,Nhà cửa & Đời sống
train_3625501718,6d0d8a07c5d57f8b6e1ed4a097ebb6e1.jpg,f83986c7917c6386,[ COD Bayar Di Tempat ]Set Pisau Dapur Full Set Talenan dan Gunting Harga TERMURAH Import Anti Karat,1790344296,Nhà cửa & Đời sống
train_2069954713,ff6d817f89b207cb269c9ed9e0066254.jpg,c3eea4019a36cd79,Kasur Bayi Baru Lahir Kelambu Lipat Set Murah Produk Bedding Perlengkapan Tempat Tidur Baby Newborn,3188916289,Mẹ & Bé
train_3431600488,38622532c7117c20cea74b9c4623447e.jpg,eb3194046349efb6,[COD]PROMO DISKON kaos distro anak termurah poto asli / terlaris / grosir ecer /best seller,4122553815,Mẹ & Bé
train_3709317560,28056181fa2ce14fd1c4b0c47c535097.jpg,ae58f84c8cb347b4,Balon Metalik Latex Tebal,4254541203,Phụ kiện thời trang
train_2687521349,67f418789926890b1d61c8072b918ea0.jpg,bfa0d05d862b6536,NEW POUCH HEADSET POLOS MULTIFUNGSI #10052,4043327914,Thời trang
train_1372157391,f9ddac91d09292a2bc2fdb12897f12d6.jpg,bd90c0cfc3db8638,Tas Pria ZB RDN 069 Distro Raindoz Bandung Ransel Punggung Backpack Cowok Keren Sek BRAN NB-Tp BJ,1768089225,Phụ kiện thời trang
train_2026177187,5ee95074325f1716b0769f277b7dbb1e.jpg,bb81840d4e8f4d9f,Isi 50 Benih Biji Bibit Forget Me Not Haira Seed,3552186361,Sắc đẹp
train_4086864698,c304f39740c76d5328217ba0b864f1ae.jpg,b3c84cf3608758b7,coffee stik stiker mobil,1640655615,Thực phẩm & Đồ uống
train_544580404,0137b42bd1b328d5263f555787b53a61.jpg,a3cecc19d974ac23,JESINA DRESS MAYOUTFIT,1797968020,Thời trang
train_511692366,d92e639cd0e88b51a7ccf2861f18b508.jpg,eec037b46879b505,MM - Handsfree headset earphone bando J XB-450 extra bass / earphone J XB 450 stereo headphones,1788217507,Điện tử
train_3921931335,007ed1560a37f2fc76297ed06af5c4a5.jpg,facb8794856d52c2,KEDAS BEAUTY BODY SERUM BER BPOM,2217827677,Sắc đẹp
train_3984051391,bf3b402fc90f6f9c4ba139f74a6f0c5e.jpg,fc62df8cc52c6252,CELANA LEGGING MANSET BASELAYER 3/4 GRADE ORI,110635433,Thời trang
train_4130916611,67085f66e8791321853d3f1b005cb2e7.jpg,bfc3c61d39e01c26,CINDY DRES - FLOTTILICIOUS / DRES MUSLIM / DRES MURAH / GAMIS MURAH / GROSIR BAJU ONLINE,978062057,Thời trang
train_2075493723,e50fac2ddea29019a9775a5ad8277a09.jpg,aa8081af7e6e6399,Kertas watercolour paper Canson A3 200g,3065753929,Phụ kiện thời trang
train_2232408411,a8f94251963c95d2b687fadf4ed9c99a.jpg,bb9ac06684987b6b,100Pcs Ikat Karet Rambut Elastis Warna Polos Gaya Korea untuk Wanita,2045845868,Thời trang
train_280585741,c8f2a2a947e6a923efac2018dc4f3243.jpg,cf6716da81d0e8a6,TERMURAH ! Sepatu vans anak kids GRATIS BOX VANS,3575089780,Phụ kiện thời trang
train_683071252,3cd8fd7b6c63f2558174c7f90ac47d91.jpg,f8aa55d9a64694aa,CS - Jilbab Anak LOL LED NYALA / Kerudung Hijab Loly,3246359641,Mẹ & Bé
train_1903864401,80c91e4b6e43499606fffe1e4138f066.jpg,eea7e060c97817e2,Kanebo Refil Polos Sedang - Grosir - AION Plas Chamois Mobil Motor Kain Lap MICROFIBER,821583868,Điện tử
train_1578122360,4e8a6a36201ebdaad5c0978fbcc439ae.jpg,eb49999336a4c9c3,Audio Jack Bluetooth Music Receiver,1148817877,Điện tử
train_4115840862,a7c4a33ac62074edd6c518bae85a4934.jpg,80d50b7f1e4b1e4e,OSM - F406 Kacamata Telinga Kucing / Kacamata Style Korea / Bingkai Retro Bulat /Kacamata Cute Style,3958038320,Phụ kiện thời trang
train_1056832029,41087ff04cac14ce5e12a1cb4a395421.jpg,bbc6c630c96cce86,GAMIS FATINA RENDA REMPEL DRESS MOSCREPE BUSUI PREMIUM,3608734210,Thời trang
train_1952195376,2fb2b135abc183ae40533e44829a68be.jpg,803d7f806a9b697a,ORIGINAL Pure BB Liquid Soap 230ml BPOM / Sabun Cair Bayi Kulit Sensitive Pure Baby / LEDI MART,3526163546,Sắc đẹp
train_3661345234,08e534f0406afb1ed811e7c44c1e41ba.jpg,e36b8c8c96373391,Madame Gie Got You Covered - MakeUp Concealer Liquide,803317615,Sắc đẹp
train_1444069023,1b631e17dacb7962e4ca25343eaf0147.jpg,e3c96663cc269936,DRAGON Sapu Ijuk / Sapu Lantai,3692879551,Nhà cửa & Đời sống
train_1712739855,f57c0ac591c4f80257108c1f39dc07d8.jpg,a1cb9f1e7a30f043,Kemejalaku Kemeja Garis-Garis Pria SHORT SIMPLE V BLACK STRIPES E-1225,3788290200,Thời trang
train_523434566,41fa1835db359ddeac90dd7c0c346d35.jpg,e9f69d8586699321,Pulpen Kacamata Helokitty Unik 2 Pcs JCHKP02M89858,3141130737,Phụ kiện thời trang
train_3260183998,a6b04bd8feb82e31a5f3c06250775e97.jpg,ee6748bad634e403,Milly Shirt Nara Button Dress Edith Outer Felicia Set Print Series by Gelsey Rooms Official,637339345,Thời trang
train_2850622756,8844a64e8c87e95a115c2daf9c7c5cde.jpg,ee83937e91b9c444,Wahl Super Taper Made In USA - Alat / Potong Cukur Rambut,2282883770,Nhà cửa & Đời sống
train_1286535379,effc540299fe3a4b132802f0a9547a4e.jpg,fd1cc27c58d3a44c,PANCI ELEKTRIK MULTIFUNGSI ALAT MASAK ELEKTRIK FRYING  baca dulu sebelum membeli apabila warna yg di,1226500780,Nhà cửa & Đời sống
train_3717412427,4368cdc15f678c371eeaeb900ceacd54.jpg,f2c32e2cc31cbc2b,Masker Pitta Organik Anti Debu Polusi,429468346,Sắc đẹp
train_2967276237,ce1c1060c76bca9f4189c941a630bf2d.jpg,cbb61de0e14f944c,\xe3\x80\x90Dalam Stok\xe3\x80\x91Masker 3 LAPIS Anak Dewasa Kesehatan Anti Polusi /Anti PM2.5 Dicuci dan Digunakan Kembali,2821685148,Sắc đẹp
train_3696396217,23ed294941b9527e1a071e45d94d610b.jpg,abf097077aa920ad,[BISA COD] Payung Bubu Jaring Jebakan Perangkap Udang ikan Kepiting Model Payung,3189320882,Sức khỏe
train_1034209212,3b216b4052046dfd9a60e7c40a262eb6.jpg,e6199be6cc8c2666,Maspion Power Fan / Kipas Angin PW-1802 RC 18,204153975,Gia dụng
train_2721030710,3e40a5802091d826e58d1e526324c15e.jpg,eaca952fc1f032f0,Sepatu Boot Pria Formal Resleting Kulit Asli Kantoran Kerja PDH Security Warna Hitam BOOTS02,965810677,Phụ kiện thời trang
train_1872897222,3416f98205eacc90cea6a579a62dcdb7.jpg,beccc6b3e1018d47,Gamis Anak Perempuan LETICIA - Gamis Anak Baju Muslim Anak Perempuan no Reject / Produk Cacat,1274738046,Thời trang
train_1214889194,6dc25fcc7594015e424762a8e9c6d052.jpg,bfe1913b609b2925,Tas Kosmetik B112 monopoly pouch Travel,3433277712,Phụ kiện thời trang
train_1094683118,282dbc8d999de380cc7722c4c06846c0.jpg,bfc2d085963fc152,Bobo Sikat Gigi Anak Premier Doraemon,1810973719,Mẹ & Bé
train_250017382,4f0cdcbbb394b2055669d02310f4b23e.jpg,d22531ce3b382f5a,Masker Sritex original anti air anti microbial masker kain,213095167,Sắc đẹp
train_3301374871,96b38ce8021e9f9a10b9273d573bd0c1.jpg,ece6c75b93303849,Baby Safe Cup Soft Spout 125ml AP005,3854289318,Mẹ & Bé
train_147199890,a20b579a1c0801a390b352b7fc0a10e8.jpg,f7aa4cdb087d804d,Miraculous Retinol Toner Share in Bottle,1268201436,Sắc đẹp
train_3070197652,f8e3c66dd9b1eef87b4198c65b560e51.jpg,e10cd963c6969ab9,KLEM PENGKAIT KABEL SEPEDA TIPE S ROTATE 360,2819000573,Điện tử
train_2512107236,e5e49bab2ebf5d3515fcc622335230cf.jpg,c1b74d70334f0b6c,"MASKER INNISFREE PROMO , INNISFREE MY REAL SQUEEZE SHEET MASK NEW PACKING ORIGINAL MASKER TISSUE",927285629,Sắc đẹp
train_286510567,3a20a0a66fb95ce6e33cd21f1c67a86b.jpg,ea6790984f91746e,Lap Kanebo Super Mobil Motor Cafe Meja Lembut Halus Avanza,3185044263,Nhà cửa & Đời sống
train_1364840271,a0f948d4a65257084b74e8bddcd912f3.jpg,b0c44f39dd66e548,Bendera Merah Putih Bahannya Bukan Kain Katun Indonesia Merdeka,201680035,Nhà cửa & Đời sống
train_777084333,7666d3227562be0b2657d5dbff240182.jpg,b42f4bd01ec34fc8,*\xf0\x9d\x97\x96\xf0\x9d\x97\xa2\xf0\x9d\x97\x97* \xf0\x9d\x97\x98\xf0\x9d\x97\xa6\xf0\x9d\x97\xa3\xf0\x9d\x97\x9c\xf0\x9d\x97\xa2 Terlaris BPOM - Sabun Pemutih Wajah dan Badan Terbaik\xe3\x80\x90ORIGINAL 100%\xe3\x80\x91,1118581117,Sắc đẹp
train_912801437,18f6ea57d00d45e208456c01b9b22b68.jpg,a343de7d4e26ea80,Receiver Parabola KVISION BROMO C2000 K Vision HYBRID C BAND,378877183,Thể thao & Dã ngoại
train_1109400004,2fcd23022b30352cdf0ed5d37303ba28.jpg,8b0b4c44b73c1db7,Mukena lol anak karakter,4204571891,Nhà cửa & Đời sống
train_1889874908,37fab88b08a7585fc31b7702ccc34d56.jpg,c2d4b0ca4e53956f,[600gr] T236 | SPEEDY CHOPPER BLENDER TARIK TANGAN MANUAL MINI CUTTER MIXER BLENDER,295128469,Phụ kiện thời trang
train_909999756,4b4973e467f79edb7bc5b153f25b7d2b.jpg,abf5b5c0d402b22f,Kabel LAN/UTP 25 Meter Cat5E Siap Pakai Kabel LAN dengan Kepala Konek,220969354,Điện tử
train_58627456,ca064e3cb9c7fc1d9a9ba64bbaa6f7c8.jpg,f3b2cc98cd98cc8c,Pigeon Baby Liquid Soap 100ml Sabun Mandi Anak Bayi,461576464,Sắc đẹp
train_1826832194,452cbbf944a16ecaf5487badce876e48.jpg,fa93d0580f2db466,Baellerry Women Wallet Short Leather Metal Wallets for Women Candy Color  Purse Coin Card Holder,431145971,Điện tử
train_1613263062,a56dce42edaf723e50292854f2953892.jpg,ca29157e363e6895,Goodie Bag Idul Fitri 38cm x 45cm x 10cm[Harga per pcs] - Handle Idul Fitri - Goody bag Idul Fitri,2906949172,Phụ kiện thời trang
train_1291357755,9c142ada4c5292a15b1dfed3eac21f79.jpg,b1cb8e9b6430ce6c,Sepatu running 910 Noru slip on,2398901595,Phụ kiện thời trang
train_2351098922,6b4a767fa8d9b4d099cd3356e23f13fa.jpg,eb9594c281fc262f,Sepatu sport own style/ sepatuolahraga/sepatusantai/sepatukeren/sepatumojokerto,2919586208,Phụ kiện thời trang
train_3007328370,7764206eacacf52d2d23ea915db2dca0.jpg,f6cc8c8cc9c9d964,SKIN AQUA UV MOISTURE MILK SPF 50+,3212750094,Thực phẩm & Đồ uống
train_1544261770,b0e4675c5e4b30e3ef9b91286f8c8dcd.jpg,bc67c0981b69e5e4,Game Handle Joystick Holder Mobile Legend Gamepad Universal,1073703499,Điện tử
train_1632311532,bb88fcb57bd5df289ac3d912a660b590.jpg,bd3993444f0d9237,Face Shield Kacamata / Face Shield Nagita READY STOCK \xef\xbc\x88 1 set kacamata + mika \xef\xbc\x89PELINDUNG WAJAH,1322749330,Phụ kiện thời trang
train_761836328,eee046d48cd23d4714861fa3844a90b6.jpg,ed5f90a08e2c25b7,Cusson Baby Value Pack Cusson Gift Set Cusson Baby Gift Set,772217144,Mẹ & Bé
train_3629721875,3aeb73fd3e618d4c29dc70fc901450b1.jpg,dee9ad87f0708a88,Selempang bride to be / sash bridal shower,2444382903,Phụ kiện thời trang
train_3526244255,5ed7f6f0d35e12293a218e3d925d72ec.jpg,e65bcc6653611359,[Tube] Hanasui Naturgo Lightening Peel Of Mask 60gr,2701575241,Sắc đẹp
train_2632772329,70aa61956d68aaf00474f5af85c1ccc8.jpg,f281ceaccd32c746,Habbatusauda Cap Kurma Ajwa 210Kps | Habbasyifa serbuk 210kpsl,3089856208,Thực phẩm & Đồ uống
train_3570613994,50ffe9c1b54c786540d3322bc2cbd791.jpg,ede0933cc31acc93,BACKPACK KALIBRE BALFOUR ORIGINAL TAS RANSEL PRIA WANITA,1249418868,Phụ kiện thời trang
train_2812821746,40a9736b651208ae73c6aeeea743d6b6.jpg,eb94956356799491,Kaos Kaki Gaya Korea Motif Garis Bahan Katun untuk Wanita / Musim Gugur,3361632985,Thời trang
train_2118604314,73e069a2844aa19ed815d5fea8c7e1fb.jpg,bfe1c01eb5b46069,Impulse Sealer / Mesin Pres Plastik Alat Perekat Plastik Murah / ANQI1688-RH- XIF,2225683072,Nhà cửa & Đời sống
train_1211972030,b6d12cb741510f24d6e9976712e5497e.jpg,946a37613f98cac9,PAKET GROSIR 6 Pics KAOS PEREMPUAN - TERLARIS,1142038310,Thời trang
train_1506774112,550838be236ccbc84ed93c53dc5b40cb.jpg,bc1e47470f9cbc24,GLOW BEAUTY / PAKET NORMAL /  SKINCARE / KRIM WAJAH / CREAM WAJAH / SKINCARE AMAN,384557186,Sắc đẹp
train_3719788150,7c4503cae485f371a460a8cdf8250425.jpg,ed939072b32d934c,Mukena Anak Unicorn Pink ( Tas Sajadah ),420878019,Phụ kiện thời trang
train_1919664774,c8b2b4eab9bf402ac1fd98d889ac8fec.jpg,aee5931ee4abe110,HOME125 Alphabet Cosmetick Bag Tas Kosmetik,3433277712,Phụ kiện thời trang
train_3731787296,d2b7016a86400c25c782c57aa56a7676.jpg,8af3f7809c5b0ce1,Sapu Pengki Mini Dustpan set Lion Star,424835120,Phụ kiện thời trang
train_3820295082,17243c10c8ef0689ac5400f606228beb.jpg,f6b44fdd113440dc,PURBASARI HIMATTE LIP CREAM - LIP CREAM PURBASARI ORIGINAL - PURBASARI LIP CREAM,2051441112,Sắc đẹp
train_2122977119,1b8abbb5011a320e2ae3043c91bf3deb.jpg,db70a4cf8729c782,1KG ISI 10PCS | (FREE JARUM MUTIARA) JILBAB SEGITIGA BOBAL,2008989859,Điện tử
train_2371570918,2f502dba85a097e52d57d491f67b6718.jpg,db82d60b5af05af0,"Gunting kuku bayi, Baby care kit, Sisir gunting kuku set bayi MURAH se DEPOK FREE BUBBLE WRAP",3688199096,Mẹ & Bé
train_1038247831,600de50be63a133907b8a05cd25dc3f3.jpg,be2a84f00ff295e8,"[ TERLARIS & TERPERCAYA ] SUPER GOAT SUSU KAMBING ETAWA BUBUK GULA AREN, Supergoat Pengganti Asi",738311448,Thực phẩm & Đồ uống
train_3216669995,4d0076049d74e37a83e9e931b7ae8bf2.jpg,ac3d95e5c2d28794,Masker kain motif princess,2533738507,Sắc đẹp
train_3170988485,d3212cb492aea55b6dba4b8edc872b00.jpg,bf60d1fed18cc089,IMPORT SH - Premium Baby Sleepsuit Motif Dandelion,855443949,Mẹ & Bé
train_4056292552,e427afe5f5f94edda387d144c2953f45.jpg,e7c5906e9893cce2,VELROSE SECRET FACE MASK,2992234715,Sắc đẹp
train_2697402166,3e170dfd7b0b4bf0dfb8a99f6962ebba.jpg,bc36c2e093cb8d39,Sandisk OTG Dual Driver USB Type-C 32GB,3985180291,Điện tử
train_470412641,086c61e878c5235104f94a2ec51881d4.jpg,f90c86538ec3d8a7,Hijab Instan Cadar Niqab Anti Corona / Khimar Masker Cadar / Khimar Syari Jersey Cadar /Khimar Niqab,4184214313,Sắc đẹp
train_433384584,b656ae12b85567e8f54fefbecdbc9279.jpg,be5fc19891e3d0e0,Nutrinidrink Cair 200 ml (1 dus 24 btl),2155479250,Thực phẩm & Đồ uống
train_3692863050,fcfce263bfcebb6aeecc27423e1ec184.jpg,ce2fa4d3959a51b0,COD BOS !!! Sepatu Pria Walkers Mocasin Italian Slop Loafers Murah,2823893370,Phụ kiện thời trang
train_4219442185,706b7eb93cb17efb574c96f155be5f2a.jpg,bb9ece68b56090a3,WAKAI FULL BLACK/HITAM POLOS,153046498,Thời trang
train_1262302057,90e40006dc284c8f6ddd28d13398bf1d.jpg,ef149c3b9a83929c,KAOS KAKI BALET INVISIBLE KUALITAS IMPORT,3879389067,Thời trang
train_2226801890,446005ffec74248b9da535465a659c10.jpg,bc4dc3d4c6569332,TERMURAH PROMO okiko platinum size M original makanan lohan bagus,637608194,Thực phẩm & Đồ uống
train_1494918260,7582f59c5643e259cf29d77b87ea3659.jpg,b8c3c33e866c6b91,Cover Sepatu Anti Becek Kotor / Sarung Pelindung Sepatu Anti Air / Silicone Silikon Sepatu anti air,899755906,Phụ kiện thời trang
train_1938193065,867bede6fdfc05bd482ff34c3c3663d9.jpg,b321c066251f3ff1,Kacamata Hitam UV Trendi Frame Metal Bulat Fashion Untuk Wanita,1999312808,Phụ kiện thời trang
train_62116380,d74086792659dd21a55f75f71d793c95.jpg,e699999c9966cc64,Botol Minum Plastik Olahraga Sepeda Tour De France Drink Bottle 750ml,3524864138,Thực phẩm & Đồ uống
train_2316974072,0ac8a1e69683198b0464dee0823de3dd.jpg,bf63c01c4f2632cb,FVS Dompet Mini Dompet Kartu 24 Slot Card Holder,2965602843,Phụ kiện thời trang
train_933494396,344165f824fc03dd1a9c8504bb35c08a.jpg,e3249cd9dcf8dc80,CELANA JOGGER CARGO / CELANA JOGER CARGO / CARGO JOGER,1489642573,Thời trang
train_3827069215,7c15107f1297fc3883d9f44e07de4cd7.jpg,af0f1b999832969a,Robot RT-US04 Liftable And Foldable Alumunium Alloy Unoversal Holder,3587150050,Điện tử
train_3081718359,5e4f9eef7a040624b1f137a86036a7e3.jpg,b6f3c32c4c989963,"Salep KL / HL / Pi Kang Wang BAYER ORIGINAL - Salep obat eksim, jamur , koreng dan gatal gatal",3441184770,Sức khỏe
train_3541138696,6b5a48bd71b73056cd0cedf8c0b93260.jpg,bf9f80604a392d97,(COD) RR WAISTBAG AS - Tas Selempang Pria Wanita,1237550763,Phụ kiện thời trang
train_88857004,d7135858d0b639062f9d6be773cc62e6.jpg,bbbebcc0999986c0,Ciput / Bandana / Inner Rajut Anti Pusing,2008989859,Điện tử
train_2489554479,ef1f8bcc195eeb9510589bba262d0e88.jpg,bf8cc0d7c43b2913,PISAU APPLE / BUAH,952183003,Nhà cửa & Đời sống
train_639709161,bf9f3f5d53632e762d749271bdd028c5.jpg,e4939b9c9e649964,Serum 24K GOLDZAN AMPOULE Pure Gold Maison de Nature Emas,3804159527,Sắc đẹp
train_249329869,003a6fbbdf88f0f60dc074458911f01e.jpg,9a9a631adca50bda,Sambal Petis Bumbu Udang Pedas Boyya 270 gram Petis Siap Saji Bogajaya,404551210,Thực phẩm & Đồ uống
train_1989512110,462f2f293e3f44c5d4bba182b51d54d9.jpg,dca125e1217c3eda,DASTER MANOHARA PANJANG LEO PARD & RANTING,3729011877,Phụ kiện thời trang
train_635611608,cabc7c838afb3c22ab428ddd2e956acd.jpg,e3999633c9cc9c31,Guess Jam Tangan Pria - W1108G6 - Grey,3316989922,Phụ kiện thời trang
train_1616071295,db308fd43b3e81b6c8bce0ddff4f2c22.jpg,bcc12eb8250f71f1,Kaos Kaki Invisible Anti Slip Bahan Silikon Warna Permen,4212205692,Thời trang
train_2193000950,41b7178605a47d59d9d8cc3384b47c70.jpg,acb5c1c3b22c9d4e,Tape Roll + DISPENSER BIRU for Eyelash Extention / Isolasi Bulumata Sambung,1841854862,Nhà cửa & Đời sống
train_3666878690,c0e5375085b2c0f5f7a7d4e722d7dae8.jpg,bb13e24edd48d02e,Hand Mixer Otomatis Better Beater,2294565205,Gia dụng
train_1846456008,9320d7a2181b28e6a61317e8ca06ffea.jpg,f6d98134b904b56b,[600gr] H035 | NYLON KITCHEN TOOLS SET 6 PCS / SUTIL SPATULA SET ALAT MASAK,2156459496,Nhà cửa & Đời sống
train_3135607945,28162c73c9cb5a413921df4e29d4ded8.jpg,ed1a9497e269cc62,Life Cat Pounch 85gr Makanan Basah Kucing No Pork,1300007930,Thực phẩm & Đồ uống
train_3183419321,9501dbb2cadeb3a6bead86b86cedd8ca.jpg,b3c996989330cf99,\xe2\x9d\xa4\xef\xb8\x8fGlamouroseshop\xe2\x9d\xa4\xef\xb8\x8f Maybelline Sensational Liquid Matte 7ml,1028046550,Thể thao & Dã ngoại
train_544340639,a7c4af331d86d5e10075a909a1bad718.jpg,f73c8dd2d0c8ca29,Obat impor Cina Salep Penyakit Kulit,2688425303,Sức khỏe
train_2468012467,e938bf7a1389ada23a25adce46a0cb2d.jpg,ac34db38d39bb064,Stroller Bayi Pliko Adventure 2 / Kereta Bayi / Stroler Bayi Murah,2039518241,Mẹ & Bé
train_1290123124,529b83dbabd4c4871015dcfff7876cef.jpg,ab37d0cc0f718e0d,Cream BL / Salep BL ORIGINAL,3441184770,Sức khỏe
train_564454883,b3e949174dc96886981cac36612a13c8.jpg,bee084f242377b13,1KG MUAT 2PCS TAS 215  SELEMPANG BAG IMPORT BATAM   C8076  T167  E373   P9371  Y4369 U681,2176913327,Phụ kiện thời trang
train_3561981310,b84f54b03fcbbcfaf4a46c30f8209e1b.jpg,a4ed8ed2fa0932e2,Sling Bag A6,1625419473,Phụ kiện thời trang
train_1080657109,b0ab9bf0e685c8601039dc75b50537f1.jpg,baf087897c8ea1a3,[BISA COD] CHARGER AKI MOTOR MOBIL ALAT CAS AKI MOTOR MOBIL 12V 2A PORTABLE,948162948,Điện tử
train_3508414283,2bb38a302e2f550943632b90a33252c4.jpg,be18c3e386c6669c,Paket 3 Pasang kaos kaki Semata kaki | Pengiriman Dari Bekasi,3105555227,Sức khỏe
train_441118178,e0b1756f767a600fbfe2c4180c39ea8b.jpg,ea6694399599959c,Holder Tentakel Karet Tempelan Gurita Holder Handphone Holder Gojek Holder Gurita Holder Cumi,217774922,Điện tử
train_4234911778,086978bb6676dd2fe48f3a8382dc71a9.jpg,90bca9a17fd9380e,R9 Sepatu Sneakers Wanita Jeans ML,4167414634,Phụ kiện thời trang
train_3747517193,3002f91d9f3e368cd4ca574e7b631ff1.jpg,9c4dee4bcb43a143,EDW 309 Tas Troli Lipat belanja motif Trolly bag Shopping Foldable Trolley Bag Cart,1600512149,Phụ kiện thời trang
train_3389587040,c5ee94b9fb36d8597b5fef8a1a82400c.jpg,bccbe392c74d9430,BUMBU BAMBOE - BUMBU INSTAN BALADO,2187521519,Thực phẩm & Đồ uống
train_3051145759,6c873f83d5379af7d97ac1604fa41a5d.jpg,e19c9e6b976461c2,Mazzoni Bumbu Tabur Rumput Laut 100 gr,1851302283,Thực phẩm & Đồ uống
train_3946712857,2acc76b0bbf3fa30c701c9ec212f5765.jpg,c4c81fd63a56ac47,[Bright] 1 Pcs Soft Baby Dolls Interactive Mini Doll Phone Hanging Kids Children Toys 8cm [LT],2279850873,Mẹ & Bé
train_1867945326,10b16875457c063993dcacc474911914.jpg,addb92b4b284f1c8,JAM TANGAN WANITA HARAJUKU COUPLE JELLY GAYA KOREAN SIMPLE JAM FASHION MEN WOMEN RANTAI CRYSTAL W87,628096071,Phụ kiện thời trang
train_2847072679,83fdc14bf4a2825f3488607ec2d668d1.jpg,eaadd2a48d5b1e50,(27AN.ID)COD Dompet Wanita Impor 00406 dompet Panjang Tipis dompet Wanita real pic C10,3956388173,Phụ kiện thời trang
train_528219452,a7588c52a878494055b946db725c08a7.jpg,9ebde1c2f30885a6,Sarung tangan bulu woll polos,463116240,Phụ kiện thời trang
train_3879752716,b98203d78a7e63d0ba58b14e8fdd9ba0.jpg,bf66c099b52cc263,Lampu LED PHILIPS UFO Ceiling 15Watt 15 Watt 15 W 15W Putih,3095330776,Nhà cửa & Đời sống
train_1501294870,3c9e8d93f1925c5b8701c9c30d570f74.jpg,bf909cc94932e42f,1KG = 4PCS | VEE  DRESS FREE BELT / GAMIS MUSLIM / DRESS MUSLIM MODERN TERBARU,4060702395,Thời trang
train_2537534447,17b14db0f7a83d4179bb460623609a0c.jpg,ab08c665d3f2e992,Gigitan teehter buah2an,3326267479,Mẹ & Bé
train_2697814859,5c9d2b9385ecd8ec9251e6bd30d01b3d.jpg,ac0e84f9d3f87382,sepatu pria walkers mocasin casual santai formal kerja kantor slip on,2823893370,Phụ kiện thời trang
train_4093155370,2dee7c4f0fb3c72ebc551bb9f0dfc0d5.jpg,f38c9ee669198626,Pixy 4 Beauty Benefit Loose Powder 9 gr,3296667819,Sắc đẹp
train_1661772888,ef38528ef0011c813fe2b163c541c141.jpg,dbc8c0c60f3e5af0,Vaseline Superfood Skin Serum Cranberry 200Ml,1651726766,Sắc đẹp
train_742570609,ece7023d4825c3662f028b1cc773b7f0.jpg,bfd3d292cb0d0d24,Kaos Pria Converse Bintang / Baju Pria Converse / Kaos Distro Converse / Tshirt Converse,3288070841,Thời trang
train_523511864,cff62ac2a6376f0720fbb4666e847094.jpg,e7951a994ae449f2,Philips HR 1559 Stand Mixer HR1559 Original Garansi Resmi 2thn,1955022624,Gia dụng
train_302260583,9db77cf6c46424b77033986deb29a8ec.jpg,d4a5e44cda6791f0,Mesin Penyegel Kantong Plastik Makanan Model Genggam Mini,1065450055,Nhà cửa & Đời sống
train_191850289,9b939369653f1021a3aefc63da0cf183.jpg,8ff4e00b0ff4e982,Kaos Kaki Ankle Cute Motif Garis Polos Semata Kaki,1279238330,Thời trang
train_1085240851,cb15c56641533ff210d9b8978bd365ec.jpg,e00fc3f16bcd26e0,[ COD ] SABUN TZUKI ORIGINAL 100% PEMUTIH WAJAH DAN PENGHILANG JERAWAT,3489985175,Sắc đẹp
train_2188661942,cff48d964a3e1b94d78c1aa757d9ccc2.jpg,98a0219d4e73477f,Kabel data JOYSEUS 3A USB TYPE C Cable 100CM Fast Charging - KB0071-C,1650692914,Điện tử
train_2933770197,cac23a73d9e85404e0367824332438f4.jpg,85d35aa856d92979,Mangkuk masker + SPATULA (2 in 1) Exclusive,57219072,Sắc đẹp
train_3792664659,11d9fa089e00a41c236e18c9c5fb03c1.jpg,bac88515d43ae5cb,Revoflex Xtreme Alat Olahraga push up,3326186289,Nhà cửa & Đời sống
train_1547440356,f310c8c123c0c50dee882e3f7806ccb9.jpg,91b94e640f9bb964,ORICO 2020U3 2.5-Inch Hard Drive Enclosure,3860087248,Điện tử
train_199584602,8db5bbdb5ae02c7bac354aefae5e1b9e.jpg,e16c9e3687c926c3,Gelas Blender Bumbu Philips Mill Model Baru HR 2061 2071 2115 2116,2515949836,Thực phẩm & Đồ uống
train_4062202345,02aa99cff86b865f6f2cf01deb317357.jpg,bc82ffaa73c0e0c1,Kabel data micro usb tali sepatu 3meter,2916313489,Phụ kiện thời trang
train_1190745689,d3df20f9663fe154ac3ecb9bc2099e09.jpg,910ce4e3c66a6a6f,(((ORI FLOW)))) Hijab MIDI KHIMAR OVAL,1902068792,Thời trang
train_3153150334,9c65866303759204dbaad4ccce557044.jpg,ba36cdc1819fc11d,Nine Luminos Lampu Sen Sein T10 Spido 13Led Mode Diam 1pc Bergaransi WMP-1023,1008524614,Nhà cửa & Đời sống
train_4274443420,2c8e34bd646ad7c7a7ac22db3b87081b.jpg,eb94c83fd44a9d60,Sandal Pria Walkers Gesper3 Full Black Casual Gaya Trendy,3133575067,Phụ kiện thời trang
train_2051613389,c4674bc442f53c2777214f601dd162ca.jpg,eb359448358fccb4,Pisau Buah / pisau dapur / pisau apel / pisau stainless,952183003,Nhà cửa & Đời sống
train_3805880107,118f26a5dadec88997798a71f70e4dd0.jpg,fb3ea481849a9e69,THIRTEEN COUPLE Kaos Anak Dan Dewasa,2406770394,Mẹ & Bé
train_1542127692,927a6099e6eefefc57074f0bb55acb94.jpg,8820f5dfce20f85e,[BENTUK KETUPAT] DOMPET LEBARAN / ANGPAU FITRAH THR,2921755772,Phụ kiện thời trang
train_2430299750,bb44aa1b1be1446d5dc41ed5b20896f5.jpg,c94c672925864f7d,"Sendok Makan Bayi Bentuk Tangan Mickey Minnie , Sendok Set Lucu Anak.",1665301954,Phụ kiện thời trang
train_1691328955,960681c45efdaa0a85f20b33789ef979.jpg,fc14857e156d30cd,\xe3\x80\x90Baosity\xe3\x80\x91Ready Stock 5 Inch 220V Amplifier Stereo Digital HiFi Bass Power dengan Bluetooth+Port USB/TF+Remote Control,2312054169,Điện tử
train_1052253452,e1eaceed86eaee31e00a97efe5b63382.jpg,ac16fef6c05f0950,Kanebo Serat High Quality Merk XANEBO,821583868,Điện tử
train_3751246397,5b2b49ec04e28e21b7b30fff9ce98fa0.jpg,eb94856b70d88f86,[Distributor Purwokerto] Daisy & Tease Masker Organik Free Spatula,331632016,Sắc đẹp
train_432123276,5b96a48565ae13f200ce1393480e9f97.jpg,bb84c07b2da47ad1,[+3 FREE GIFT] BPOM 25gr Masker Crushlicious,3461928445,Sắc đẹp
train_448941684,1589eebde74f79135b237778e95ff6d3.jpg,9c4bc6b197fd4190,Goggle Mask Modular Kacamata Masker Helm Motor Retro Bogo JPN Cargloss Paintball Goggles Cross,2145882222,Phụ kiện thời trang
train_2819582543,a0df6f008272187304d5c7ee66e4b5b2.jpg,a59ec23dc636d80b,1KG= 10 PCS | PROMO BERGO MARYAM DUA LAYER / BERGO AISYAH DOUBLE LAYER / BERGO MARYAM NON PET,2821862330,Thời trang
train_3894743032,6d6e24793e08cb0e8cd5048bfdbc34a4.jpg,a394e1781561de8f,Mini hand blender/blender manual chopper/pemotong bawang dan penggiling daging serbaguna,97930134,Phụ kiện thời trang
train_2880138592,838cae58eaccdc169561a52190a7bf69.jpg,8a7ef5817aa2057c,Grosir kaos distro anak,2521100005,Mẹ & Bé
train_4016739083,6c70999138a0e2b5357e4793e1d41af1.jpg,b400b117eaf592eb,KHIMAR NIQAB 3 IN ONE JILBAB HIJAB BERGO INSTAN FRENCH KHIMAR CADAR NADHIRA NIQAB SYARI 3 IN ONE,1900031566,Thời trang
train_1485810730,7ba1103086fdd10e1c6467c19c23b3f5.jpg,e0c89cb63b5be624,sepatu anak cowok usia 1 2 tahun kanvas suede,2261101373,Phụ kiện thời trang
train_735987942,aa23329edf35a33ad26c6679026ba844.jpg,bd07c2f08f0f87c2,Dzikir Pagi dan Petang dan Setelah Shalat Fardhu - Syaikh Said bin Ali,2520431179,Nhà cửa & Đời sống
train_1093937314,da3e48dfc20349192dbb0687d0ec7e9f.jpg,de18a1e3895e5e89,ANEKA PARFUM THAILAND BEST,3853326780,Sắc đẹp
train_101410456,9f7cb57058e11f7efdcfb3573704cc30.jpg,ae0cc3d293bd5ca1,PHILIPS AT-036 Magnetic Mic Hybrid Headset / Earphone / headphone / earplug stereo bass,1612459632,Điện tử
train_1786875635,f4da907524bf9cb6b4f2588ba2134af3.jpg,9bfc8381f20bf42a,[Bayar Di Tempat]Topi Katun dengan Telinga untuk Musim Panas,3499914946,Mẹ & Bé
train_2355427175,7a8b9f0751e849317ec217c83ce94c45.jpg,ef90906f16396bc4,COLATTA STICK 1.2KG |CHOCOLATE STICK BAKED STABLE,2943690023,Thực phẩm & Đồ uống
train_3469363133,b0aab0905abca3629f09e203df978e2e.jpg,cbd8b66d4956c429,Jam Tangan Wanita :Harajuku Korean Simple Fashion Casual Jelly Men And Women Watch READY,628096071,Phụ kiện thời trang
train_2476934349,737ea399dd0f97edd7cff63b507f446b.jpg,d7f1900befc6442c,Tas Wanita Import Jinjing Selempang CHIBAO Mini CB8182 8182 BALLOON BALON Parasut Super Quality,2114814946,Phụ kiện thời trang
train_3333575497,93b3a9c1d6e9e777f3e4406b0a6b8d16.jpg,b0e4c3b45bb15b8c,PASMINA POLOS MURAH SABYAN 75\xc3\x97170 HAMIDAH ORI SERUTY BABY DOOL,3729890874,Mẹ & Bé
train_2168368961,db6f936ce739f6c9936ee1e81fe913a0.jpg,afb5e06a95da3290,Impulse Sealer / Mesin Pres Plastik Alat Perekat Plastik Murah / XIF-20cm-30cm,2225683072,Nhà cửa & Đời sống
train_608392190,0ef54f180ef15513663741c319ce43bf.jpg,d13d06e63d495b94,Qnc Jelly Gamat   Emas Herbal Ekstrak Teripang Original Asli Indonesia 100 %,2342771184,Nhà cửa & Đời sống
train_1543375816,21f058c80e15540baf4c8f3607718822.jpg,ea7c95839bb0b40b,Handgrip Hand Grip 5-40 kg Alat bantu fitness Otot lengan Portable LX 011-01,2669266315,Điện tử
train_2389187409,7dc9fd98fde1c0eef48c001e753eb00b.jpg,ea84955af06787b4,SEPATU SNEAKERS FLA 999 DISRUPTOR,1634339764,Phụ kiện thời trang
train_2493507457,dff188e20a03a2f795dae44739a07a9e.jpg,a3f27e812323d46d,FREE BUBBLE WRAP ! SLEEK Laundrt Detergent 1200 ml / Deterjen baju bayi,3725072369,Mẹ & Bé
train_3791336353,0b552c8ee944d8a7ad9c35826e090ee1.jpg,db1c871e2d36d24a,Kemeja Retro Wanita Hip Hop Longgar,2192780204,Thời trang
train_1352114104,ab41036f828fd0d636cd0eb428e124f9.jpg,a636e00b9bf3330d,[ORI] Masker Naturgo Hanasui,2430246747,Sắc đẹp
train_1038059458,10b63529e9014360561be0d272737f98.jpg,ead5912a1762cc9b,HEELS HAK TAHU NEW DUBAI sepatu hak,1888469452,Phụ kiện thời trang
train_2796403022,57944f4bf40f91e9b02945edc8fb160e.jpg,b0619ccbc69ec98e,MamyPoko Tape Mamy Poko NB44 NB 44 Popok NBS44 NB-S44 NBS,3818449352,Nhà cửa & Đời sống
train_1296329920,f6dc958c47d9f2c95079eaeab1af0ad3.jpg,b38d8f078c338c73,Aonez DIY rak Rak jaring besi lemari  multifunctional rack,3989448447,Nhà cửa & Đời sống
train_2804765440,9d68279e74d01cc0f92e3e42faa4cf07.jpg,c68778d5611cd91d,Mybaby Dress Princess Katun Bayi Perempuan Tanpa Lengan untuk Musim Panas,564238209,Mẹ & Bé
train_2049480052,16c484059567347f68fe26ae1643fd46.jpg,ee4913365a99b5a4,KURU WALKING ASSISTANT/ ALAT BANTU JALAN BABY / BELAJAR JALAN BAYI / BABY WALKING,897689323,Nhà cửa & Đời sống
train_1002800682,e2910e182a8830eeab6c2ad8dc894fd6.jpg,bf19ca2619c936d2,Harry Potter dan Si Anak Terkutuk (Harry Potter and The Cursed Child) - J.K. Rowling,3506731664,Mẹ & Bé
train_3578385942,ad76dc59ed210519d041f408bd94aa53.jpg,9a4b35430f69bd92,KEMEJA KOKO ANAK DAN AYAH LENGAN PENDEK,3553405586,Mẹ & Bé
train_1783806612,fef0374b5f70970966a200bc05c44324.jpg,ab8684078f3dc657,KAPSTOK GANTUNGAN BAJU - KAPSTOK HANDUK KARAKTER (PERABOTAN),3416183195,Nhà cửa & Đời sống
train_1456344619,9f1558f8cb6dd1482156b22f677f1340.jpg,ac3b9ac469c3273c,Counterfeit Money Detector / Alat Pendeteksi Uang Palsu MD-100,3470371504,Nhà cửa & Đời sống
train_2691673011,e644988d6d67303fd878e00dfc067af2.jpg,ce4ae095b4b49d63,Lampu Selfie Ring Light LED /  Charm Eyes / Lampu Selfie,2259957740,Nhà cửa & Đời sống
train_1999591485,bd3dce938eb0839855c2293713a92e32.jpg,af94d02f94c02f3e,TESPEK KEHAMILAN ONEMED TERLARIS dan 99% akurat/ min pembelian 3 pcs,2999794436,Nhà cửa & Đời sống
train_2928398792,04f2b96bb547db3e34e677a48dfb0013.jpg,ea196c36d34985b6,(DROPSHIP_COD) Plain black pekat long pants jeans celana panjang stretch ngaret karet bagus,3146605186,Phụ kiện thời trang
train_3679433648,2eb52a8b83c65793c9a8f8d15cb42b6f.jpg,d6dbd176c0a3c02e,"Rinso Detergent Liquid Professional Matic 1.8 Liter- Sabun Mesin Cuci Cair Rinso Matic 1,8 L",1629103178,Sắc đẹp
train_900795972,ac0a67bfde5ad944649904e131674c84.jpg,a595aabb3a44b4b1,Gel Pad Nanotechnology Original Stiker Holder Serbaguna phone holder,3671426872,Phụ kiện thời trang
train_4104340214,68b190fe7e21878823f961477689ff73.jpg,e68a9aa59971bca4,GAMIS WOLFIS BASIC POLOS TERLARIS,2685099437,Thời trang
train_2617511606,110ecbca182c7427faa532ccdaf331af.jpg,909b7f336ce4e00d,Stick Glow In The Dark / Gelang Stik Glow Colorful Nyala dalam Gelap,1257427351,Phụ kiện thời trang
train_329652151,0ceccd0dbe74b973672948acc7e8fb9f.jpg,ea69b596c4c19596,[1KG 5PCS]\xe2\x9d\xa4MiniMamy\xe2\x9d\xa4SET BOX ALAT TULIS 14 IN 1 SET / SET KOTAK PENSIL / SOUVENIR ALAT TULIS,1123714841,Nhà cửa & Đời sống
train_1763921654,2b3a5006cfbc8a008716db090a4f23f6.jpg,bf1edc09c119dc16,INNISFREE MY REAL SQUEEZE MASK (BACA DISCLAIMER !!!),927285629,Sắc đẹp
train_4230104576,b835044ad8e33e41dcabc1b90c2903ab.jpg,e13cbe21e860a97e,[DORLINKER]  HP Casing: VIVO S1 Y12 Y15 Y17 Y19 Y91 Y91i Y93 Y95 / V7 V7 Plus V7+ V9 V15 V11 / V15 Pro / S1 Pro / Z1 Pro Motif Marmer Cover Hard Phone Case,1677195662,Điện tử
train_429332580,3b0fa6419f97f563a064d362555127ff.jpg,aef3a6a60c555b0a,DASTER LONG SEMATAKAKI BUSUI,3573707055,Thời trang
train_1064205981,e39381d5bef42d75c1f3e375f86a6800.jpg,e9929662cd69926d,Madu Anak Ratu Lebah Junior DHA GOLD,238484755,Sức khỏe
train_3296487786,1dee8d827ddad3137fb84c19c31fc89a.jpg,bb2c4d61c467d13c,Buku Aktivitas Seru Melatih Kecerdasan Anak TK,2362861038,Phụ kiện thời trang
train_2676801128,0ad45d90aaf7da34749c2d0ef88b5441.jpg,e4669b996c464b2d,Safety Google/kacamata anti corona,2929113351,Phụ kiện thời trang
train_2888140482,a2ffe97c407e9125a026a70ffff90869.jpg,e24ac86337b595b4,Treatment Lotion / Lotion Jerawat Larissa (Obat Jerawat Meradang),1910606719,Sức khỏe
train_3410986250,26c1efe5bf189411452ffe1a72d816ea.jpg,bc92c31acd6f90e4,NEW STRINGBAG KPOP / EXO / BTS / SEVENTEEN / WANNAONE / TAS SERUT [BAYAR DI TEMPAT] POLOS DRILL,1702933755,Phụ kiện thời trang
train_1763422476,f170266a1191783dd99563e0e81d3201.jpg,b7402c73776cc32c,Mitu Baby Liquid Soap 2In1 Bottle 200 ml,3225902227,Mẹ & Bé
train_1354709869,75fe692b259bd8b86be65d75d94dc8d3.jpg,9f0ec49fc7612836,BEST SELLER Sepatu Wanita  Zelyne SDS301,1844958752,Phụ kiện thời trang
train_3600941224,ad9de97c72b31c3e2d13d00796691579.jpg,d2e56dda3225cc4c,(DISTRIBUTOR MASKER) - GELATIN POUPEEPOU 10gr,2039916154,Sắc đẹp
train_651457263,443aec37fc6c514a3f0e195d1492abb7.jpg,be8d1f7aa5509a18,[ayellowcat] 5Pcs 22mm Mata Pisau Bor Emery + 1 Mandrel Untuk Dremel,2365167422,Nhà cửa & Đời sống
train_3161238886,962abe71bed6510529dd45e515f26093.jpg,e6cc8ccc99339999,Safi Age Defy Cream Cleanser Deep Moisturizer -150ml,571550607,Sắc đẹp
train_3164813132,ab5f56be0243533695706bf62780bd77.jpg,bfc8e1e00e27c1e6,PIYAMA ANAK / BAJU ANAK USIA 6-12 TAHUN MURAH,227001881,Mẹ & Bé
train_3009304575,3edf9b710cd28ddf6093bf830dbc65a5.jpg,9bc085c30f0acbfb,Magic Clean Pembersih Kerak Keramik Membandel,1008700839,Nhà cửa & Đời sống
train_2848561396,3f3c5f694c05d30d4695211b1c4f55f1.jpg,bec3901c65b5c33c,MamyPoko Preemie - 30 - Popok Perekat,3227183497,Mẹ & Bé
train_3293716060,9713a122c3ed1fcfaeb4fda1e57345a5.jpg,e9c3963ac9b161c9,"[1KG 31PCS] \xe2\x9d\xa4 MiniMamy \xe2\x9d\xa4 KAOS KAKI KOREA, KAOS KAKI BULU ANAK, KAOS KAKI BINATANG, BABY SOCKS",1087947892,Mẹ & Bé
train_3277176363,b424371e0ff4c8a122a6f1348fbff35b.jpg,ef6290946b638e9c,Ecentio Single-Layer Lunch Box kotak Makan Kotak Bekal Kapasitas tempat bekal 800ml,3536782241,Phụ kiện thời trang
train_514768269,521d98d9d552fca783ef8c6454a939ce.jpg,99e8e637b013925e,3pcs Libby Baby Setelan Bayi lengan pendek Celana pendek,1266424550,Mẹ & Bé
train_2559827625,77e7a3f9e2c74e9cb614b3184ec4693d.jpg,afb0c85c936dd48c,[BEST SELLER] 3D MASSAGER Diamond Setrika Wajah / Body & Face-Lift Roller Shape // 3D,3387449827,Sắc đẹp
train_3259984123,d6a27bdf1048174edf8d4390359e77dc.jpg,bec6613bc131933c,Buku Pintar Berbahasa Inggris (Fathoni) - Buku Aktifitas,1856860414,Phụ kiện thời trang
train_1207279180,2e79d89f1fcbb7d1f9685b3e9c05ae3c.jpg,e24666a0be5b19b5,\xe2\x98\x85UM02 USB Omni-directional Condenser Microphone Mic for Meeting Business Conference Computer Desktop,3923083948,Điện tử
train_15903104,01cd4a85f3f96d51ed8dc938347858d8.jpg,bb83c52c3a93856d,910 Nineten Noru 1.5  Sepatu Running for Men Abu Muda Putih,2398901595,Phụ kiện thời trang
train_2404106367,61889fa96eda773b4134943dfd673873.jpg,e1cb9e3096b698ca,Speaker Bluetooth Anti air Waterproof Wireless Speaker C6 (Gratis Headset Bluetooth T9),3662033587,Điện tử
train_1090536099,38b44df47889337ee01f3e207a520943.jpg,ca4831b9b79678a5,CELANA PENDEK PRIA RIP// COMBADD TWILL SIZE 27-38,3089499175,Thời trang
train_2621691705,4f68d599c34edb881f56fc54f774921d.jpg,fcd2873c5813d833,Garnier light complete / sakura white hyaluron booster serum 30ml,650812621,Sắc đẹp
train_4217424813,5b6a37a9084a748cfd90eb30b55d1b7c.jpg,d62e90d93735ad11,( HARGA 1 PASANG ) sarung tangan cuci piring sikat silicon sarung tangan karet serbaguna magic glove,1101059032,Phụ kiện thời trang
train_2092174604,ab1eb50f6110a80ba2b67cd239c3de77.jpg,e992966d4ba49761,Mainan Bayi / Kerincingan Bayi MERRY GO ROUND Musical Toy Nursery,1983510531,Mẹ & Bé
train_1454916508,8f0a0d4605dc647dd1675b518d9a09b0.jpg,a19056631a9e6f3d,LONGTime379 / BISA COD / SWEATER PRIA ST.WAR HOODIE JUMPER / JAKET PRIA LENGAN PANJANG,3381128080,Thời trang
train_1089341912,afeac1b833d8a87c7a31a2277ded0f7c.jpg,bfdc52a1819994e6,TONER MAXI PEEL/MAXI PEEL TONER,3240547545,Sắc đẹp
train_4236099580,19c820621db659c830837c360f8b6681.jpg,e242969d8f34396b,Sepatu Slavina Velucia FlyKnit TL111  JKL 84  impor batam reseller murah wedges sport cantik sneaker,2797230249,Phụ kiện thời trang
train_3002862391,4188e9cd09afdc06cb4d84d86d26ac47.jpg,d8a5d6052b7a2dca,Kipas Genggam / Kipas Portable / Kipas Tangan Lipat / Handfan,2653319346,Phụ kiện thời trang
train_2850264987,71c339ee9f54c4149287abb9ab1ffef1.jpg,ee3795985a683349,Speaker Bluetooth Robot RB100 Portable Wireless Super Bass Mini Stereo Original - Garansi 1 Tahun,3868183614,Điện tử
train_2501556027,1217e8ac422f3e906429944876f2ad03.jpg,c03fb7c1be8c9660,LEM G KOREA SUPER REKAT SERBAGUNA KUAT LEM SETAN KERAMIK KAYU SUPER POWER GLUE 100% TERMURAH MERK G,2923960299,Phụ kiện thời trang
train_3556769241,337cd2f940bf9a21c1dbd89d77e14173.jpg,f6e1429d89606f8d,Dress manohara pendek,671147931,Thời trang
train_964164022,113dc961502dbc20b9ec1b41552e0d00.jpg,aeeed111d191271b,Jam Tangan Q&Q Warna. TERMURAH!,1741021646,Phụ kiện thời trang
train_2845716562,37ebb0e0cf5237a78e859fa349ff157a.jpg,ef999c1e27618e30,"PROMINA PUFF SNACK BAYI 15 GR,PROMINA PUFFS 15 GR 8+ BANANA,PROMINA PUFFS SNACK BABY 15 GR BANANA",2562722197,Thực phẩm & Đồ uống
train_181102375,217c2716883dd1919ba18316040fbeff.jpg,9fc0f01fc86ad784,Silkoro Serum Vitamin Rambut 200ML (BESAR),1364967438,Sức khỏe
train_4221325765,039b7194bfc5be44d0e7b4c092ff5961.jpg,e74c9234d33697b0,Smartfish Tempered Glass Iphone 6 6s 7 8 7+ 8+ Full Layar High Flexibility Full-Screen Protector,1128407589,Điện tử
train_2248291150,909a743cabed52befb5dfc3b177315fd.jpg,d259cc583833cece,Cetaphil Baby Daily Lotion 400 ml,1301527687,Sắc đẹp
train_2519291466,33858e08f173ace6f91a730d9d9c28b1.jpg,e6919a49d9cd9e88,SAHARA SHAWL | PASHMINA KAOS RAYON POLOS,338163236,Thời trang
train_1867402613,56f545310936b945c754b74c0513c7cf.jpg,ecb494cb93b1295a,LAYANGKITA!!! Ecer Fancy Bottle 350Ml HK 72K,4016959315,Gia dụng
train_860641303,282f75dccfb50e1bc86818f430ab1a76.jpg,b49243b26dba6d8a,SUMCREAM SUMBAWA CREAM OIL-SUNCREAM/SANCREAM,599988605,Sắc đẹp
train_4212460326,fc165872267b610427bdd0d49171e35d.jpg,bbb5c06b1ea53292,SEPATU RUNNING ORTUSEIGHT PHYTON Blk Org 37 38,2130580909,Phụ kiện thời trang
train_325070356,9e262207850a7ff2e14f1b9ea6b82a24.jpg,ea96956a1e25d24d,10 Lembar Stiker Motif Smile/Wajah Tersenyum,3460660835,Sắc đẹp
train_1548258029,04a2246140a352f753127c2f0ddc9d05.jpg,a5d207d69a69cc93,"BAJU KOKO ANAK / KURTA ANAK MUSLIM 2 ,4,5,6,7,8,9,10, 12TAHUN / KOKO COBANA KIDS / BAJU KOKO",2720884659,Mẹ & Bé
train_1512475953,d1e67da7de2cc481c18a965b21cbf3eb.jpg,de9c089437f6d621,Jaket Sweater AHHA ATA HALILINTAR,841480588,Thời trang
train_878569709,06b3f3f16b1a435bd46bf23ed3f6fca4.jpg,ae0181c79e1e3e9e,SHANNEN LIPSTICK CLP,19273520,Sắc đẹp
train_4142648892,fa7461c7fdc651191d55aff049a49ac3.jpg,99b6f4eba0604667,Celana Cargo Pendek Pria DC Gunung Ufc Venum Gym Pantai Lari Olahraga Lapangan Outdoor Nyaman Adem,611016897,Thời trang
train_3978400354,ba985374d23f5294e2e2bfb2f447e948.jpg,efaac0b31e9f44a0,Kuas Masker Wajah Facial Brush Face Mask Tool,2086455817,Sắc đẹp
train_1242641798,ce3f4901f89fe5a4c91856d16ae9785c.jpg,8de9c0ee419f3c2a,Healthy Choice Beras Rojo Super Organik 2 kg,224901683,Mẹ & Bé
train_1643520212,513700c5f22a2ef53e0c617040713531.jpg,e5898698cf999633,Tenda O1 500m 2.4GHz 8dBi Wireless Outdoor Point to Point CPE,1699645771,Thể thao & Dã ngoại
train_3989863821,24f7c6c5756e9afacc9c2ab4f05dc563.jpg,cb1695495a4b46d7,Power Bank VEGER Ultimate X103 Slim 10.500mAH 2 Port USB Original Garansi 18 Bulan,597664253,Điện tử
train_2608645033,785840bcf53d4841652b57a1c9eb7724.jpg,ecb4914bc6e38fc0,PIGEON Baby Compact Powder 45 gr,3027798817,Mẹ & Bé
train_2023058384,21e8f82584289080c46b40f92ac19aff.jpg,cdd2e04b1efc9982,Kabel HDMI Male to Female pin,4005065793,Điện tử
train_2770305290,0cfb178430ca0a093cee020b59eae427.jpg,ee24c849c53eb5b2,Lem Repair Kit Bestway / Lem Kasur Angin /Lem Penambal Ban Renang Pelampung Kolam Anak,610493312,Nhà cửa & Đời sống
train_3883284924,1d4694962027115f16038129301a51e1.jpg,f7a2eee0b912c40d,DIAMOND DRESS RAYON MOTIF BANGKOK,1500467196,Thời trang
train_1352228545,b5a97295f5798e75cd5916b7612d2cd0.jpg,ea2de5d0996e6621,Anmum Lacta Chocolate - Susu Ibu Menyusui  400 gr,2436792159,Thực phẩm & Đồ uống
train_3530557774,f14b2a6929630e445ff9ca93d4ac7e53.jpg,a3434c2dc3273afc,Celana katun polos anti begah wanita cotton pants cewek diskon grosir original Beels,3355477886,Thời trang
train_808326690,c8c8682382419a7bcda0213a57b8569c.jpg,a727ad244e4725a7,ACID LINE BOYFRIEND JEANS BAGGY GBJ,1486912643,Phụ kiện thời trang
train_699619998,a7530e2ad7281da7cd9b212bcfb56f2b.jpg,ea19c142b7c6b539,Back Pack Double Decker_Tas Ransel Anak_Lol_Unicorn_Superhero_Paw Patrol_Shopkins Motif DINO,166326758,Phụ kiện thời trang
train_3405650858,3f97378a540d4f38567cca9b1f43e2f3.jpg,b1c3ce3431d4cc3b,NEW!!! Sandal WATERMELON JELLY,782428011,Phụ kiện thời trang
train_1753110604,619dede0d470a791e36da02ea11d3ec2.jpg,f096cb2d853c9d68,TAS MULTIFUNGSI PRIA TRENDI RANSEL DAN SELEMPANG,3290802358,Phụ kiện thời trang
train_3650163590,494b1493b657f196d00c5826d719dd9c.jpg,bee6b903e3325065,TRIPOD MINI SPIDER HOLDER U TRIPOD HP GO ACTION TRIPOD FLEXIBLE AUTOPUS PHONE STAND SPIDERMAN,359918838,Điện tử
train_282615373,9b064f91c4b6acb385d8c26ca0031e23.jpg,b33b379794c48cc4,TGB *Bayar di tempat* TUTUP Pentil LED Nyala Lampu Roda Ban Mobil Sepeda Variasi Motor,1575763518,Nhà cửa & Đời sống
train_2514309276,82ae4c58a142a492a0d53ae3c7a6cc98.jpg,eef413a16a5b815a,CELANA pria slimfit panjang CHINO / celana fashion,3918682288,Thời trang
train_2268138325,771a68830f02975d4983e1650d00b79f.jpg,bec4d9d085253772,Kaos Dakwah Anak Muslim SN-ASMSMY156 YUK SHOLAT Fashion Islami Kids,1360528656,Mẹ & Bé
train_1842316637,894b3fb95db759adc4a4beb8d44eafeb.jpg,bc3c96c3d894694b,"Sarung Tangan Pengendara  Motor ,Sepeda ,Anti Angin/Slip Touch Screen M L XL",3522603758,Phụ kiện thời trang
train_1362455334,7b4693b8066887505108c4a806acbc63.jpg,afa7509758cc6c1c,CR RA257 Ikat Rambut Karet Pita Anak 18in1 Aksesoris Jepit Rambut Import Accesories Scrunchie,539292045,Mẹ & Bé
train_2553461247,a8c95985b5a88433ae64f155997d68c7.jpg,fe0ea1b9842a4f95,CELANA MANSET BASELAYER UNTUK GYM FITNES FUTSAL DAN SEPEDA,1636142884,Thời trang
train_3514816911,820a9d91a674b443da89a4299ecf1301.jpg,bcc7921dc932c71c,Buku Kreativitas Anak Best Seller Full Collor,1125763299,Phụ kiện thời trang
train_1052158964,5e5208ed8276e96cd0a95e6c54cafb18.jpg,ac1bf6b0d073c2ca,Kaos Astronaut AST BITCOIN Astronout astronot Space  - Allsize fit L,3282902911,Thời trang
train_2875817077,5d4937e7828bb1dcde51f7954ffffa37.jpg,9ac338e339673962,"Kantong kertas polos, Kantong Fried Chicken Polos, Kantong Shihlin, Paperbag Polos, Kantong Gorengan",2929964448,Phụ kiện thời trang
train_1792328357,fd8ad0d0d2635ad3899efe6c224177e9.jpg,ee9ba4139b2434bc,(PROMO 12.12)MUKENA BALI JUMBO dan SUPER JUMBO MOTIF AKAR,3291614016,Thời trang
train_1633622311,cb4948feecf82c65520b3f0d17fe7d14.jpg,dc85e1750687f932,Batok Charger Vizz VZ TC11 1USB 1Ampare /per pc,1932232224,Điện tử
train_1444262072,8dace6b3315f2a7fcab5542c0d6622d4.jpg,bb90856e6e959833,sepatu terlaris converse allstar murah pendek wanita pria sepatu paling murah banget di shoppe,1169876123,Phụ kiện thời trang
train_706662326,674d4bdcdd289d569f38766562571587.jpg,ecc6969269cac699,Avent - Natural Bottle 125ml x 1 PINK,1544412982,Điện tử
train_2283981374,3d1be96a0b3a8f52f60af751c7c1d8f9.jpg,b4b5cb4aaab49549,Lampu tidur sensor cahaya avatar lampu jamur led lamp elektron Prom,3599057523,Nhà cửa & Đời sống
train_1948269277,1d7f4580ca681ed33579bf534c68be78.jpg,fa3e95e0f0d1c8c4,Dtree. GRATIS masker scuba  anak2 motif random premium quality,3193912394,Sắc đẹp
train_2766968267,bf63bc064fbcd4c5319aa5beb96963e2.jpg,f885cec0957aa53c,Lem korea merk HANDSOME,2923960299,Phụ kiện thời trang
train_235430692,32d2982113a41335bf89cf73c4163a87.jpg,c119b684aeb5ca5b,Hanguard - Handgat Tulang Besi Motor Klx- Xride - Beat Street - Trail - Dtracker-CRF-Tiger,3179803979,Nhà cửa & Đời sống
train_4240659190,34fe3301de58626a840e79d913695ad8.jpg,bea4c03b39c02eb7,Earphone/headset/hansfree YZ-37,939996834,Điện tử
train_2549449127,63d9af5e740513e9078a599497047c8a.jpg,d68a56fda15890ad,DIRA DRESS/GAMIS POLOS,2663692815,Thời trang
train_1795694766,55dc9d553374d2d49e472fb5b2a1cb23.jpg,ef919096c26ed169,RDL 3 HYDROQUINOE TRETINOIN BABYFACE 60ML,2789809344,Sắc đẹp
train_1488640230,4f45ebde7ce50273769efc61890b2e31.jpg,ab2fd46a2b94d1c8,OneMed Alat Test Kehamilan,2999794436,Nhà cửa & Đời sống
train_3199660393,a482087f1605d52cd17bb8cc08f5fd4e.jpg,fefa48fa8283a185,[300gr] H027 | HANDUK BAJU DEWASA | HANDUK BAJU KARAKTER | WEARABLE TOWEL | HANDUK KIMONO,863127146,Nhà cửa & Đời sống
train_109546448,8d05ca7d306ca11c49b2b6ba9fa5676f.jpg,fe71d034a42c639b,MASKER NATURGO HANASUI TUBE ORIGINAL | MASKER LUMPUR NATURGO TUBE BPOM | MASKER HANASUI TUBE 60GRAM,3850640096,Sắc đẹp
train_2776174130,919dc13ab8badd25e94695bc58657617.jpg,a7e660bb51e161f0,Dari JAKARTA \xe2\x98\x85 Cayman \xe2\x98\x85 XT-11 Stereo Wireless Bluetooth Magnetik Premium Sport Earphone 005-earphone,3905560756,Điện tử
train_3741464291,5259816ae8abda68752def6da411f8ab.jpg,aad0850dc8d66fe5,Casing Case Liquid / Cairan Glitter untuk Apple iPhone 11 / 11 Pro Max,157783767,Điện tử
train_3106969568,bc06ecfe1e8ae38aace3c8b2e8aae7f2.jpg,ce6cb1909417fc1d,Celana joger jogger casual bikers hiking gunung pria forward,1817791961,Thời trang
train_4199561596,dd6b4b1e03de15b7e0b60ea8eaddf370.jpg,bdccd0b8e267c40d,Tshirt Starbucks coffee,404428692,Thực phẩm & Đồ uống
train_1513259656,a009dc06fd0f0b8e2eb4031688bc6ca1.jpg,a889d082af38dafd,Parfum Thailand 35ml Termurah Part 1,549866075,Sắc đẹp
train_345051233,8b5612e13405aa139652484009f6bcbe.jpg,9ce463cb9e2c3932,Surya ASTRO Senter Kepala LED Super Terang Lithium SYH P505A LED 50 Watt Putih GRATIS Kabel Cas,2565281804,Điện tử
train_3238114170,2643276ec471eca8923ea54d854337ac.jpg,af6cd0c38594963e,Belevia Dress Gamis Pakaian Muslim Fashion,941096027,Thời trang
train_724998476,a1a47f8656aa73f659e7c8968d835d60.jpg,aeedc4d48b52911b,CROCODILE DENTIST GAME / MAINAN GIGI BUAYA - GIGIT BUAYA,3604334178,Mẹ & Bé
train_1398842640,9320d7a2181b28e6a61317e8ca06ffea.jpg,f6d98134b904b56b,Sodet Set 6 pcs Spatula Sutil Warna ALAT MASAK,2156459496,Nhà cửa & Đời sống
train_190189136,1528ed01f6a59dd43dbcf7d04b1a42e5.jpg,89128024ffefb0ed,Khimar Hijab Jilbab/Syari Twin Ceruty,3345443347,Thời trang
train_4021735877,fe0f07fc1de4b0c087f0eef395cece7d.jpg,ee91d226b5428dcb,"SD CARD MICRO 32GB, 64GB, DAN 128GD TANPA ADAPTER",871931738,Điện tử
train_51482426,7d11736d380347d8ecdaf2996f45b4e0.jpg,b072cfc9c39ccc26,"Iwo 15 W26 Smartwatch Seri 6 Layar Sentuh 1.75 "" Tahan Air Ip68 Dengan Monitor Detak Jantung+Tekanan Darah",490680502,Phụ kiện thời trang
train_985381138,29e36d74db7c0ce851955253730ff1ec.jpg,eeb1e03ba40f326c,Enblanc baby wipes tissue basah bayi tisue korea,713416067,Mẹ & Bé
train_1141676885,29e6515b42ee084f7ff52a84cbc82310.jpg,e9c3c1969eb4e0c9,SEPATU CONVERSE ALL STAR CHUCK TAYLOR CT II 2 UNDEFEATED + BOX TAG MADE IN VIETNAM,1781509127,Phụ kiện thời trang
train_3456498084,5d2882629b5d28b0cb9ed5ee974a0637.jpg,9ceae324c71b9239,GAMIS LOVE COFFE/GAMIS FASHION WANITA XL,4082917015,Thời trang
train_4118882354,c74b3a5a9642623cfa13f009b4a4cf9f.jpg,aaa5d55a2b25969a,Nuvo Sabun Batang 80 gr Family Fresh Protect,1916852028,Sắc đẹp
train_3819825526,061289d029749c148b510ff5ea804022.jpg,8eb5718f49427d61,RAM Laptop DDR4 4GB 8GB 16GB PC-17000/19200/21300/25600 2133MHz/2400Mhz/2666MHz/3200MHz SODIMM V-GeN,3071505890,Điện tử
train_2000430644,9d858e6c04b165639975ab680bc8a7b6.jpg,c00bb9cdb69f14b4,JILBAB KHIMAR AURORA NON PET / HIJAB KHIMAR AURORA / JILBAB KHIMAR INSTAN / KHIMAR SIMPEL NON PET,3513398405,Thời trang
train_1392929308,5cdb3a0d0fadd18e104874497f5fc03a.jpg,8ee3f01ceae390f0,Gendongan Bayi Samping Okiyo 777 Dengan Tempat Botol Susu,1915373007,Thực phẩm & Đồ uống
train_3904039266,bfaa050d3c5001655f9a1b6744137831.jpg,b2b396689b616633,EDW 319 Tas travel besar lipat hand carry anti air Travel fold bag waterproof koper organizer,1059567621,Phụ kiện thời trang
train_3357201726,2f0994cdbea615c1baddf9abd06a6667.jpg,ab1d9de086cce22d,Celana Pendek Jeans Anak Rib Biru Muda 2-12 tahun...Termurah,1999386573,Mẹ & Bé
train_880831035,4d91b8f172668613cf5fffb3abf635c1.jpg,ea55b280e16f8db4,"b""INNISFREE IT'S REAL SQUEEZE MASK / MASKER TOPENG""",927285629,Sắc đẹp
train_2667247058,6afd131970893eb99653f4369ed18ac6.jpg,b633d3c3c90c8d6c,KA3508 Kaos polos Distro Pria kancing/ Henley warna Putih Lengan Pendek keren dan Harga Murah,803882194,Nhà cửa & Đời sống
train_3573567721,b894b4e49e838370fafc79059b70e19f.jpg,fe42c0bd254b5af0,Battery Batre charger 18650 baterai 2200mAh baterai 18650 Cinicini,3575825198,Điện tử
train_301340274,839012532bdb784e94dc7e6140364a44.jpg,ae44f7370ff00683,Sandal Jelly Motif Cars (Timbul),1991156267,Phụ kiện thời trang
train_1023916234,e4ebcf50969c040712276707477d12e5.jpg,a595aabb3a44b4b1,GELPAD Nano Gel Gripping Pad Stick Holder Multi Fungsi Nano Technology,3671426872,Phụ kiện thời trang
train_2929639614,36283893c74cfd75554011b2c510571c.jpg,f4b159da64213b4b,Headset Robot RE701 Wired Headset Wired Earphone Bass Android iPhone Original - Garansi 1 Tahun,3924088631,Điện tử
train_4059526197,6736c2c75e44b535f07c744e79e81e28.jpg,be8ce1c11e3ecc43,Earphone Headset Macaron U19 Mate Color HIFI Over Ear Suara Musik dengan Kabel 1.2m,2935813666,Điện tử
train_4225069796,92f5aa2dbea16c926c5fb1735d62d08f.jpg,e9adcb6d3809c5c1,SAMEPEAK Penarik Badan Pembentuk Posture Orthotics Correction Tape Strap Invisible,54673888,Nhà cửa & Đời sống
train_1467465001,defb130627502ac8d6412c7ed1c12b7c.jpg,f8a11e67ac198ce6,Sweety Gold Comfort Tape  NB52 / S50 / M48,35254803,Nhà cửa & Đời sống
train_707944953,dfe282e384f95fbeb838a060731cf53f.jpg,ac12feb6c0df8d40,Kanebo Refil Polos Sedang - Grosir - AION Plas Chamois Mobil Motor Kain Lap MICROFIBER,821583868,Điện tử
train_2274091041,408510c39bdfd1dfda716632a2ce70a7.jpg,fab2a581d2c9a92d,Alat Setrika Wajah Pemijat Perawatan Kulit Anti Anging Facial Massage,3593012186,Nhà cửa & Đời sống
train_1158252701,48b892bd492b5d047a1676ab4213df87.jpg,efad189e0d0db612,bnb Nivea Extra White Body Serum Night Nourish 180ml nivea hand body serum night nourish sidoarjo,1666545703,Sắc đẹp
train_2880915559,43bcb57f561710c3a302b46b7ce7225d.jpg,ffc0a8bcbae084b1,Kaos Anak Karakter Kendaraan Alat Berat,1980894329,Nhà cửa & Đời sống
train_3056213570,cde6e8c40fb913405e8a1decc924ea62.jpg,f8618796c69e9239,Kertas Foto / Glossy Photo Paper A4 230gr Combo (per Pack),30796165,Phụ kiện thời trang
train_582120357,301e74d844d315b8d88cbaa4dbf21351.jpg,b39e8473ce8d3066,DOMPET WANITA KELLY BELLY MINI GRACE KOREAN FASHION TRENDY FASHION WALLET KOIN RIBBON PITA,2205053501,Phụ kiện thời trang
train_176407042,253a9737f7d506231191268eb3aaba66.jpg,bf81c62f60b1c1d6,Sandal Kulit Joemen S 08 Original Pria Sandal Jepit Import - Hitam Snekers Snikers Snakers,2250603990,Phụ kiện thời trang
train_1436593095,21c82642cf94bf92b15fa19d00af8089.jpg,eed08107953fd03d,Breylee Serum Pembersih Komedo / Pori-Pori,3001123709,Sắc đẹp
train_1238603882,e4669ad212381cda6f6dbf3440eb5848.jpg,be979434c11bc96a,Edufuntoys  - UNO STACKO/ mainan edukasi balok susun/ tumbling stacking tower,3125584162,Thực phẩm & Đồ uống
train_2045600131,0c1c8a730dac2f2a9f69832337ecdbcb.jpg,e692ce9366333166,Simple Soothing Facial Toner 200ml,688678452,Sắc đẹp
train_3467675938,a6499c8384a755ccb2bad41d2d1ed87a.jpg,f340b9bb4236c83d,Botol kaca VAS BUNGGA 100ml tutup kayu - botol kemasan dan souvenir terarrium hiasan meja,4056844103,Nhà cửa & Đời sống
train_437774678,656b52e922d8827ade00ffe4eb273d72.jpg,eb9294694b3994b6,SOMEBYMI Yuja Niacin Blemish Care Serum 50ml,2544564577,Sắc đẹp
train_366645605,78580fec1f48ec6e693740e6d2227123.jpg,be8ec170e0c11f3e,Acnes Sealing Jell 100% Original,850491197,Sắc đẹp
train_812803713,a943e590ee4c861ce7bd5909c6afaf4a.jpg,bb3bcc5883a8c743,Tam tangan Sport S-1790 Terlaris,2520693002,Phụ kiện thời trang
train_2425827356,ba1eac2ac447347e6d6e902d967f45f2.jpg,ebcb90bcc6b08687,[ ECER ] SALSA DYNAMATTE LIPCREAM ORI BPOM,1201602115,Sắc đẹp
train_1817830849,db81c81fff13492fe575debbb0860586.jpg,b865c71a9acf3c30,BIOAQUA LINE Med Collage Sheet Face Mask Masker Wajah Original,552269846,Sắc đẹp
train_4208567739,4b1cbd2dbea35bf4c57d24c87a4f981f.jpg,ed32c0c9b64b869d,Tas Sekolah anak/Taskuliah/taspunggung/ Tasvanessa/ tasanak/tasmain/ tasgaya/ tasmurah/ tassekolah 1,326201568,Phụ kiện thời trang
train_164527659,d30a43206b338f784254e8651046ed4b.jpg,8d3d51925ec1c8f6,Paket Lampu Sepeda LED Depan Belakang USB Rechargeable Anti Air,2875296812,Điện tử
train_876048634,d01569ca9c55c380e6e47b4b373c98e4.jpg,f6d98136a904b56b,SPATULA 6IN 1 SERBAGUNA TERMURAH !!,2156459496,Phụ kiện thời trang
train_794478049,486fabc0c3e725cdc6be4340696f4b2e.jpg,a5b150845e87793f,AND-AKS-07-TP1 Tripod Spider Flexible Mini Holder U Tripot Tongsis Tongkat HP Handphone Camera,2539650093,Điện tử
train_133048496,4e796cebdb1290c68438f84230bd9d3d.jpg,ec0e93b6907b9c38,Marwah syari free hijab,1282294117,Thời trang
train_2427372063,56a644340ef5f11b44f7c9df13747eae.jpg,97d4c46b37944b2a,SPIDER - Botol Minum Shaker - Spider Bottle Shaker,1997356004,Nhà cửa & Đời sống
train_537580720,970084e38e350712a8af784c497a36e9.jpg,ed956963916e9462,Ns FC Najibah Gamis JUMBO Syari size L XL XXL Muslim Modis Modern White Mach DE,436062812,Thời trang
train_952343981,4790c26d06d61e4df8828dbd0ce1469c.jpg,bf843e243f35842b,Tutup pentil nyala ban roda,1575763518,Nhà cửa & Đời sống
train_2108708818,7c0fc9db82ac0103e435c81e31f2a828.jpg,f2825a835d8dad35,Nivea Extra White Radiant & Smooth Body Serum 180ml Original,2628044511,Sắc đẹp
train_4247738812,a9fa2899b4d8498e003c1b49f0a039f1.jpg,ec97a163965836a5,Flydigi 2Pcs Sarung Tangan fingersleeve Profesional Anti Keringat untuk Layar Sentuh,3721393933,Phụ kiện thời trang
train_1353955983,26188a7bc2799d478eab8e0cfd6e70bc.jpg,e5329acdce986532,ARTCH [ abu muda ] tas serut sackbag ransel,3126246456,Phụ kiện thời trang
train_1311649593,839c3d327f11e11be6682f7e0b3a0235.jpg,a61909079b369ddd,Wardah Lightening Night Cream Advanced Niacinamide 20 ml,2076605315,Sắc đẹp
train_3188453115,c56c58645638c898da9a6acfa0dbb4c3.jpg,a3dcec239460d7a9,Shampo pantene 900ml,975885187,Sắc đẹp
train_73914758,aedfe7ab06e0e2043f7993219e2ce160.jpg,bdc4c293b381bd46,Tas Ransel Wanita Impor Muat Laptop Warna Hitam Merah Abu - WTS-07 - Whichone.Id,1035148143,Phụ kiện thời trang
train_811598636,7d2a9891e845c04dec91861d060f254e.jpg,eac59d1b91729668,Sepatu DELTA 6inch Import MADE IN USA,1230665260,Phụ kiện thời trang
train_210386804,926d765e5dfba34cd901f639e2aae4fb.jpg,e6669a19c9cd3863,SEPATU LIFESTYLE EAGLE ORIGINAL  - BALANCE NAVY,3336681029,Phụ kiện thời trang
train_3926958939,ff45fcd2a5e994f9d69c4e695d2de6e5.jpg,e68ca6939ba6ac4c,ATASAN MUNAFIE /BAJU MUNAFIE/ MUNAFIE BAJU KORSET ORIGINAL SLIM CLOTH,3230965030,Phụ kiện thời trang
train_1221967908,40750cea730c44dcb406ea5b953307b5.jpg,cefa6a40e0da94b5,Baju Sauna Suite / Jakat Sauna Suit Pakaian Olahraga Murah,2954011755,Thời trang
train_1911936113,272ba04393839bd86276351eb5824b25.jpg,acd686d6fcdc0189,Feves color cream 60ml,359356063,Sắc đẹp
train_4009250351,e43e96783a67a40dd8afcadfcd3d4962.jpg,e6cccd939b32924c,QL EYEBROW CREAM WATERPROOF BPOM,3168617020,Sắc đẹp
train_2772840818,c27854630ee1fc974cd7461f81ab8f24.jpg,aea5878c0671dad9,PAMPERS PREMIUM CARE AKTIVE BABY PANTS M46 M 46 L42 L 42 XL36 XL 36,3728143984,Mẹ & Bé
train_2056777860,093eecdd713af4a5c0ed2e5aabaf3286.jpg,b4878b23347c74da,Kurma Sukari Al-Madinah 1kg Premium NR,2717178301,Thực phẩm & Đồ uống
train_784592423,c5c9e6dfbbe335d9c9eba2b004fab291.jpg,8a5e548d0faa70f5,Kacamata safety clear / kaca mata safety clear,2782534268,Phụ kiện thời trang
train_2877702432,3ef996f71d954af1921e851e33060831.jpg,bfc0e63988a2c937,Obat Wasir Ampuh Mujarab,2027771431,Sức khỏe
train_242243239,737694c5ee8a62f93c9071c5b6a52814.jpg,9d9a8ea6f1715072,500ml Botol pump plastik bening kosong cairan gel hand sanitizer sabun serbaguna kosmetik,1910674743,Phụ kiện thời trang
train_3065398687,69224cc5c455d4e29308eadc4dd97075.jpg,e4e39b18e33c8dc4,Sumpit Anak Belajar Makan // Sumpit Karakter,3073207032,Mẹ & Bé
train_3642733840,8246a085b46be4ad20b41cd3c4354fff.jpg,8f14d04ad66e1fa9,Hand Sanitizer Gel 500ML Disinfektan Sterilisasi Hingga 99.9% Moisturizer QOLE HS002 Botol,3807288080,Nhà cửa & Đời sống
train_1727950681,2cb7e0817211d9d01648e97c2f629e03.jpg,e69e33319a619966,Lactacid baby liquid soap 150ml,1517086716,Sắc đẹp
train_3421614090,61cbba2545307731e288984a06b36e49.jpg,fab196656a1ce44a,Miniso Official Marvel Kotak makan Bento Box 3 variasi Ironman Spiderman Avengers makanan box,2748820882,Thực phẩm & Đồ uống
train_3833546815,f5db47796036424530c5838efe610821.jpg,eabdb5283c7b80b0,SWEETY SILVER PANTS M38 /XL34 / L36 /TOKOPOPOKSEHATI/ M 38 /XL 34 / L 36,1962846692,Mẹ & Bé
train_2247784747,f9828850f62eb95bbcb65e31392d0605.jpg,ef91d02e3dd1422d,Jessen MamyPOKO Mamy Poko Preemie Popok Prematur Bayi,3227183497,Mẹ & Bé
train_1678312214,bf74ae28424081ad9dbc797507d2cb04.jpg,e1cfcf6ccc249232,Garnier Sakura White Clay Mask / Masker Wajah Skin Care 2 x 6 ml [ Untuk Kulit Glowing Merona ],144943926,Sắc đẹp
train_3523120047,ca11ff77d754a198fc8b69a2dc83d524.jpg,bf8b97b4948481b3,Parfum Pria Di Or sauvage 100 ml,2116759637,Sắc đẹp
train_2191026241,22d9178b5fe1f0b72e2284f41d03afbc.jpg,cb8a42b9c593c5b5,NEW!!! Shower Cap Motif Buah / Showe Cap Karakter,2939560975,Nhà cửa & Đời sống
train_2149732474,5051d32e0caa68e72bc70f7ce3e7c8cb.jpg,af3a3c1b3862266b,[200gr] T151 | Korean Underwear Pouch / Tempat Celana Dalam Gantung,1429594010,Thời trang
train_1027114293,42022c254dec21ba6d24dfd17de9820a.jpg,aee887b49d0690db,NFS 451 pop socket HP 3D karakter cartoon /pop socket 3D/pop socket aksesoris HP,1931494374,Nhà cửa & Đời sống
train_1938753295,0d3aca37e43bc8cdbcc1bf77c6c9b8e7.jpg,b2dfcc98cf30cc30,KANNA MAXI DRESS COMBI // LIVIA COMBI MAXI,2671028494,Thời trang
train_2773907365,4bd8f0697b19d9b90e9b19b5a5d42d9d.jpg,ba802e16f1d9c6e5,SEPATU BOOTS PRIA SAFETY CLADICO LION LOW ORIGINAL,862891523,Phụ kiện thời trang
train_2928066070,65da6189ab6bf36ea6c9fed2f60989c0.jpg,8376835a0f79a5e1,perangkap 6 lubang bubu jaring jebakan ikan udang kepiting model payung aman untuk lingkungan,1614773397,Sức khỏe
train_3453241025,38adac938e53256740fce656c9ce6f98.jpg,cb9c3c4bdc78c268,"Termurah!!! Sandal Nike Slides, Sandal nike benassi Swoosh Grade Ori Sandal Pria nike FLIP FLOP",2225545214,Phụ kiện thời trang
train_1507376457,c5009a8c6712a5b564f1be0d23f2b112.jpg,bf9f80604a392d97,Tas selempang,1237550763,Phụ kiện thời trang
train_2755714429,c76c599e7fc6513d7ee4ee282cdf6639.jpg,ea5885379ccd12d6,EXHAUST FAN DINDING 8 INCI 20 CM SEKAI / WALL EXHAUST FAN,3735533387,Gia dụng
train_1933077953,ac6dfc83e214669858e0c876a39cd4b7.jpg,9bbd24d2d558308f,Makanan Anak Kucing Repack 800gr Savvy Kitten Kering,867517905,Thực phẩm & Đồ uống
train_2736613535,98bb0d40b7f102c10d0d51c45ab660dc.jpg,d2588f53cba476a8,Frisian Flag UHT Zuzhu Chocolate Carton Pack 36x180ml,3740972720,Thực phẩm & Đồ uống
train_1357759469,859b2f6fe877534d7aaf89b9d4534c41.jpg,a007cf386f4e3d52,[300gr] F12 Tempat Sikat Gigi Odol Kumbang - Lady Bug Tooth Brush Holder,3569297238,Điện tử
train_177772718,c74553e3f379cb283bd897cf69abad7e.jpg,ac99d73be841813e,Jessy umbrella/rok pecah 8/ rok jeans wash,3932447208,Thời trang
train_183403491,9dc35b535a5d5ec594f306a9197baa84.jpg,8aef149463cab5b4,Susut Lemak SULEM - Botol Ungu,3619569844,Thực phẩm & Đồ uống
train_1916554181,ec6ff2a27bd46c689e1bbea75c9afd82.jpg,c5496aa72615375b,Popok Dewasa Tipe Perekat size M,3648260272,Mẹ & Bé
train_1039855602,9c21767251763ce48ee3e77c8bf530ca.jpg,cbb44857aac458be,Nano Spray Hydrometer/Perawatan Wajah Mini Portable Murah,3040690230,Sắc đẹp
train_2598465082,d9d5ae0b1a56eb27dd5ec8e58d4f5297.jpg,84dd1a6c1e9b2fc8,OSM JKT M235 Munafie Slim Pant Japan / Celana Korset Munafie / Korset Slim Body,957199633,Thời trang
train_2350926925,957e73be8bd6e8e1a041c365df87f66f.jpg,f8e187c6964ab06b,GOB - AUDY MAXY - Audi Maxi | Gamis Maxy Audy Moscrepe | Dress Muslim Termurah,3916074380,Thời trang
train_3023369684,c298a1ad2468e4b68c8bfb23ecbad0f5.jpg,bb7b40fd48b990c8,Vaseline intensive care cocoa 200 ml,4223722330,Sắc đẹp
train_1091539729,12132baefe042f1fcdc36752b4f5ead3.jpg,af3f90c2c6d2982d,Mainan anak pesawat Remot Control Aerobus,2999941950,Mẹ & Bé
train_1753375877,56ec38e992400ff9f07ad101cca94ef1.jpg,8f9c27ccc876f023,Sprei King Polos Vito 180x200 cm Warna Terlaris,2699079224,Nhà cửa & Đời sống
train_386226013,e9d1b0b1fda281c8486a85e50aafa493.jpg,ef6c8490935a3f62,Theraskin Day Cream AHA ( Suncare With AHA ),3503438325,Sắc đẹp
train_2672786546,afc4777681331e1fd611d4620de16748.jpg,e69a994d99316666,LA TULIPE - ACNE SOOTHING MIST ( ACNE SERIES),1199602251,Sắc đẹp
train_2468152289,e64b79de3741c1f56acee6fa7dd2a571.jpg,d2ce4a31cec3d4a9,Sunsilk Vitamin Hairmist Smooth 128 ml,2716371872,Sức khỏe
train_2874692930,5ac1b7befe1907986f46716a2aab1870.jpg,ce04f3f823a3c3b8,Masker tila brukat bisa headloop dan earloop ORI DANISHA,3217472653,Sắc đẹp
train_1727470059,1de2bbb6845fa500d20114533bb84795.jpg,9c30620dca7bf936,[BISA COD] Sabun SP Super Thai / Sabun SP Thailand Kemasan Baru Original 60gram,1610895932,Sắc đẹp
train_4202669240,3e1ad9c967d3a2d14ff7aa99c2067a2d.jpg,89969664da33ec5a,balance wedges karet jelly impor..BLC 309-1D,1566886110,Phụ kiện thời trang
train_3640578318,2eb4e2d9f3f75cdd4600b6a9554946d2.jpg,eb7e94806b7ed081,"IK JALLL MEJA STRIKA Lipat / Alas Setrika Listik, 73x32x13cm, Alas Gosok Pakaian",1809684851,Gia dụng
train_2527649848,c45bf4cbc00f2e25e3e6c002bc02fc6b.jpg,e0059c7affb0e087,(COD) TAS JELLY MATTE KOTAK DIAMOND SIZE 18 (GRATIS BONEKA & SYAL),2051620736,Phụ kiện thời trang
train_2851836923,3e3e7f4e42521fd8ef8ead1ae3a3403a.jpg,8d6da332d094dccd,VIVA - Milk Cleanser dan Face Tonic 100mL ( susu pembersih dan toner penyegar Viva ) \xe2\x9d\xa4 Ewalook \xe2\x9d\xa4,4173935748,Thực phẩm & Đồ uống
train_2248630472,add85697e5e4b15cf0399ccd999d309f.jpg,949c6d7b6be54218,"Wallpaper Stiker Dinding Motif Dan Karakter, Wallpaper Stiker Dinding roket 45cm X 10M",676291019,Nhà cửa & Đời sống
train_3474395080,34b48739240de0147d669baa28ce8c43.jpg,91c2cf30b21beb0f,Sticky button / stiker kancing / mosaik kancing,2335067368,Mẹ & Bé
train_3630364546,650b2fd8b2df5645ce7b016db3c135e3.jpg,be68c7943663c81b,Cadbury Cokelat Dairy Milk Chocolate MINI 15 Gram,2215224201,Thực phẩm & Đồ uống
train_4052401411,0467e7f54c1c999107c8e285211a9e94.jpg,a7940ebc12d932f3,Garnier Light Complete Multi Action Peel-Off Mask Skin Care - 2X6Ml (Untuk Kulit Cerah Cepat),3233700744,Sắc đẹp
train_2377527722,8196614b9f12807a5bd4d91b2ecb8e12.jpg,e6379d686185c65a,[ COD ] KURMA NAGHAL 1KG / KURMA MADINAH / NAGHAL / KURMA NAGHAL MADINAH / OLEH OLEH HAJI DAN UMROH,3268999028,Thực phẩm & Đồ uống
train_4063251834,58df9a7abba2f7db00af40621d5e5ca6.jpg,ed5f90a08e2c25b7,Cussons Baby Mini Bag - Perlengkapan Mandi Bayi,772217144,Phụ kiện thời trang
train_1951706669,eb8764321af7ef9caee09bf3a029fa14.jpg,bc3dd0b0c2c2e64f,Magnetic Wireless Bluetooth Earphone Stereo Headset,1744240905,Điện tử
train_3427756153,8627716bac7fb4b03984367248730bca.jpg,f486973964a8e45e,Homi Set Batch 4 by Bajubojo,3474150564,Thời trang
train_680563089,3f9343e61a7cddc033c6683d75aa5955.jpg,fa7a8565c58569c4,CARDINAL celana bahan pria//BAYAR DI TEMPAT (COD),931734699,Thời trang
train_4118014707,bee5a1ae6c6d881aaa1f8ac0e8394d9f.jpg,ee99864a9e274966,6 Pcs Hook Cantelan Double Tape Gantungan Kunci Tempel Ke Dinding,1933551853,Nhà cửa & Đời sống
train_1697831536,578af0a737334455eef62eb94c88ec77.jpg,e4a613d94db22375,Amira Tunik | Daily Atasan Muslim | Best Seller,3325918244,Phụ kiện thời trang
train_2181551529,5ff095c7d65299877b5c0148320d28e4.jpg,ba32a5ad2cbc3362,Hijab SAUDIA SONIC LASER ANTI AIR Dan Baktery (Seri B) BY ANSANIA,3874031415,Sắc đẹp
train_3358181694,4c3490c53b412d8069e1f3b9e75d012b.jpg,99c6e0f0e3db78c0,Sticker Kulkas 1 Pintu MASTER CHEF,3454163332,Điện tử
train_2821805079,96b5ea099263390b2f552148f742d26b.jpg,e8d1879397d28696,Kaos Distro Lengan Panjang Bandung,333302853,Thời trang
train_2380858527,7d2ec107575a865a6b7885bb0f4637c8.jpg,be699c8731c639c4,INDONESIA NATIONAL TEAM JERSEY PLAYER ISSUE TIM NAS GARUDA INDONESIA MILLS 100% ORIGINAL HOME 2020,3800837396,Thể thao & Dã ngoại
train_3614503698,6107403daa7f9ac6da28cf48e950fd64.jpg,d6fa1aaa69c30a8b,Homey Dress Rayon Bangkok Motif Rusa,1500467196,Thời trang
train_2896781178,e57f73a7a7e14359af08e6c06b0fc865.jpg,bce0c33ec107d27c,Zambuk 25gr Salep Zam Buk 25g Obat Memar 25 gr Bayer Original,385716307,Sức khỏe
train_1017177311,51b42877a707742b2f51946d251d71d2.jpg,b9c6ce92ce39cc18,BENTON Aloe BHA Skin Toner,597742640,Sắc đẹp
train_2562959990,0b8a47268fb6ee5c62ba401b9621aed2.jpg,ab8496794f86b869,KONEKTOR MASKER / PENGAIT MASKER / TALI MASKER HIJAB,107096123,Sắc đẹp
train_3104965322,0d818ad31cab3f1de7f2edf4e2a965dd.jpg,fad8838dc532347a,"Celana Dalam Pria Boxer Rajut - MR DAX UK L,XL",835765986,Thời trang
train_197836564,39f2bba31f91a1543e9388fdc6886843.jpg,ecb1e61333ad4c1c,MUKENA ANAK KATUN SURPRISE PINK ( TAS RANSEL ),535925077,Phụ kiện thời trang
train_949515627,2a3788b6be78f39a7d7adebf6c6d7ace.jpg,98fab504862fd2a7,Jombo xxl non pet tali/xxl tali/hijab instan,2169544552,Thời trang
train_198373906,24b2b89d7f17e64f4d2fc259017fccc3.jpg,b6d30ccc1ed998c3,Herborist Zaitun Facial Mask / Masker Wajah 23ml,1708167817,Sắc đẹp
train_386356068,658fa7a5648bce944b395227bfe9bcc5.jpg,ae0e99193626b6d9,Eyota ID Headset/ Earphone/ Handsfree Samsung Original Hs 330 J1 Ace J1Ace Made In Vietnam Non Pack,3586500603,Điện tử
train_2946365434,291025af0f511118965f7f80ac869281.jpg,e86997c69696c18e,MamyPoko Junior Night Pants - XXL 14 - Girls - Popok Celana,1792945127,Mẹ & Bé
train_2506062398,90558d602189e954a9bbdddeb3689aba.jpg,bfcac0250dd876c3,Sandisk Ultra Dual USB Drive M3.0 32GB USB 3.0,2467635334,Điện tử
train_118926378,5b29ac4779a849e1fa11b6f2d5a4b5f3.jpg,fa2c95d24c3c32c7,ho C373 3BUNGA Sepatu prewalker bayi dan anak perempuan,2685155852,Phụ kiện thời trang
train_2528334920,20f6f0e8180593da2dc483cf595a0c7b.jpg,815c5e5a6a7a6371,Handset Headset Vivo Mh 133 / HF R11 Original Handsfree earphone,2142919313,Điện tử
train_2581732832,8f0be740955cf29f7e64e78625e98584.jpg,ee85c15ca533d84b,"SAMSUNG SSD 860EVO 250GB / 2.5"" SATA / 860 EVO SSD / Garansi Resmi",3978903467,Điện tử
train_1072165261,c34d684f8ed4ce1fdd605baed9d558c9.jpg,bb37963c43c0e097,Stiker reflektor sticker pemantul cahaya mata kucing truk mobil motor 5cm x 28cm,1270684270,Nhà cửa & Đời sống
train_3451330199,d93788304c5c83abeebd53147c9c9e63.jpg,e6999ba5a96299c2,[BENTON] Aloe BHA Skin Toner 200ml Q142,597742640,Sắc đẹp
train_3779146763,111bf6e796acf7780d3a43b93e45cbf1.jpg,b9303292cecfcd25,SOME BY MI - AHA BHA PHA 30 Days Miracle Serum 50ml,3682402097,Sắc đẹp
train_12979365,39865ff6bf01d93417f7551220d49ca2.jpg,f2878d78d1b158c9,Gamis Anak Perempuan 3-10tahun 3tahun 4tahun 5tahun 6tahun 7tahun 8tahun 9tahun,3510018093,Mẹ & Bé
train_1101621934,c5c20e234a1ad6e38a45cae3167cbf5c.jpg,d3d90a5a9b32d685,MM-121 Tudung Saji Lipat Renda Payet Cantik/Penutup Makanan Diameter 80 cm,1887345661,Thực phẩm & Đồ uống
train_2878026949,423d1c69b827bfa86b341e5b2a2630a6.jpg,90956b3a3f637864,BPOM - Hotin Cream Tube 120ml & 60ml / Hot in Krim Pegal Nyeri Otot / SYE MART,4113632339,Sắc đẹp
train_819688267,481e5b9bb3e845cc4ebb57bf3e937532.jpg,e6e899639e3c1b30,BTC GAMIS KAKTUS RAYON VISCOSE IMPORT PREMIUM,737488646,Thời trang
train_1104433299,24856dbb492ea980fa63521609244c58.jpg,edd23b59d226c512,Y2000 Obat Pelurus Rambut / Y2000 Obat Smoothing Rambut / Rebonding Rambut - 1 PAKET ISI 2 STEP,1904283372,Sức khỏe
train_2135704168,1ba9ce8215e7869ee4933d6a0f4a4b93.jpg,bcc341343469d2ef,Obat Herbal Hernia Ampuh Persembahan Dari Pakar Kesehatan Untuk Menyembuhkan Hernia,2614828639,Sức khỏe
train_626167364,70d5cce697fcf12f43ccff66892ebd6b.jpg,a521524a1e27eff8,Ember Lipat Portable Ember Lipat 5 L 10 L,977669247,Điện tử
train_2954084829,336818c0d39502a66eaf6d3e07388428.jpg,eabd946a9451a9d2,SEIN Original Samsung Galaxy Buds Live ANC Active Noise Cancellation,2675753928,Điện tử
train_143031739,7cc23b28f3a90f8a7f1f20491801bd7d.jpg,f0add6814a3e35c6,ELBER HL0076 TUDUNG SAJI LIPAT LAPISAN ALUMINIUM FOIL SIZE BESAR PERALATAN DAPUR MURAH BATAM IMPORT,964147372,Nhà cửa & Đời sống
train_1197118860,75c48c7428671ecedd1f39db579509eb.jpg,dfc99065a592d22b,Jokowi jumbo / serut JUMBO jokowi hijab instan,3655387589,Thời trang
train_4110319518,66d6878779b67f5abd0262f38eb5a591.jpg,c6cf6969660f3d01,babyfit cs3 SWANILDA setelan anak perempuan oblong rok tutu import,3478572959,Mẹ & Bé
train_2094148082,af88738371c3a9fb04699821cf307c29.jpg,ef23e593e41690e2,TP11-Topi Kupluk Polos Anak Bayi Unisex,1127243882,Mẹ & Bé
train_772476084,c5d0824555f1829676fae4eabe278def.jpg,fa3cc8333cc89693,Harry Potter and The Cursed Child (Harry Potter dan Si Anak Terkutuk) J.k. Rowling,3506731664,Mẹ & Bé
train_935652209,764e6f5c14ee0cc5d1666517cfd2c7ac.jpg,afb7117a567072c0,Grosir - H263 Tirai love / Tirai Pintu Dan Jendela Benang Motif Love,3708631924,Điện tử
train_2520247550,febada170cd741ebfe2729c0683858a4.jpg,ab6dd412d9806b2f,TALI GORDEN/TASSEL Tali Gordeng Tali horden Tali Korden Gordeng Termurah,576097604,Phụ kiện thời trang
train_1491635047,fbf2e8dee479318b253a1eb3d11da652.jpg,bf41c01b1de0c33f,Miniso Official Tas Bahu Wanita Tas Selempang Crossbody Sling Bag Square Single Shoulder Terbaru,1992306530,Phụ kiện thời trang
train_185768457,a7554e7d438af9b31df59a6fa78fee0d.jpg,afe1f19924673226,Playmat Playgym Bayi Mainan Musik Matras Piano Injak Musical Baby R16,943295181,Mẹ & Bé
train_2952376547,bb851fae54073fb1fafdb76a4232fe61.jpg,a586492db24d65db,"timbangan dapur digital,timbangan Kue,timbangan digital,timbangan murah - Putih",1434986601,Nhà cửa & Đời sống
train_2014329190,df3dc7115855db09a92a1d4ca30a994e.jpg,dca7d14cab4c871c,"Rak Sudut Serbaguna (untuk kamar mandi, atau tempat bumbu dll)",1371706715,Thực phẩm & Đồ uống
train_3731492020,6804a60d609ffd577c6a4011ae1e6845.jpg,bfe7c898f0246193,Celana Chino Hitam Trust Denim Cult Black  Original,1048422651,Thời trang
train_2326717765,1a7f291efcebd0dc7e8fcebdb57b6009.jpg,8f69db12c38da516,DRESS ANNYEONG WANITA DEWASA JUMBO XXL,288343058,Thời trang
train_2124236497,1da6300c9bd0c2005587ca99349add32.jpg,bb14c26ba19e3ed0,Lemari pakaian portable buka samping pekanbaru,907296127,Điện tử
train_1764917682,21ecedd6d1978ec5a2d290e446bebfb9.jpg,b28a853dd2e147f4,Silikon Matte Frosted Ultra Tipis untuk Apple Soft Case for iPhone 6s Plus / ip 6 Plus / 7/7 Plus / 8 Plus iPhone 11 Pro Max Xs Max Xr iX iPhone Case,1557471785,Điện tử
train_2190972254,4b8b2950552162a4ab7e0c13c9a5a78d.jpg,812324f434b73f6b,Headset Earphone Handsfree Samsung Original 100% J1 Ace Made In Vietnam With Microphone,3586500603,Điện tử
train_4287997787,39f8670e14e227328051bb4b1238abd7.jpg,aa791707727cac43,PROMO!! BANTAL SETIR MOTOR ANAK / BANTAL STANG BONCENGAN MOTOR / BANTAL MOTOR,1386397669,Nhà cửa & Đời sống
train_2527363655,1d297f29b59863a0138ccf600fbbea59.jpg,aadcf5804f976aa0,Case iPhone SE 2020 11 Pro X XR XS Max 6 6S 7 8 Plus Soft TPU Phone Case Motif Morning Smile,1443514486,Điện tử
train_3918141160,add5ffaf7c1fc19a4548afa377a82052.jpg,aa809197b626dd6d,Tas Transparan Fashion Wanita PVC 2in1 Activuty Bags Promo,3076140749,Phụ kiện thời trang
train_1350158381,a6750f5d4a03537780bbbd578777d0fd.jpg,e719d88e66a5d826,minyak goreng kemasan Siptop 1000ml pouch dan botol,748653342,Nhà cửa & Đời sống
train_3139886906,f95402432b83eaa48b7e5f849ad7e115.jpg,d2b18c55a9ccad33,OliveShop \xe2\x9d\xa4 Total Repair TR 5 Shampoo 650ml                                   Loreal TR Hair Shampoo,866229153,Sắc đẹp
train_3372182027,34deb00f7dacf66b6c7872388895df33.jpg,ad3de10a1ee1963c,Rondoletti 4 Rasa - Cafe Style Cream Wafers (400 Gram),1750223262,Sắc đẹp
train_1820685084,bd6b421a346cb2322129fda905169ee8.jpg,b8b8c4c78f3fc0c2,PENAMBAH BERAT BADAN / PENAMBAH NAFSU MAKAN / MADU GEMUK BADAN DEWASA,2655969926,Sức khỏe
train_3376731083,7a90d9419dae71f22a3d12822af57d83.jpg,c1b0bec3f03c0fc3,TERLARIS SEINDONESIA TEH BAJAKAH PREMIUM KALIMANTAN (100% HERBAL) BERSERTIFIKAT,1158312772,Sức khỏe
train_2904440967,20c87763d929935b37f23a509668eeb4.jpg,83847c5b897b9d31,Casing Case Full Cover 360 \xc2\xb0 Bahan Metal + Tempered Glass untuk iPhone 6 / 6S / 7 / 8 Plus/ XSMAX /X,349004701,Điện tử
train_1887612483,91cc57d90913ecea6fefc4d96022c54c.jpg,bc6cc2933f6c9492,Kompor Tanam SUGGO 2 Tungku Gas-Gas/Kompor Tanam Suggo SG-208,709475359,Gia dụng
train_208006150,d84d2afab00943a5b1d6c530a414cc20.jpg,a5f8878f1c0e9636,COD\xe2\x9a\x91 \xe2\x80\xa2 WATCHKITE \xe2\x84\xa2 \xe2\x80\xa2 SKMEI 1123 ORIGINAL Jam Tangan Wanita Stainless Digital Best Seller,1118678170,Phụ kiện thời trang
train_2936036423,91d5f72bf46cef58b11f08521aa18b76.jpg,a3d609f623fc4932,Wardah Acnederm Pure Foaming Cleanser 60 ml,3591904111,Sắc đẹp
train_465055448,4a25d4edbbd297e1477da94ef49e242f.jpg,bddd22dc44a2dd06,JML Sleepwear | BAJU TIDUR PIYAMA DEWASA WANITA 3/4 STANDARD NAVY 2720,2638573231,Thời trang
train_2459679680,1160d2ee83b61b8479020055f8c82341.jpg,bfc0c02f88d3e738,Yummy Bites Organic Noodle 200gr / Mie Bayi Organik,3299506042,Thực phẩm & Đồ uống
train_2246793715,46f9006ff8a85c4d91c9c19559fead9c.jpg,bce33839929269cb,Plakban/Lakban bening/coklat daimaru 90 yard,2461124242,Nhà cửa & Đời sống
train_3836207524,80d7d821c64d296bc14fff02f0a465a0.jpg,a3f14d850c8dd47b,SLEEK Baby LAUNDRY Detergent Refill 450 ml - Deterjen Sabun Cuci Baju Bayi 450ml - EXP AGUSTUS 2023,3565023295,Mẹ & Bé
train_1498884418,743495db72cd997886e036dd419781ec.jpg,9f0fe13fc08719e0,Iphone 6/6S Anti Crack Case / Anti Shock Casing Handphone Smartphone ANTICRACK,3717044186,Nhà cửa & Đời sống
train_4228184985,f7ee78b9a279c66c70654d68382439a0.jpg,c4c91b3627d96e62,Kapas Selection Facial Cotton / Kapas Pembersih Wajah / Kapas Kecantikan / SYE MART,1727918658,Sức khỏe
train_3338811632,89753db855c8bdc8d3082b4ebc99efa5.jpg,ac97d04ba33d5ab0,TFT AX9816 AX386 E149 F1984 ( 4 TAS BS 1 KG ) TAS IMPORT FASHION SELEMPANG CANTIK,1911569483,Phụ kiện thời trang
train_572685081,216f16459298addfc25b71b3aa5f7179.jpg,a6a3018b619d6e77,Tripod 3110A/3120  handphone hp u holder Kaki Stabilizer 1 Meter,168222130,Điện tử
train_662316498,85ce7fc2759911f62e851b45f0aa2c1d.jpg,9f4ae0e9f0c0e09f,Gamis Daily Dress,1138974115,Thời trang
train_174085811,611b4bdeaa107d1c35b6124191ce2651.jpg,ae944b6c966e64c5,PTT DOMPET KECIL FOREVER YOUNG FOR 050 DAUN WANITA BAHAN PU KULIT PENDEK FASHION IMPORT,1899110933,Phụ kiện thời trang
train_2373300289,2035511750db2d0e38655c87bffb54b3.jpg,beb6d02a15b67a90,SEPATU SAFETY JOGGER TERLARIS OUTDOOR BAHAN KULIT FULL JAHIT CLADICO ROADSTER LOW,4096507887,Phụ kiện thời trang
train_2140183529,da91c4c949b1b8511b686c30ec81087e.jpg,fec0c1d84239cf4b,SET SETELEN MICKEY MOUSE BISA COD,4258787333,Điện tử
train_670356830,b6bebdd48de00d21082d53455e63c565.jpg,c0c070474f7f6f0e,Skotlet scotlight transparant bening motor mobil sticker motor,3919714063,Nhà cửa & Đời sống
train_1334065345,84295b77561131f993340ff0bb90d975.jpg,ef9c90c3c238d665,GOON Smile Baby Pants Wonderline Single Pack S1,72034655,Mẹ & Bé
train_2707877432,70a4ab5c979309444838e78a8e37226c.jpg,cecb31c6349e64b1,Cussons Baby Moscare Cream Anti Nyamuk Mosquito 50gr 50 Gram /,2062263771,Sắc đẹp
train_1474234039,8123f226a630124ddadd829eaf68c0ff.jpg,e897e748e90e4f05,CELANA JOGGER CARGO // JOGGER PANTS CARGO AMERICAN DRILL,1099505215,Thời trang
train_3274406843,290475cff8af262cfa819df00aa7b6a2.jpg,fb0dc24ee460b99a,BABY LEON PREMIUM BEDONG BAYI 4 PCS JUMBO 97 cm x 76 cm / Bedong Kain Motif HA BC-206,1834179112,Mẹ & Bé
train_2297530376,7589c3fa76c3e2c2944f6adc8fa1744f.jpg,f852962c9d5be864,HANASUI SERUM BRIGHT UP / RICH NUTRITION / PROPOLIS 25 ML,40040342,Sắc đẹp
train_1232777799,5353818cab8501b55d5b44a52c928d55.jpg,946bcb94b52b4bc4,Sepatu sport.Mizuno Sablon,784759211,Phụ kiện thời trang
train_1251926547,0233d1522f95031e111d777739e9f1e9.jpg,a686c86331cd3fac,"VIVA Cleansing Milk, VIVA Air Mawar, VIVA Face Toner 100ml",562358068,Thực phẩm & Đồ uống
train_977475692,4f15b05054a91cb5c17b432b10eca81a.jpg,f84bcb37056c63e0,(ALEA) KUNCIR/IKAT RAMBUT/PITA RAMBUT,86650339,Nhà cửa & Đời sống
train_1301171326,ea8e551d386c8b1c23db79d4fb86f720.jpg,9b9bb44cf824c533,Tas Bayi Ransel Othello Series MBT3031 MOMS BABY,3270553459,Phụ kiện thời trang
train_1734527503,d45da8cb5e83782904a6ea274c69ffcf.jpg,b0d3b319649663cb,M231 Kemeja Pria Koko Panjang Warna Abu 1279,2054351556,Thời trang
train_3112062479,3387446bc82218d3bee46275400aaf4a.jpg,f9558faa294ef048,[Bisa COD] RAHMA SYARI - Pakaian muslimah terbaru / Baju wanita / Dress murah / Maxi dress / Gamis,1502867226,Thời trang
train_3427874760,9a294b2b6408224cb3673b7f2f162b37.jpg,8cf2f36dc21c2e92,Popcorn For Kids,4267355837,Mẹ & Bé
train_613832447,c411136518833f7ea31e253f31920d47.jpg,bbcb16f01ae0039f,Scarlett Whitening Brightly Ever After Serum-Scarlett Acne Serum 15ml,1163569239,Sắc đẹp
train_454578717,4d8105103f9f1fa282d821ae0ecdccc9.jpg,e7c2991ec23d26e1,Neo coffee moccachino 6+3 sachet,3856009840,Thực phẩm & Đồ uống
train_210204308,4e8d8a4d98f98dd41be729476d498701.jpg,f7b9c25c64433926,(Yida) 100Pcs  Karet Elastis untuk Aksesoris Rambut Anak Perempuan,994676122,Mẹ & Bé
train_192570027,4e2b5518d6a872d254c857740a4e77c4.jpg,94353767f048ca1f,Botol Spray Bening 50ml / 60ml / 100ml / 250ml Grosir Murah,2316087548,Nhà cửa & Đời sống
train_2829421913,c6ca22ab7e757681194ed3b7467ec1e8.jpg,a8ff874b2680632f,Cod Testpack Kehamilan Onemed Sensitif Test Pack Hamil Tespek Kehamilan Bisa Grab Promo Cod,2999794436,Nhà cửa & Đời sống
train_3637043422,859f0f0495f4159c9e73ff95aeedeecb.jpg,d42afd6ac2e18393,[PROMO 10.10] ORIGINAL FACE SHIELD KACAMATA ARTIS NAGITA (WITH BOX),53867738,Phụ kiện thời trang
train_1263417214,d6c50e441845e9115f13d5c595850494.jpg,e49393cc9934cb33,Blackmores Calcimag Multi 60 Tablet,1322597928,Sức khỏe
train_1247464087,071327e5335eda4c9811fdf1466db141.jpg,a795cccab1683365,"Promo Sabun Rodeos Pembersih Muka Pria original, Charcoal Soap Men - berat 80 gr",3436872731,Sắc đẹp
train_1318035381,47cf2dc4f004f67da6f54a33f26afac2.jpg,b881ddbcff244314,SAILA MAXI ABSTRAK DIAMORE.GROSIR,3450691357,Nhà cửa & Đời sống
train_3795999980,874df7b5666971074b5bf6bcc4c7f9cd.jpg,b08d4fb16a1b8d5a,Parfum Kopi dari BIJI Kopi Bali 100% ASLI Wanginya Natural KOJI ASLI,377021214,Thực phẩm & Đồ uống
train_1957497688,fcc04980b041edc29927f6854dc30654.jpg,ee8c93936c64951b,catok nova mini 2 in 1 2009,2558633431,Sắc đẹp
train_4232622183,c307faecd8abb5e1511dba32910ee85e.jpg,d699cdc69c386163,Lakme Make Up Lipstik Cream Liquid Matte Scarlet Classic Matte Lip Cream,2497751413,Sắc đẹp
train_3206144768,33efd20553cb9d46738b0dde952dfddc.jpg,8d94f08bf271954e,Cream HN hetty nugrahati 12 paket free 1 jadi 13 paket,1996665508,Sắc đẹp
train_3026019193,5c0dad4ea94613f2413be39ff3890a43.jpg,8e9d8f069d0e61b9,Baju murah-cokie yunik,2973439210,Thời trang
train_98884917,a85a2df371d07b4357b691c8fe8312c1.jpg,be9dc9d0cd63902a,Kabel Data Original 100% 2A Micro USB Fast Charging Logo Petir,2952776319,Điện tử
train_1090477083,bfd56f65ee183c82f674b02d464a8210.jpg,85153e7a31ac9937,JH112 sepatu anak sneakers perempuan lakilaki,3856127007,Phụ kiện thời trang
train_3379726749,3b901a657c9202bdbd50f25191467848.jpg,ebbc944ab4126bb4,"PH Meter Digital+BOX/Alat Ukur Keasaman Air -Hidroponik,Kolam,Minuman",714653030,Nhà cửa & Đời sống
train_1192647043,60a177e8a788668f2d1f6ada653c3daf.jpg,b996864d2f2f1c92,Baseus Kabel Data Type-C Automatic Power-Off Fast Charge 3a,1876777240,Điện tử
train_2246118465,01c5ffd55b06677401205300fc938721.jpg,e6ce996dcc22cc31,GAMIA AZRA ELZATTA GAMIS POLOS HITAM,3890819527,Thời trang
train_4170720607,c5a891d7a7083512562d3654384231d4.jpg,d091c6cdea309bc7,Magic Suction Cup Mobile Phone Bracket Holder Gurita Holder Cumi,452508504,Điện tử
train_593578998,ada927ff489b7b5e5a2f260e4c948c4c.jpg,abd68fd68885ca8c,{Lav - K376} (A - M) Kalung Huruf Stainless / Fashion Style / Set Perhiasan Wanita,3901457261,Phụ kiện thời trang
train_543076217,e30d1c5925a6c563a3e859f68c577ba0.jpg,981577eb8a80e3e3,Pantene Shampoo Anti Dandruff Anti Ketombe 750ml 750 ml / 900ml 900 ml,975885187,Sắc đẹp
train_1507351506,fb00ae11c9b2f5063e46885672ae705e.jpg,bfc1c465522f129e,PaperOne Kertas Fotocopy A4 80gr - 1 Ream (500 lembar),885968235,Phụ kiện thời trang
train_4121845031,84e077f950440e4bba755ae3e54956d7.jpg,95685aa578bf7380,Masker komedo/gelatin 50 gr,1140968338,Sắc đẹp
train_2747428428,29afb0c56c7c78fbf745185ce782dbd8.jpg,924ad93ec4f7a0e2,Gratis Ongkir Smartwatch / jam tangan pintar U9,1031952912,Phụ kiện thời trang
train_1117126301,c5c381d9ede5ef5b4b2750c5867b74a8.jpg,c53d92c2ac2db369,Masker Scuba Anak Karakter Cew Dan Cow,962477933,Sắc đẹp
train_1368126278,ab1b8fb50d5b77ee94be49a6e92bcc85.jpg,af61d292d0ec2d63,Sprei Kendra Polos Jacquard Single Ukuran 100x200 & 120x200 Tinggi 25cm,1650457181,Nhà cửa & Đời sống
train_3677419683,4d7b72e02fff34b5b149e962c361b9e8.jpg,ebaa94b580d14d5b,Celana kulot TD rayon bali,123573062,Thời trang
train_3013111088,d9fbb4392ecaa8b36671581d7f6f32d5.jpg,ebc3626963963296,KAFTAN POLOS,1712807720,Thời trang
train_1258251589,2296d2f4089045e5e4c2837af7fbbbea.jpg,e9944e238bafc607,[PROMO SPESIAL] Kojic Soap Thailand Super Whitening 100% Original Thailand Sabun Badan TERMURAH,247513865,Sắc đẹp
train_328549152,985058e672aa59e8dd1bcfe8aa1a02e7.jpg,bb0b6261c96d66c3,Sambal Goreng Ati Bumbu Bamboe,4239365373,Thực phẩm & Đồ uống
train_176512290,64bf7aaaeedd084ce4156453a9631e01.jpg,bec0d021e33ec2b7,OXIDE WASH WATERLESS / PENGKILAP BODY MOBIL & MOTOR (MEMBERSIKAN KENDARAAN TANPA AIR ) 250 ML,2996318741,Nhà cửa & Đời sống
train_800889804,df3f714a7e5f6f16f23747bd9df27432.jpg,dcd450da82af8f92,LIPSTICK SHANNEN CREAMY LIP,3908416576,Sắc đẹp
train_778186330,3776495a4e0e898b836c8a860ad425e5.jpg,c5396d95265e1a5a,New Face Shield Kacamata Anak Karakter,1677383023,Phụ kiện thời trang
train_2443643324,0cdf53df92da7f954f0f3b08df9bfc14.jpg,b399cccccc668c33,Madu Uray 640ml / Madu uray Murni / madu hutan / madu kesehatan / madu uray natural raw honey,1674683146,Sức khỏe
train_1339842959,ee663d5dbf4b6d6b243e3728299d396c.jpg,ff1880e39a9acde0,{ HOT PROMO } Baju Kaos Anak Karakter Motif Dino Trex Hitam,2407994515,Nhà cửa & Đời sống
train_822482840,92aed4addba7d217b969e50ff4b02c18.jpg,fa947a1ee12c92cc,LERBERG IKEA 35X35X148CM MURAH - RAK BESI SUSUN IKEA,2150581962,Thực phẩm & Đồ uống
train_3201853055,28a42a3f0a76b0f7b8c388a440f7ee85.jpg,af08d277d06194bd,E BOOK 3 BAHASA - MAINAN EDUKASI,2217558127,Mẹ & Bé
train_10497581,b19063aa4345598d6fdd7c81a7586f97.jpg,bd47b160c339c33c,Buku Juz Amma Tajwid & Doa (3 Bahasa) - Buku Untuk Anak TK/Paud,2586716220,Mẹ & Bé
train_2137699777,56deff2f956821e2d03b777a7ad452c1.jpg,a60d269f8f168c79,\xe2\x80\xa2 WATCHKITE \xe2\x84\xa2 \xe2\x80\xa2 SKMEI 9070 ORIGINAL Jam Tangan Pria Tali Kulit Chrono Tidak Aktif,694854417,Phụ kiện thời trang
train_583797223,45eabd2cdbad34ca2b077a2d71200531.jpg,8fe4f01a39d3c6b0,Dispenser Odol,402149138,Nhà cửa & Đời sống
train_1336574911,6c0f5c922f432f37f29a5098e3f7e7e2.jpg,e03595ca4dbd3a2c,\xe2\x9c\xa7YUKSHOPING\xe2\x9c\xa7 R103 Kaos Kaki Polos 6 Garis Unisex Fashion Wanita/Pria Kaos Kaki Import Murah Jakarta,721296483,Thời trang
train_662343654,de01e001c6240242932588920cc3a98e.jpg,b434a96a9c63b53a,LUISA HOMEY DRESS,4224194904,Thời trang
train_2272480492,df1fae69fb2f78c29807a91a1c6fa851.jpg,e1639ed8c998cc8b,CELANA JOGGER PANJANG / SWEATPANTS / TRENING NIKE AIR,2104261312,Thời trang
train_737654517,6e6af0949f01c278db3c4ae910ba3443.jpg,893907ee157e44e6,Alat Pijat Wajah Tubuh 3D Massager Roller Manual Relaksasi Pengencang Kulit,414163324,Sắc đẹp
train_206188175,a77c3b2a2486b40c6bb5367176f484f7.jpg,928ce1728fa97ac5,PAKET BEBWHITE C / BBC / PAKET BEB WHITE C ORIGINAL 100%,2956941947,Sắc đẹp
train_3235559155,293b6132aba0efc8cbb26f1c8b8086d6.jpg,eff3d393214080cf,100watt 160psi adaptor 7A doorsmeer alat cuci motor mobil tekanan tinggi steam dc alat cuci ac,553446970,Thực phẩm & Đồ uống
train_1046588898,7a8b4e00a492fa1c69cc2621fb8964ed.jpg,bb979469cc8b9434,Correction Tape / Pita Koreksi Joyko CT-507,2941889375,Nhà cửa & Đời sống
train_3934020566,119161eb197cfd1b93a8f17b5547132a.jpg,e9427887fce4865c,SARUNG TANGAN CUCI piring / Magic glove Diswashing sepasang,2964076520,Phụ kiện thời trang
train_3601585225,e9567421b14de13426dd845ae48b55c8.jpg,e992c66d91766994,Olay Natural White LIGHT UV Day Cream 20 gr,2891183579,Sắc đẹp
train_1877872903,b4dce07aa09d8c62fbc420c2846ab1ca.jpg,fec8a9a9c016b716,Stiker Kompor 2 Tungku Masterchef,4221875932,Gia dụng
train_3097122661,d203c8b60772348297ffa6c53ceb4e9d.jpg,aa7edd80a5716195,sarung wadimor anak warna hitam - sarung wadimor junior hitam - sarung anak putih - sarung polos,3269179172,Nhà cửa & Đời sống
train_3348154333,f32deae12bae1de3597d2c2ad242e83a.jpg,a4cfd3cccc309936,(Dikirim dari Jakarta) BISA \xe2\x9c\x85COD BAYAR DITEMPAT|| JAM TANGAN BABY G 925 ANALOG RUBBER,777596345,Phụ kiện thời trang
train_964720681,c81911b683bba1212f520651be7016b0.jpg,bc921b65b11b1b6c,"RAK SEPATU MUSIC BOY / RAK SHOE / RAK BERGAMBAR LUCU / RAK SEPATU ( RS CHP ), SHENAR",3188628398,Phụ kiện thời trang
train_2634745536,a5ed8525c9e4d95493dbd06fe452309a.jpg,ee7bc0a0ca83899f,LIGE9914 Jam Tangan Pria Fashion Merek Mewah Besi Tahan Karat Tahan Air Kuarsa Jam Tangan+Gift,89255494,Phụ kiện thời trang
train_2619338771,1b743813d64f46efc9c4bd032f6e1eb6.jpg,aa946aec621f846f,Tudung saji penahan panas ada rangka/tulang EXTRA LARGE,4058480380,Thực phẩm & Đồ uống
train_4204277749,bb33178ed39d6187bd4d027608e3e418.jpg,e9c8ca383ca7329e,[Bayar Di Tempat]Bulu Mata Palsu Tebal Natural Protein,3948832837,Sức khỏe
train_2785257641,fb40f4665ad5549b46917478ddb2f9b4.jpg,fa90854e2cb0dbcb,sepatu anak laki laki  usia 1 2 tahun kanvas catur,2261101373,Phụ kiện thời trang
train_896060716,b11a43abb5922f231074b76051152b6d.jpg,edc2853f9e30c21d,Sarung Tangan Half Finger Sepeda Gym Size L\n- Hitam,3909815607,Thể thao & Dã ngoại
train_1280734901,3a6253bd432878fa604214fd96fef65a.jpg,b19ec3699c362ab2,Keyboard numeric numpad Angka Keypad Numeric Keyboard Wireless 2.4GHz 10 Meter,2945232845,Điện tử
train_2095893887,5e52644b45758e35f3d60e3dfd6ac5d0.jpg,e7c693450c7cccb1,AZARIA PET ANTEM HIJAB INSTAN SUPER JUMBO WOLFIS PREMIUM,4269140801,Thời trang
train_3874293676,86d677b078fc598a6d7b0e45b2457d91.jpg,fab648936a9c16e8,FashionHead Neck Scalp Massager Massage Octopus Equipment Stress Release Tool,3035635302,Nhà cửa & Đời sống
train_3185663292,1ea2aab2f0915fb9a3f685d797e5ade3.jpg,b966646c646cc6cd,MINISO Tumbler Plastik Mawar Portable Kontainer Water Bottle air 400ml 14oz,169556674,Điện tử
train_330666203,9e0f45c07b5ac21332152ec5a003e19e.jpg,af0f0f60f0f0f0f0,BROCO GALLEO IB SAKLAR ENGKEL PUTIH G161 (TERSEDIA HARGA GROSIR) G16155S INBOW TANAM TUNGGAL,1748664140,Nhà cửa & Đời sống
train_3625678804,3956f1fe6994fd4d16cee97349165c5e.jpg,bb36c449c09c3e73,Mainan Cash Register,1679308428,Mẹ & Bé
train_2275332890,ffa2e7754a3d00bc3b0ee8c17cba9927.jpg,b987972d86380db3,masker anak bahan scuba halus produk import,2542343288,Sắc đẹp
train_1273401808,f494c2db072546bdf7f5a29578f85d3a.jpg,9d406f224b1f8e6b,IMPLORA Cheek & Liptint | Lip Tint | Ice Cream 5.5gr,3627744656,Sắc đẹp
train_1107848704,5c06b8decbc051bbb5cc376d1604a3f8.jpg,b366ce9998664999,"Jilbab Voal Motif Art Premium Square Lasercut Edition , Hijab Segi empat Motif ,Grosir Murah!!!",3547938707,Thời trang
train_3486099059,b086b5e9689fcdc99e0315257e35ac3e.jpg,ed879129924739f1,Nayz MPASI Homemade Organik Salmon,1417375119,Mẹ & Bé
train_2332343186,5ac5f7091802035b31c5585116b843d4.jpg,b891cec0c63b355b,KIRANAOFFICIAL - ( COD )KEMEJA MONALISA kotak SQUARE BLOUSE / gridA top  ( J07 / AF09 ),563107430,Thời trang
train_4142890442,9695db4e0c8f5e72ab69748a21d10b42.jpg,895494a3e61cbf6a,RAK GANTUNG SET 4 IN 1 / RAK SET KARAKTER 4 IN 1 (Rak tas rak sepatu rak hijab rak kosmetik) GMA,3166170968,Nhà cửa & Đời sống
train_557859198,d5114e31df9ca495e32ff3eb76bdc065.jpg,bf32c0c5914ec733,"b""Heinz Farley's Biskuit Bayi 120gr""",1698326880,Mẹ & Bé
train_2314394714,1e7f41ef309b72ce391d60d1685d2637.jpg,97871afa63631293,Edufuntoys - MINI WOODEN PUZZLE mainan kayu puzzle anak,3205250015,Mẹ & Bé
train_563147993,8920f071c7cfb97f627cce3b733bab9e.jpg,bcc28397812da73d,BREYLEE STEP 1 - Blackhead Remover Mask Skincare Peeling Off + 100pcs Sheet Paper,3001123709,Sắc đẹp
train_184156616,27a347ff7ddccec6130d42bce3b810a4.jpg,8dc0fe4fc19a943a,Bandana Rajut Salur Polos Anti Pusing Ciput Inner Hijab GROSIR,3802781707,Thời trang
train_142181421,806ef77a63483848eae0e770feb4b92d.jpg,b4bccb41d71e18e8,SANDAL TALI Karet WANITA THALIA,2788284919,Phụ kiện thời trang
train_1390079180,efe7339480557248dc9a380962a848ad.jpg,b11c961e8f079d1d,"b""\xe2\x9d\xa4Jam Tangan Pria SKMEI 1274 Original Men's LED Digital Anti Air Sport Outdoor Elektronik Multifungsi""",1089805460,Phụ kiện thời trang
train_1436686124,67fce1084895e96facb87739e493a171.jpg,addac451fa25d207,Tutup Pentil Ban Roda Lampu Led Motor Mobil Sensor Gerak Sepeda Light,2544389608,Nhà cửa & Đời sống
train_4061410208,20ffbaa6de21fd4e1406a962d5aadd09.jpg,ede09669691ee01e,[Free Ongkir] TAPLAK PENUTUP KULKAS TERLARIS A510 !!!,347142440,Gia dụng
train_1191124433,1a062f4046d3a92f29675dda426e2be6.jpg,a9ace5f6020de749,Tas Perlengkapan Bayi Besar Snobby Line Series TPT 1671,574122605,Phụ kiện thời trang
train_1882915141,38b547a31330d60c80a46e443826e52c.jpg,fa7ebe3a482271c0,JAM TANGAN MURAH CEWEK JAM TANGAN SILICONE QUARTZ ANALOG MOTIF KARTUN HELLO KITTY WARNA PERMEN A07,1070755869,Phụ kiện thời trang
train_2821411182,9cb25eb60018125e89cf6691bbb1e86e.jpg,be83887fe51216c9,Hanscone hanscoen hanscoon sarung tangan examination gloves merk Maxter,2799906108,Phụ kiện thời trang
train_1118075101,d37027951e90b3baa72c89237d992c92.jpg,b3cc9933ce989931,Fair lovely cream 25 gr,1769055405,Sắc đẹp
train_1090478874,2bb7836cafa97ad7f894623b31545d59.jpg,babec009ccb133e6,DERMOVATE HIJAU CREAM ORIGINAL ARAB SAUDI ASLI 100% GLAXO,4135853816,Sắc đẹp
train_3674017218,6cc1087fd880251a1bb967f653f0c8cd.jpg,bbe0841d6b633ec4,Baterai Original Samsung Galaxy Grand Prime J5 J2 Prime J2 Pro J3 J320 G530 G532 Battery Batre OEM,1273396533,Điện tử
train_3616441390,587c8b85b9026395086c25433b5bbe6a.jpg,fe183227ac5e98b1,SERUM GLOWING ORIGINAL 100%,741494558,Sắc đẹp
train_2168865664,7f4d48971767ae76bf3feedacb3331f0.jpg,ea13c0cd8df2b10f,Sweety Comfort Gold Tape NB52/S50/M48,35254803,Nhà cửa & Đời sống
train_1831498823,4041b45582bfede18cbbc802a1441d62.jpg,e8ce87079771d170,Natur Hair Tonic Gingseng 90 ML,122550860,Sắc đẹp
train_1314940581,a44a988f3d17963c58feea3f06e13754.jpg,fb929591ca6ea509,DOMPET KARTU CLIP / CARD HOLDER CLIP,1179631934,Phụ kiện thời trang
train_673106961,ba8f1dbfaafd4f4b5b9b9d35e0edc6f3.jpg,bcc3c45233bccc39,BEST SELLER PUSAR GROSIR MUKENA ANAK MY MELODY FLANEL (TAS RANSEL),888065430,Phụ kiện thời trang
train_2309945136,44ec59ec7319d741e1e4cb1a6fc3023b.jpg,ac68d33f94cb89a4,GAMIS POCKINA DRESS MOSCREPE PREMIUM,507648310,Thời trang
train_1706535298,5481738e2f8a7985450f74ba0950bca7.jpg,e895c76ab4c6ca89,GOLDEN GEL Helwa Beautycare,2542004196,Sắc đẹp
train_1155374178,36ed5cf4fbd602d5a39efc286829fa60.jpg,847311fbf8009d5f,JILBAB MASKER PAD / STELA SUPER,2169544552,Sắc đẹp
train_514015469,f74883dd7c24ffdcd56be1bd0cd30a16.jpg,dfdf8140e141c64f,FWR - Celana Kulot Jeans Boyfriend Lia,1474479803,Thời trang
train_2696622319,788c33117c9325e03981300438d27975.jpg,b3cfca31cccc8c8c,GUDIKA BAG 5103 / Ransel Selempang,1938032196,Phụ kiện thời trang
train_2878439594,fb9bc8064341d7c4335d76937a2d8a53.jpg,fe059f95a89d8582,Kipas Mobil Double DC 12V 24V USB YUNDAI 044 Portable 12 24 volt,3142241795,Điện tử
train_1763800822,5ab77d423f2dd43a3513ef359170040e.jpg,f98e313894654ce7,Lakban 48 mm NACHI Tape Coklat Plakban Bening 48mm 100 Yard isolasi murah,234541980,Nhà cửa & Đời sống
train_2129451181,7644c99b1bb13aa5f2dc8869098ba0c6.jpg,f094856b86c76b99,[SHARE] NACIFIC Natural Pacific Fresh Herb Origin Serum & Facial Cream & Calendula Tincture Toner,2843883548,Sắc đẹp
train_3970860296,48e23d46ff6634509b7d35fbd1527a3c.jpg,f3f29b0dc0e394c4,Empeng buah bayi,3444021928,Mẹ & Bé
train_1853009475,ebbee9989eb5bc88e86471066ec8a4ef.jpg,a299dd249877269d,[300gr] T232 | [ LIFE ] BOTOL MINUM KACA LIFE 450 ML / BOTOL KACA LIFE POLOS,2529468408,Nhà cửa & Đời sống
train_1925888648,c681785de4408f92c345f69925ec3965.jpg,c9a986f6f9c42c0d,Vitamer Blender Buah Juicer Portable Mini Juicer 350ml,3566010337,Điện tử
train_3649611662,8f9ff0f4e81dcd66279d85df85f1bfbd.jpg,85d01f67992ed22d,BEB WHITE C ORIGINAL/CREAM BBC SERIES,2956941947,Sắc đẹp
train_592611428,474360c6034d700d021df4db4eadc4f6.jpg,a976f6f865878601,Etude house beauty tools lovely  bandana etti hair band,2824936287,Sắc đẹp
train_3173813058,a62fbef838cb872a8619f2cddce106f9.jpg,eb915c62916e955c,"Tutup pentil led , lampu velg",1575763518,Nhà cửa & Đời sống
train_35919463,ad2c0384c75c388351d553ae7f18320e.jpg,9ac2d639f45c424f,van belt vbelt v-belt vanbelt set n max nmax n-max asli ori aspira YH-E76PA-NMX-1200,1397230201,Phụ kiện thời trang
train_1282220940,8556f1b8a64e385d9f969b3997efa734.jpg,8417ebbc8ba1b41e,COD - Tes Hamil ONEMED / Test Pack / Alat Tes Kehamilan OneMed 1 pcs,2999794436,Nhà cửa & Đời sống
train_3128132229,da2d86c3327126c82273483d267c13ee.jpg,9f52d2c2612d9f25,Multifunctional electric fry pan panci listrik lapisan keramik,2599759870,Nhà cửa & Đời sống
train_986285772,d25566e96268f5410918f21783a67df9.jpg,8eb5fc48b55e6070,LEST PANT/CELANA PANT WANITA,2005564949,Thời trang
train_3681544001,3f32a66e0107c81267f3bbd36c4e1032.jpg,add4b203dc9b843b,TAS RANSEL BTS PITA FASHION KOREA / TAS SEKOLAH / Backpack Korea Stylish,1664573953,Phụ kiện thời trang
train_3581366147,2e84f18e380b6d03de3eaf2320fb5a22.jpg,b19bce646493319b,Avoskin Retinol Ampoule | Retinol Toner,3037751996,Sắc đẹp
train_445128381,8a1836a38329cfef0b0051644b54c60e.jpg,b1cece33ce313238,Kabel Ties / Cable Ties Kabel Tis 20 CM,4163664602,Điện tử
train_4045312279,14d48b3e7d1c2cffcf92521ef6d49760.jpg,e49acd648e31a7c6,"Promo Bella Square New \xe2\x80\x9cwarna part 3"" || hijab segiempat",4006843679,Thời trang
train_3089158764,08fe942bd0fe1951c67ccc2c7fb93754.jpg,eaad94e2c11fc16c,Goon Smile Baby Pants L30,121602456,Mẹ & Bé
train_850786454,20bc27d765ba69de80e4a9c41a44da56.jpg,fbb5844a39b42cc3,Kurma Sukari 1kg Lembut dan Basah,518782902,Thực phẩm & Đồ uống
train_3319841779,3f7aa940a2791feb4d4ad16c8b513c9b.jpg,bd6861679626cd86,TERBARU !!! Kopi Good day White Coffee ( 10 x 20 gr ),758110628,Thực phẩm & Đồ uống
train_4130662197,ee3c5ef6298d97ce0f7ad24bb8a1004e.jpg,bace5b5186f4838c,Hairdryer Hair Dryer Pengering Rambut-----N1290,2409337291,Sắc đẹp
train_748504357,acd488f7a91ff3903ae5cc85943293f8.jpg,af3fd4c090c96267,Buttoned Trousers I Celpan Anak Boy kids l Uno Kidswear,2646097525,Mẹ & Bé
train_223835656,3ee0aafa0a1afa181eeaf65741f22a19.jpg,e4c9f0af88d1aa17,Kerudung hijab,2172855737,Thời trang
train_3541402887,c28484ce82bc158aace246c25f6284a7.jpg,be95914ac2784db5,WOODEN KNOB / Mainan Puzzle Knob Murah/ Puzzle Bakground,728791874,Mẹ & Bé
train_3665527367,41506335d45d81352c40c6e28e71b96e.jpg,ef9190669c6e9634,Pure Kids Fever Free Cooling Patch Gel isi 4,1715041013,Mẹ & Bé
train_2005379003,29415050d35eba1608301e17dcffbf79.jpg,d89b6d9067c7b601,Termurah KHiMAR NUHA jilbab jombo aplikasi swarosky,1620864011,Thời trang
train_1074897612,e0c8caa4286e4db6e5107c3df1e521dc.jpg,ef91c2e4b82a9e0d,CREAM RK GLOW BPOM ORIGINAL READY ALL VARIANT,2153664239,Sắc đẹp
train_26815533,2a28e5d14d2920bf1f4db01c96892307.jpg,d239c4ac2ed139c7,SEPATU MAK SNEAKERS REEBOK SOL BULAT,4038849533,Phụ kiện thời trang
train_2169451066,343962d0710fc83a52dc3eafd257963d.jpg,8fa118aeb1130fbd,(BISA C O D bayar ditempat)Helm Retro Bogo Dewasa,439619310,Nhà cửa & Đời sống
train_2377173984,bb12cc0296ff5f79d521aaed8f44c250.jpg,dae1a51ee11f38e0,[PROMO] Samsung Galaxy Buds Live - White,2675753928,Điện tử
train_1101296451,e18ac04e41e730b81c1065b5891b2589.jpg,a67b0efd0dc942c2,Cetaphil Baby Gentle Wash and Shampoo / Sabun dan Sampo Bayi 230ml,856753601,Sắc đẹp
train_831680791,001be52b2beec40ddc1d2d7fc7a68f08.jpg,e1ce953d1a70618f,BIG SALE SEPATU PANTOFEL KULIT KEREN KERJA KANTOR LAKI PRIA COWOK DINAS RESMI FORMAL PESTA KICKERS,2630990665,Phụ kiện thời trang
train_1090069629,21648a35d4649841e149831530556bbc.jpg,80be3e817e8a7c87,Pengait Masker bahan Karet Silikon Lentur OLL-712,2887356875,Sắc đẹp
train_481167217,b008fc3f6a77ce87f295ba302a04796b.jpg,ab78f001d7b29ed0,CELANA DALAM PRIA CD GT-MAN 704 BW WARNA TERMURAH DAN TERLARIS,1642169802,Thời trang
train_4001179870,3a7ac622cb5e3f467347d50379f49a36.jpg,e7f13884b8c6b8c6,Natura Beauty Spray 100% Original,3152201220,Sắc đẹp
train_35202875,7df13fdb4f2a982de81d879d1013ee51.jpg,9ea1af86b3065b64,MURAH TERLARIS Audy Maxy | Gamis Maxy Muslim Wanita,3916074380,Thời trang
train_1007689915,40fbb1570a8969e45afbbc0e0ea05647.jpg,eee4e3e01cf09187,Jegging Celana Panjang Bayi Size 2 (7-18 bulan),362816865,Mẹ & Bé
train_3758318554,b19e0b4a529e60ec555f168cfd8dba01.jpg,e99e92e194c79662,Metode Asy Syafii Ilmu Tajwid Praktis - ORIGINAL 100% Pustaka Imam Syafii,1147766147,Nhà cửa & Đời sống
train_2065100009,9759046d0576893eb9e6639391da147b.jpg,f8b405e9b934e352,COD \xe3\x80\x90Bayar di Tempat\xe3\x80\x91IINS Fashion Mata Kucing Wanita Kacamata Hitam Anti UV400,2319338478,Phụ kiện thời trang
train_3919302374,d89908e9aadcbe202af289b34658ec47.jpg,e71b98e40f13f0e8,MIC CLIP ON JEPIT 3.5mm/MICROPHONE/MIKROFON SMULE YOUTOBERS,1207189719,Điện tử
train_4126952540,c97f1723c6c07a22cd57f44708e66bc6.jpg,f28258835d8db93d,NIVEA Sun Face Protection Serum Oil Control SPF50+ PA+++ 30ml,2116611311,Sắc đẹp
train_2899198428,477f771161910dbcc1b93d29b5335a1d.jpg,b8699769c587623c,LANEIGE ORI Water Sleep Mask Lavender Lanaige Eye Sleep Mask Ecer,2935245097,Sắc đẹp
train_45562914,9a061947211680e6475d3b98b477697d.jpg,be12e12f9ec1e198,Mini Mixer Elektrik - Pengocok Telur / Kopi Serbaguna,2748623227,Thực phẩm & Đồ uống
train_3991666054,6f2f4ca3536e49893601f7f761509914.jpg,eb95946ae568907a,Sweety Silver Pants S66 / M60 / L54 / XL44 / XXL36,1011603387,Mẹ & Bé
train_4012520896,6b4e274bd161e97237a499385567ef3a.jpg,ce868ce68df8e11c,"KESET CENDOL MICROFIBER 40x60cm TEBAL, HALUS,LEMBUT, ANTI SELIP LEBIH TEBAL",3974359550,Điện tử
train_143478179,67d60c37e3c92b961fef7e7fdd79ed5a.jpg,c8fd4a44a58b96d6,paper tape set color series 10 into the basic hand account material DIY decorative stickers 10PCS,318221956,Nhà cửa & Đời sống
train_1581737517,48ac6a2de756ced169cd7213e52e6fcc.jpg,fbb184cc4c0f33e1,fulbarkode cell u loss herbalife / fiber and herbs ready exp terbaru original,1490568306,Sức khỏe
train_2880496291,7811f061820c0ae631e1237179849571.jpg,bccbc3b0c20ecb39,Kaos Welldone Original - Blow Up Black,1259657890,Thời trang
train_973496278,965d6610bc5b87ea019f863b2a1a5f43.jpg,eb1891c58e9bb1b4,MINI TRIPOD SPIDER / TRIPOD SPIDER FOR HP ATAU KAMERA / TRIPOD MINI SPIDER FLEXIBLE + HOLDER U,1883126923,Điện tử
train_3056597681,8f9ada16a4c0d1c3be2d4e0236c40136.jpg,f84ecd6c8c3146d6,JOYSEUS 2 in 1 Coiled Data Cable 1.2m Mirco USB & Type-C Fast Charging Cable,3528764768,Điện tử
train_3328914104,41ee619ae16c41eb3ba57beec3e8fe29.jpg,b2c9d9333e34cd30,Kemben Sorex Panjang Polos 2919,1779671211,Thời trang
train_3133294037,4699ed9630563b5304c72bf5b6f9b05c.jpg,e0b13e4abf626a58,(AR004) Hand Sealer Alat Perekat Plastik  bisa lengket di kulkas,1065450055,Nhà cửa & Đời sống
train_2306873762,c17798b4586c6cb399104317501df446.jpg,de52d094a725a9ad,EVERWHITE BRIGHTENING BODY CREAM PINK / EVER WHITE ORIGINAL 100 %,3601222703,Sắc đẹp
train_2401198769,7d510d9d9dcb3a7357023b38c85afcd5.jpg,a677c808eff25d08,Mic bluetooth WS 858,1181308227,Điện tử
train_2527715843,c643762520ac920d90e8ff678bd12667.jpg,837c3cc79861f929,Blitz Ich 100 cc Obat Ikan,1519349143,Sức khỏe
train_3539657011,a4e454478c0fe4c7b6fcd5d8ab9e274e.jpg,e932d0cc3e6be1b0,Speaker Bluetooth A2DP Stereo Mega Bass Wireless Speaker Stereo,1799186935,Điện tử
train_3141752479,b7245fbc10266d41aa3f222fa28cb18e.jpg,af3bd314c06a9783,[SACHET] Garnier Color Naturals Express Cream / Ultra Color Hair Color Pewarna Rambut,2910074820,Sắc đẹp
train_4117448365,0cd275825c85632f9a3fad039740e08b.jpg,baa7c394854b9a1d,Termurah! Little Hippo Eco Popok Bayi Cuci Ulang Clodi Cloth Diaper Popok Kain,4092411351,Mẹ & Bé
train_1013343086,4cf8d51e52eb7ea8aa93b2cc8b9e1be8.jpg,a79afce29269c0e1,C3 Ikat Rambut Elastis Bahan Satin Warna Polos Untuk Wanita,3188098177,Thời trang
train_3548968633,cc2a6cc8d44a706b9059ed420f324fa1.jpg,abdc44bb14c660bb,Sweety Silver Pants S66/M60/L54/XL44/XXL36,1011603387,Mẹ & Bé
train_863458039,4960becd0321b1f367aed3337f024494.jpg,afe0901fdc662ba1,"b""Buy 1 Get 1 - Neppi Baby Wipes 50's""",2624455390,Mẹ & Bé
train_2774027730,d30b97b7ccd0ce21f4948f6d6ea0b779.jpg,af58e4818a2f17f4,HALO.BAG  HP07 All Size HP up to 6 ALL TIPE HP Waterproof Case Hp Universal,3432029652,Phụ kiện thời trang
train_2496678721,5ced36ecb85d12e0d87aca02e5b973d6.jpg,cad2b5992d913ad2,INAI KUKU MERAH KUALITAS TERBAIK BEST SELLER,2090149305,Phụ kiện thời trang
train_1102810526,2f3b482d88f78fd738722d9299320054.jpg,e592966c993169cb,"b""Blackmores Calcimag Multi BPOM Kalbe 60's - Kalsium, Magnesium, Asam Lambung, Kesehatan Tulang""",1322597928,Sức khỏe
train_2178173143,ba75d194c1750750a1929519fcc083be.jpg,bbc48d1cc63ae02f,BOTOL PLASTIK SPRAY SEMPROTAN BURUNG /JET SPRAY MERK ASENA 1000ML,3277021281,Nhà cửa & Đời sống
train_1660958253,ea110d7bbae6d5e4ce5ad58c194440a3.jpg,bbc0c4b5c6cac23b,RING SELFIE / RING LIGHT SELFIE FLASHLIGHT  / LAMPU SELFIE RING / LAMPU BIGO / RING BIGO,1380846061,Nhà cửa & Đời sống
train_3852005057,fd0290a47e92d4768e804fe3bbb0ff49.jpg,f887c61e93788d61,Tas Gabag kids backpack 2 in 1 - mermaid blink,3007239704,Phụ kiện thời trang
train_3700117794,398f23c230187248c985f7a972523f86.jpg,ffa581529893b8cc,(KEMASAN BARU) SABUN GREENTEA BEXINDO,1587395175,Sắc đẹp
train_992344861,a54b02cfd0e036bf7e0a3305cfb66ee4.jpg,b691912eccd37c26,Kapsul Ekstrak Daun Jati Cina Original Ash-Shihhah 60 kp,1952667693,Nhà cửa & Đời sống
train_2825331820,317521a2a0bb700c785e64987b02cf98.jpg,95b34ece7078430f,[CUCI GUDANG] Masker bubuk Organik 15 gram by Lea Gloria,3465761771,Sắc đẹp
train_3855585302,acc0de64f4855b81a41a6700b4988344.jpg,d8d8d802ef4ae719,SABRINA MAXI SABRINA GAMIS SABRINA DRESS SABRINA SPASSY  BY SPASSY ( BISA COD ),2674196062,Thời trang
train_3629873369,447ae2c3526ac0e12fb80536875f5525.jpg,d5cf85b368cd4162,Pengharum Mobil Dorfree car & Home Parfum mobil best seller,847060368,Sắc đẹp
train_39702554,587f0f3e7a6afc2cb9b2959bf202a3d4.jpg,f858c2e4da7885e6,HC Jam Tangan Pria 3103 Jam Tangan Pria Sport Korea Fashion Quartz Men Silikon Watch#BISA COD,2915658861,Phụ kiện thời trang
train_3116364807,3c0baf7283ec60954da67fc1eb9220cd.jpg,ad96c198c73cd961,ALMOM MILK POWDER PREMIUM/ PELANCAR ASI SARI ALMOND BUBUK / ASI BOOSTER ALMOND MILK,3718514110,Thực phẩm & Đồ uống
train_861961716,ff4f52b7fdeb7fff89eabee8a1b786be.jpg,c499fb2fa1f294c0,Piyama Big Size BOY GIRL 2 3 4 5 6 7 8 9 10 Velvet Junior Setelan Baju Tidur Anak cherrybabykidsshop,3883744712,Mẹ & Bé
train_539836894,296604ba56551c1bacd8fe87334adbbf.jpg,b1329ec9cecc9392,CELANA JOGGER PANJANG / SWEATPANTS / TRAINING PUMA GRADE ORI,3206685987,Thời trang
train_1900233238,594a1550ab8ad3e1186aa1dce8e1ad91.jpg,e992966d4ba49761,(400gr) SALE!!  Musical toy nursery mainan bayi gantung putar musik edukasi merry go around,1983510531,Mẹ & Bé
train_1361510065,758bf9890ae66e63dd4e4e5b4cb84d17.jpg,beb3c145997a0687,Kaos Kaki Bayi Bahan Katun Tebal dan Hangat Anti-Slip Gambar Kartun untuk Unisex,3937733565,Mẹ & Bé
train_1309706127,796e5a26f48b42b473adc50eb9606d70.jpg,ae389195c1c33e79,Alat Cukur Rambut / Happy King / HK900 / Mesin cukur Rambut,476581871,Nhà cửa & Đời sống
train_2823877112,b12e00434f7a3403744ff4c1ffed737a.jpg,bc87c1e0943d876b,GABAG LEMON Backpack Cooler Thermal Bag Ransel Diaper Tas ASI Bayi - Free 2 Ice Gel Besar,3039508373,Phụ kiện thời trang
train_1698686805,3b0ecc8537616029e582ba9446a21069.jpg,b9c692c3485a3b2f,"b""You've (You Have) Celana Korset/Korset Pelangsing Tubuh 1607""",949064330,Thời trang
train_2283774653,9c6c4a7a62780be1a4890b37b518cbf8.jpg,dfadc0a4c2533bc1,"b""Pond's sheet mask 25 gram""",3856102831,Sắc đẹp
train_780358563,791af07f9974fda75eba8c9d495158b8.jpg,be628d8dc87a6a68,"b""Jobel Boy's Underwear - Robot / Shark / Classic Edition CherrybabykidsShop""",3495775445,Mẹ & Bé
train_596077369,5050729eae6b6e41a50f7ec932f19031.jpg,bc8bcb24f2d30c1e,LVPAI COD\xe2\x9c\x94 jam tangan Wanita Quartz Analog Gaya Korea Motif Bunga Daisy Strap Kanvas Untuk Pelajar Wanita,2856417278,Phụ kiện thời trang
train_1044895849,501e16b023bd852093b2623ae08c49de.jpg,eea3b1e6811c7a4a,MURAH!!! Daster Yukensi//Dress Yukensi Bayi 0-12 bulan,1203362046,Mẹ & Bé
train_803431274,e41eb8a21b4062da86f859a46c66c3b9.jpg,99ae54839cdc782b,READY STOCK LANGSUNG KIRIM Jaring Sabun Multibeauty Soap Foaming Net Untuk Membusakan Sabun,1761040605,Sắc đẹp
train_3539339103,9356119b273b5910543bb4f79a2532b8.jpg,be27c3d0c863270f,Rak Piring Stainless Minimalis 2 Susun Tingkat Berkualitas,3228859801,Thực phẩm & Đồ uống
train_3158793705,25eb4b36e21276ca5a9cc1b38b790651.jpg,e85ab2cc1d65c28f,Sticker Pipi Merah Putih ILoveIndonesia / Tempelan Pipi Bendera,2783271625,Nhà cửa & Đời sống
train_1151308005,b19ddbf0da3b2ca5c35e19af9d7d2443.jpg,e9e59692926e741a,Brilliant Couple Syari Original Solo Hijab / Sohib Gamis + Kemeja Longdress Maxi Bahan Toyobo HQ,2945011912,Thời trang
train_1526583780,1a4f5c046d7636a830220d5de6d275d0.jpg,bda49a31c7e2c54c,KPOP Dompet Kartu Bahan PVC Transparan Gaya Korea,2884803637,Phụ kiện thời trang
train_214142463,585c2ce4f955a1658bb4a459acab2ddd.jpg,a9cb74c64fc41bc4,\xe2\xad\x90 New Real Bordir Tunik FULL WARNA Termurah Khadijah Syari Gamis Set Jilbab #belanjadarirumah,4168250866,Thời trang
train_3149947430,4b742df0922fc0d3d3ae86343d8c7fed.jpg,ee603752f22fb034,JIHAN KIDS -  kaos anak oshkosh ecer grosir termurah  sz 246810,3089863932,Thời trang
train_453297611,6504c5324e98e9b44b03d15da2b2437f.jpg,b978b6d1c2c3c6c4,HC Dompet Kartu 2212 Dompet Wanita Resleting Motif Tikar Kulit Mini Grosir Import#Bisa COD,1113850846,Phụ kiện thời trang
train_393231770,f218a19118d8a8a540c2c630a4c0092c.jpg,a3878f52a579d0b1,Baju Sauna Suite Jaket Sauna Suit Pakaian Olahraga,2954011755,Thời trang
train_127086629,fc1a3a0daaa195971311265025fe0c5c.jpg,f25489a989567637,Handsfree buat iphone 7 / 7+ / 8 / 8+/ x Conectin bluetooth lighting,2075337573,Điện tử
train_3256559642,45ed5e5bf8e7c69ac0f597b1efadce29.jpg,e69e9a9899399929,AVOSKIN Miraculous RETINOL Toner 100ml,1268201436,Sắc đẹp
train_2840198664,c7f62e06cad072254f179fa4f0df9b62.jpg,a687073cc9d8d8d9,Jaket Amazing Two-Tone / Jaket Parasut / Jaket Pria / Jaket Gunung / Jaket Parasut / Jaket Outdoor,86294285,Thời trang
train_777555424,36ee0da53d0317b303cc2533ee10a05e.jpg,b845d83f82f8ad43,7023 Kertas Cellophane Polos,2386717885,Phụ kiện thời trang
train_1987000376,68fbcbec9f8eaa99d8f07affe237d67c.jpg,ab8b912659f30f92,Type C USB-C 90 Degree Right Angle Data Fast Charging Sync Charger Cable Samung,3565634603,Điện tử
train_2735890192,66eebed37ad697cf4ab15bd2cf58fc0c.jpg,e8c897927a6a6d0d,Sepatu Ventela Public Maroon Natural High,2940703038,Phụ kiện thời trang
train_170097220,fb98db4877ac992081d20a25c8a7aa11.jpg,da65a58a5a6d23b2,Ponds Juice Collection Sheet Mask,2520007137,Sắc đẹp
train_948070416,b574de49859b6f4fc9c2f215e9a760ca.jpg,bf62c19fd09568c8,LAMPU PHILIPS LED 12 WATT 12WATT 12 W 12W PAKET ISI 4 PCS,1754883022,Nhà cửa & Đời sống
train_2202809544,d1af2c84e46cf5de42c3ad39dad79e7a.jpg,fe648785a5cad04e,SENDAL ANAK LED TOBOT BISA NYALA,363496814,Mẹ & Bé
train_1085892853,0717db92b829540d5c18aad6045b1997.jpg,be173e8d29a49760,Eceran Umbul-umbul 6 mata warna/merah putih(65gram),3275119116,Nhà cửa & Đời sống
train_770266648,9de569f4a9d29734c9f5975722dcef38.jpg,ae6cc19374cfc099,Indomilk kaleng putih 370gr,642625383,Thực phẩm & Đồ uống
train_601163629,48e86a9c78d4091968a31abf8b695c0b.jpg,f2b688258edaa4da,Masker bts masker bt21 bts 2 ply,3825693463,Sắc đẹp
train_3271367019,90ab4d546419afb02bbaa0f1aa82a923.jpg,9356c931fb9a2638,PROMO TERMURAH Wallpaper Sticker bunga polos 45cm x 10m,3620290778,Thời trang
train_1771872897,d25eff50b92115a8d067c1498d10d2a3.jpg,b456cee8db299036,VIPBAZAAR Nano Tape Double Tape Isolasi 2 Sisi Kuat Dicuci Tanpa bekas,336893387,Nhà cửa & Đời sống
train_610306963,8b335bad21e7b58501f7995c3fd2f6f7.jpg,8b94b42be4cbc3b4,Sabun cair ZEN PUMP 500ML 3 VARIAN,2050714012,Sắc đẹp
train_2600672157,519a457828edba503c4c45bf6889b21d.jpg,806c7f2c3b734ad2,Hotin Cream Tube 120ml  & 60ml / Hot in Krim Pegal Nyeri Otot / LEDI MART,4113632339,Sắc đẹp
train_3586380358,f24232334fc8e00293b9a548101d53d0.jpg,fa79c7c1f80d81b0,Kaos pria SiLo O-neck polos murah,3529646908,Thời trang
train_2870657365,c4168e2b8588c0e0564596aa31f24fd6.jpg,cf0ce4749e23d29a,SEPATU | SHOES | WANITA | ZARA ZS150 VYNIL SANDAL ORI PREMIUM IMPORT,3281617558,Phụ kiện thời trang
train_3004932105,2be0941980b5c57bbd8571c28fac85f6.jpg,ee6ea8919517d262,Jaya_Co Jaket Jeans Fringe / jaket jeans rawis,1037635218,Thời trang
train_2740453966,213fce20f0356653fb7f1844afc86fd3.jpg,8182753d2dfa9635,Q202 Food Chopper Full Set - Blender Manual Tanpa Listrik Mudah Digunakan,142552340,Gia dụng
train_76707000,7e9aaa92d3b5d12d44937f20af23f7cd.jpg,f2038ff8f9ee2401,Polysilane Sirup/Suspensi 180 mL - Obat Maag dan Kembung,541114057,Sức khỏe
train_1466089584,b6b4d9573fcf93d09647eb5dcfa38acd.jpg,aecb31ee609b6491,CUSSONS BABY Cream Soft & And Smooth/Krim Bayi  CUSSONS BABY Soft & And Smooth 50 gr 50gr 50 gram,4277487223,Sắc đẹp
train_616937439,26c552f5bfb9de996c4bca7429623442.jpg,b5d22b462f47a392,Kaca Cermin Karakter / Cermin Makeup Motif Kartun Lucu Colorful / Cermin Saku / CERMIN rias makeup,3227121134,Nhà cửa & Đời sống
train_2398291386,aa3d7d727958ca1760b001c68caf8b3f.jpg,ee24920d9cd2cdcb,[READY] Catok VIVID VOGUE Original Magic automatic hair curler / catokan rambut keriting,4186791151,Sắc đẹp
train_3609122916,7c1cb953983704ae8b0a01f37957df91.jpg,a686cd63719d1fa0,"Viva Air Mawar, Milk Cleanser & Face Tonic",562358068,Thực phẩm & Đồ uống
train_3223480268,c4074ac5ff7af45e82f2ef491b8026cb.jpg,a848a76f9fb5e003,Balok Domino 120PCS - Multi-Color,900810695,Mẹ & Bé
train_2125533569,3c9d01af665604d90775d196f6678f81.jpg,bf3cc0643a3a749a,FYGALERYJAKARTA - CRAYON KARAKTER COLOURING SET 86 IN 1 CAT AIR IMPORT STATIONARY COLOR PENCIL,238830477,Nhà cửa & Đời sống
train_3488651977,48d7a7dbd2db91ea77b157c165755e28.jpg,ceeeb11191913d93,(COD)Jam Tangan Q&Q termurah Angka Rubber candy Karet jam tangan unisex  Fashion QQ Jam Tangan Jelly,2842683453,Phụ kiện thời trang
train_2561766523,942925768cbbe8db3139d922f23fd2f3.jpg,bb9594c3c86c946b,Sajadah Praktis Souvenir Siraman Unik Abu Dhabi Latte,2779555022,Nhà cửa & Đời sống
train_2571336423,d396a577797fde97267b3faf1251b9aa.jpg,fae2a43697b14949,Tzuki Sabun Pemutih penghilang Flek hitam dan Anti Aging,3489985175,Sắc đẹp
train_3560338900,c42c2cdce879fdc3547cfb6278ec2302.jpg,8f96fa49b0368d29,[ORIGINAL] CREAM CSD / CREAM SUSU DOMBA [SABUN PUTIH SUSU ASLI],3222425177,Thực phẩm & Đồ uống
train_2214359633,ca2c27006dc2529092f5c3c3ec0f08ae.jpg,f92adf8c618398a9,Kacamata Safety Anti Virus Corona Pelindung Debu Transparant Bening 2,3374387802,Phụ kiện thời trang
train_3248280640,51e08559fa3a864c7447d7a52237d1db.jpg,da0da5f2f8686d06,Kulot pocket soraya Wanita JN232 Celana Jeans Kulot Muslim Kekinian jeans denim terbaru cewek murah,3048696444,Thời trang
train_3680666270,652620950d5497570cfa47d27163e353.jpg,d5f416e115a13ae3,Dettol Sabun Mandi Cair Anti Bakteri Fresh 625 gr Pump,590283276,Sắc đẹp
train_562796881,a1d22d65fcf0150f6107ac2bc78d0dd6.jpg,b9499628c6d6e8b9,Life Space Probiotic For Baby 60 gr Powder,2069743339,Mẹ & Bé
train_2150319759,b4a439fbd55a8a1efc49c2f9c1d6b82e.jpg,b33332cccccc0eb3,KUAS MASKER WAJAH,1456844310,Sắc đẹp
train_1537873079,9b5d65b0b6728493a2445d9e9e3eb54c.jpg,96e1a15eda8de01b,Multifunctional Electric Fry Pan Panci Listrik Lapisan Keramik 18cm,1226500780,Nhà cửa & Đời sống
train_848190683,7797a4b8e1c7c4403dd114ce8dc5211c.jpg,81227eddf30e8c78,SEPATU SNEAKERS WANITA M DV 98,2470037095,Phụ kiện thời trang
train_1702027645,3f5d4f6a6278edd7232cf59e19f0596d.jpg,e7c3982c67d3984c,ACNOC ACNESER SPOT GEL 15 g,3375312423,Sắc đẹp
train_1739787394,7d72b4b2ff90e703643e41212bb04992.jpg,bce5c11ab3e46c19,MOMOGI SNACK ALL VARIAN ISI 20 PCS @8GRAM,3565319599,Thực phẩm & Đồ uống
train_2938125887,c04c7c27509e1319207c7c452a92b7fa.jpg,bb969ad940ab2475,Kaos truck kata kata anti gengsi standar quality RFOUR,1889186348,Thời trang
train_1345646537,d3f15ce8feafc6bbbb1f3fb6099b1d38.jpg,a69c95e3cb1ec10b,LANGSUNG DI KIRIM MASKER KAIN BAHAN KATUN LEMBUT POLOS WARNA-WARNI,2274731360,Sắc đẹp
train_1861860217,45badbaff4fcbfd86e8a8f77c451578d.jpg,e1ce9a619e31c731,Bobatee Tapioka Pearl 1 kg (Boba),3721047951,Sức khỏe
train_1885315078,127198834e2c09477c366a05a405236d.jpg,beb4c14bcb9d30e0,Mainan Keluarga Monopoly 5 in 1 Monopoli Halma Ular Tangga Ludo Catur,2485229417,Mẹ & Bé
train_1238914099,2f76a770a9d6d34e91d39c83bf0a5ed3.jpg,e7fc1d0158cec2c9,PART 2 HELM BOGO RETRO KLASIK COD  SUDAH TERMASUK KACA BOBO,2831478808,Nhà cửa & Đời sống
train_1721156667,97fe3aec583612ddf0a2d27e13406f4c.jpg,bfc097b58c986455,Bt365 Jam Tangan Bisnis Quartz Analog Dial Bulat Strap Stainless Steel untuk Pria,2436445645,Phụ kiện thời trang
train_3029167211,720a8793a0796d27f05971dbd209cf0a.jpg,c83477eb890b3476,Makarizo Advisor Vitamax 50ml 100% Original \xe2\x9c\x94\xef\xb8\x8f BPOM,287044397,Sắc đẹp
train_3931611890,3235b75a916c2bcd6f375160f6ec4cc9.jpg,a21a0dfccef8c913,(IZIN BPOM) PARFUM BAYI SWITSBABY 35ML + BOX BONUS POUCH,312075884,Sắc đẹp
train_3802206980,3e01d8c392aad96c814e74e597b179ef.jpg,eb9436c93ec29836,Cream HN 15 gr original plus serum gold,1920091538,Sắc đẹp
train_701475816,2a15be869884d8d759360e5503f80d28.jpg,bfc016c6693f9071,Dot empeng bayi | empeng bayi shiyan+ box+ tali gantung,3246682722,Mẹ & Bé
train_2612248673,2efbaff44a21ebb4655cac6514a3c1fe.jpg,aa47d507d3b04e78,BELI 2 GRATIS 1 BISA COD SABUN TZUKI- SABUN PEMUTIH WAJAH KULIT BADAN ORIGINAL,3489985175,Sắc đẹp
train_4284781491,e33e57f6b361e6243653647b25f6040e.jpg,bb7a9c94e14993a4,Frisian Flag 456 Vanila Cokelat Madu 400gr,3991519087,Thực phẩm & Đồ uống
train_2404729236,b7c84954366a104a33794185579c9d28.jpg,e22f29878595b758,Nacific Toner Phyto Niacin Whitening Toner 150 ml,3599684856,Sắc đẹp
train_1588611912,d5b18904540cbcbcb0dc4b3e33ad881d.jpg,e626999999c925da,Marwah syari R.A / Gamis muslim terlaris,1282294117,Thời trang
train_3763196674,e18436d9937a6889357eef9ef6cd5cde.jpg,be9dc8d08d67902e,Kabel Data Xiaomi Original 100% Micro USB Cable Charger Micro USB,2952776319,Điện tử
train_4084772239,4ac06afea6299af7e36ba670f655077e.jpg,f3c2ccdd3168c097,Sepatu Sneakers K8005 Import size 36-40,3779428082,Phụ kiện thời trang
train_3053636481,9d202a4f807cae93d55af9f440c67275.jpg,c6866dea9f34309a,COD Masker Al Fatih Peel of mask (Distributor masker Al Fatih),2754540101,Sắc đẹp
train_2925544114,338f15d329a78b7047bf103f635a9786.jpg,af84d17ad4676a90,Multi Grill Pan/Alat Panggang Serbaguna,2274223447,Phụ kiện thời trang
train_4280872943,ca36655e37e37a0d437b938d37cb042b.jpg,e0d29a789d3d9525,Dress Gamis Anak Monster Kids Free Hijab,1239158450,Mẹ & Bé
train_539315507,4aa9d5bd262dca3d5a881ff473a6a106.jpg,af9f82f0d660d00f,PALDO JJAJANGMEN CHAJANG NOODLE 200G,721808078,Thực phẩm & Đồ uống
train_2154300739,2445b711799fdb83e6454c5eac19e1dd.jpg,b6811f25934ee87a,MAKANAN KUCING MEO TUNA ADULT FRESHPACK 1.2KG,1560581504,Thực phẩm & Đồ uống
train_559543281,8c01557054b602566075868f3078e3b2.jpg,bb13e24edd48d02e,Better Beater Hand Mixer otomatis (Manual) harga 1 set=2pcs murah,2294565205,Gia dụng
train_3396515577,a5faa66101bd6466a47827296f35a14e.jpg,d1bd0ed617423e49,{Lav- F540} Sepatu Flat Shoes Karet Wanita,833264571,Phụ kiện thời trang
train_2134739155,78d588c9b767efd1591730551d5b6e51.jpg,fb36cd7d89a420c8,JS - Baju Training/Running/Olahraga NB 01,794316241,Thời trang
train_2328474373,de71f406156d34cf3c2611d242571358.jpg,abf097c4d30af581,GOGO Puppet Boneka Jari Tangan Binatang Mainan Anak,1896239564,Phụ kiện thời trang
train_2853373404,c38ac968f0bf92f5708ffc09ab56ce44.jpg,ca373cce639483d8,Duct Tape Saeki Tape / Lakban AC / Solasi AC Made in Korea,4227697284,Nhà cửa & Đời sống
train_1753606974,e70bd94801f0c445bfde3da8af626abd.jpg,96c31e2c6997ccc3,Dinda Tunik / Atasan Wamita Muslim Terlaris BJ,2538637925,Thời trang
train_2160157998,8e2093b4cf234d9603fde3b67a1d5132.jpg,db2530ce3b681b4e,Masker Sritex. Ready,213095167,Sắc đẹp
train_2786035082,fb705c20a33398c33a14eeae37387ec7.jpg,9ab84bec946ab41e,littlekiddoss MASK2004 Masker Scuba Dewasa Masker Korea Kain Laser Cut Masker Anti Debu Corona,2714598596,Sắc đẹp
train_250620483,1be31c67732aeea0b146bec06bea5614.jpg,cb43b459997d41a6,GAMIS POLOS JUMBO/ GAMIS BALOTELI/GAMIS SERENA BY RISMATRIE,856078318,Thời trang
train_1265506948,c48e96bd00e9a2068e9919d164e75310.jpg,d93e4acab7944a4a,CELANA BLACKHAWK PANJANG MURAH,1386292334,Thời trang
train_3744409397,642fe1a5dd404fb029e06f8973e66e82.jpg,ea9ac4e19e0b3936,[LOKAL] DOMMO - D1243 DOMPET KIMI - Dompet Lipat Wanita,3242366539,Phụ kiện thời trang
train_1427344170,1729a65c584314bf76b59891a29ab7f8.jpg,b9915a9b1f3eb005,Minyak Herba Sinergi (MHS) Minyak Burung Bubut Solusi Herbal HPAI,797001514,Điện tử
train_1425026566,3177e645f02f9b92e2a8bdfc8ab827ea.jpg,a40495fceef66d04,Set Peralatan Makan Sendok Garpu Sumpit Kotak HCF31209,233895070,Nhà cửa & Đời sống
train_1652119096,318eb0517b184b4495c90a0ed8bc4131.jpg,b621c9c6c5393f70,Kozuii K-Walk Sandal Kesehatan & Refleksi,3187874144,Phụ kiện thời trang
train_6329881,e15a8513397222d4dbcd48bc1df62dfb.jpg,a96f868b39237878,SERUM SILKY SERUM SUTRA SERUM WAJAH KF SKIN KFSKIN SERUM SILKY SERUM ORIGINAL BPOM,3371100380,Sắc đẹp
train_4243211897,fccade9417f83c4f8137248c23b81171.jpg,aa82f5d1a179d52a,Chil Kid platinum vanila / madu 800gr,249398264,Sức khỏe
train_2139069394,abc56931a1de2817b51de2a986e65a95.jpg,cb2dd2d29558c5d2,Taplak Kulkas Penutup Waterproof Cover Kantong Storage Pouch serbaguna multifungsi anti air interior,787379857,Phụ kiện thời trang
train_1395269509,721075b843c74237b2919618ca14e8b9.jpg,bc92c3e1c39cc43b,"Baby Alive Littles, Push \xe2\x80\x98n Kick Stroller, Little Ana - BYAE7182",3369520057,Mẹ & Bé
train_2575535577,9a4cf7adcf1047e77b2f72b94715193e.jpg,8a9d8fcfa5429932,Cangkir Beserta Sedotan Jerami Gelas Tangan Botol Minum 2tutupan Pipet Sedotan 401-500,2923349052,Phụ kiện thời trang
train_1050858172,8763fc885a56efc7073460fa811d984d.jpg,b939868ece96ab60,Parfume Unisex - Garuda by Lavina NO BOX 50ml EDT,2476861661,Sắc đẹp
train_3878736395,dda8b3a0a0812c7be7d0767a3338c8ca.jpg,bee182b6ec19f00d,Jam Tangan Magnet Premium / Jam Tangan Wanita Magnet / Rantai Magnet Diamond Premium Termurah,469790690,Phụ kiện thời trang
train_3946185755,5823ad9b77c57d1c4775bdc9e0659701.jpg,ea8695796a869179,Sandal Led Anak Antislip,2377726047,Phụ kiện thời trang
train_3860521805,424d26380bb5c6fde95bbb4416c1fbe2.jpg,e4dcb8b382a18767,iPhone 11 Pro Max X XS 6 6s 7 8 Plus XR SE 2020 9 Colors Upgrated 2nd Skin Feel Candy Color Soft Bumper Hard Case Full Matte Cover LC,59413042,Điện tử
train_1303985612,c7d609066a6bf16a814775f8d8e9243f.jpg,bc4bd836c983cb0d,MARS - DRESS HAPPY FACE | HAPPY FACES,179698337,Thời trang
train_3624160821,0f183b28dae18ad305f53aab17877432.jpg,d93aa4d1e2d1e1d4,Celana Formal Panjang Pria Slimfit Warna Hitam Murah Size 27 - 38 Caldin Bahan Kain Teflon,1496952524,Thời trang
train_918582936,ba8f1dbfaafd4f4b5b9b9d35e0edc6f3.jpg,bcc3c45233bccc39,JUAL MUKENA ANAK KATUN TAS RANSEL FLANEL MY MELODY,888065430,Phụ kiện thời trang
train_818314268,342162ba0ca51c18142cc414887cf959.jpg,9f863146bb1cfe08,MADU URAY KECIL 330ML (LABEL TERBARU),3446680481,Sức khỏe
train_179294358,102b6496d029b9a10238882617087feb.jpg,c450652b7cee2a79,KC Eor BLASWJHH Dual Driver 4 Unit Earphone In-ear Heavy Bass HiFi dengan Kabel,18580956,Điện tử
train_3248490260,c130885fdf237e03437ac9a982f274fd.jpg,fa878725954a593c,Pensil Mekanik Pentel Caplet A105 0.5mm - Pensil Mekanik 0.5mm Pentel,1555008436,Phụ kiện thời trang
train_2919271810,f47750d26c183afbbd4a7e5914b890bd.jpg,8bb4bc1a4c65e49b,Jersey baseball baju baseball Pria Wanita NY orange list hitam,2421033412,Thời trang
train_1715031956,f44ea10568de7e702b90f6f8052b5edd.jpg,e53b9ae0da6c9225,BUBBLE WRAP 125cm x 50m Buble Wrapping Pack Eceran Murah Putih Bening,2962708199,Nhà cửa & Đời sống
train_1533525248,b80165d0d4bf0e395d906906ab6b19b4.jpg,ea94956b94e892c7,LIP BALM KISS BEAUTY PEACH SWEET COLOR,2913737300,Sắc đẹp
train_4151529005,0900785522c3946d97a2979c44b73c55.jpg,ee9d9162cd893259,[Jason Watch] Jam tangan Anak Digital jelly mural Q Q QNQ S1014,2124346850,Phụ kiện thời trang
train_2939051849,14c1526cc0d81d7b3c9d2c4b287517dd.jpg,e3c09c6d34b24e9d,"[SHARE] avoskin miraculous refining toner, avoskin miraculous retinol toner retinol serum",4291905065,Sắc đẹp
train_3829379127,697018763618ab36f4661b84b7242171.jpg,e1339e8e26c939e2,Miyako KAD 06 Kipas Angin 6 Inch,3698959416,Gia dụng
train_2247395258,a48ab19a9b70f8e56175331f40721909.jpg,b58eca8ac57e12e1,Tenda Mainan anak size 100 cm/tenda anak,2651183235,Mẹ & Bé
train_2641847112,44f31215bdf69c83a1da482e709587f3.jpg,b969d29ec487c296,Samsung Phyton B310 - Dual Sim (Garansi Resmi),3001416403,Điện tử
train_3672374874,6739bc62a2ac898de9c6c793bc93fa44.jpg,a718c3add8d354b4,Garpu Makan Polos Stainless silver ISI 12 PCS,1251456488,Thời trang
train_524007547,04a38fee24f54bcf390b9ec338237455.jpg,efcb18f8d955c060,DaveCollection - Kaos Pria Kaos distro IMMORTAL RIDER CN549,3806704121,Thời trang
train_1027792354,e5378308e12044f55d5899f8f01faa3a.jpg,eecc9538c3ae9a30,"Kolam Mandi Bola, Keranjang Mandi Bola, Keranjang Basket Bola",3965458173,Thể thao & Dã ngoại
train_3489385103,952015497f35c6c0bfc2d80e7a1609a6.jpg,ebb9940686b83c6b,Pediasure Madu/Vanilla 850gr Susu Termurah,3742712461,Thực phẩm & Đồ uống
train_636875596,f70ce997f9c41a3b1565caacd08ee293.jpg,e8cd97306a9165ce,BATERAI ASUS ZENFONE 2 ZE550ML ZE551ML / BATRE ASUS 2 ZE550ML ZE551ML,989698886,Điện tử
train_357049888,9fd7302e5cdded40725fc161093415c8.jpg,e6cc8cc9992399ce,Wardah Exclusive Matte Lipcream (dengan varian warna terbaru),745812174,Sắc đẹp
train_1641731398,83345112df421faa8b5c0becce40a723.jpg,bf37f072dd08888c,[Size 35-42] Celana Jeans Panjang Wanita Skinny Jeans Jumbo BIG SIZE JSK JEANS,2677619773,Thời trang
train_3580750137,65423e33d3709f8e870f07ede7bf7c37.jpg,da9e8c27e1b0a2c7,Speaker - Speker Bluetooth Portable C6 Waterproof ( Anti Air ),3662033587,Điện tử
train_3565772490,4613abd4038edebf2859eb812d88c04a.jpg,bfc5b4a6807940b7,KAOS DISTRO ORANG TUA SEPANJANG MASA,3102703783,Thời trang
train_170314070,e455abdcabe1de90abba5ace7a50adc7.jpg,ed1bd0661b78390e,TENDA ANAK LAKI/PEREMPUAN 100x100 CM TERMURAH,3842983995,Mẹ & Bé
train_1943476304,c300cc823bc2b855492d75c74e3d76b4.jpg,ec16d2c7cb8e903a,Teh Daun Jati Cina life a herbal & hikmah sehat internasional Teh Pelangsing 40gr,3534906127,Sức khỏe
train_3466106235,7eb25988f5af66bca99f0ef9bce2d2f4.jpg,eba0855f9a7961a1,Sepatu Wanita Jelly Bludru / Flatshoes Bludru Import,1599468050,Phụ kiện thời trang
train_3015774714,45940011b39f2ca071fe81a128a9cc7a.jpg,eb9364b26a749474,[ 2PCS ]TUTUP PENTIL LED LAMPU RODA BAN MOBIL SEPEDA MOTOR AKSESORIS KENDARAAN SENSOR GERAK,1575763518,Nhà cửa & Đời sống
train_2432527681,d557bdbcb4a2bc49244a871398492cfd.jpg,d495ab6a8fe1c096,Dompet Cluth pandan 25x15 cm sulam etnik cantik,3793721332,Phụ kiện thời trang
train_1462484558,24b1dfbb1eb3bacdbba59b8b29a5c240.jpg,fc8cb117836e8599,( 1KG MUAT 5)  SAIDAH NIQAB FISIK BERGO HIJAB JILBAB KHIMAR INSTANT KHIMAR KERUDUNG SEGIEMPAT  100,4184214313,Thời trang
train_1108437287,32fe811a42bfcd7986412b3bad946284.jpg,e49bcc189b649367,NYU Creme Hair Colour Natural Brown,603726180,Sắc đẹp
train_752113583,5e1dcffba2009f92c33a65de595293c5.jpg,fe87506853a9ccb1,FAIR N PINK BODY SERUM PEMUTIH TUBUH 160ML ASLI,1209949003,Sắc đẹp
train_281255832,d914f6199e2dbafdd4a519c48dd1a5f4.jpg,ba15c97acc939398,LAMPU SELFIE RING LIGHT/LAMPU ringlight - RING SELFIE,3296580859,Nhà cửa & Đời sống
train_221113626,6035d76585a802a01dfd996bc49b5bd2.jpg,97f0a78e9e05705c,"[LOGU] Pelindung lutut, knee protector, pelindung lutut bayi, pelindung lutut anak",2912212709,Mẹ & Bé
train_3234391259,9d5d81a6ed849703c07f4e175bc72d5f.jpg,a79858e766c638c3,Flashdisk Sandisk Blade (CZ50) 32GB USB 2.0,403676653,Điện tử
train_2810479843,685c3e46b420525059bebe313f5d7c3d.jpg,bf9078864e1de31a,Sensi mask duckbill |3D| 3ply earlop |sensi anak|masker originalisi 10 | 40 or 50 pcs,1860299582,Sắc đẹp
train_304863087,0e7507e0bd9815c7c6313a5bfdc1931f.jpg,eaa4db35244a976c,Makanan Kucing Basah Life Cat Pouch 85gr Kitten Adult Wet Food LifeCat non Whiskas,1300007930,Thực phẩm & Đồ uống
train_1308396432,cf90817522fcdbbbe4a855fdaece5ccc.jpg,ac35b7824ae58d5a,SIGNATUR FATA SPREI FATA SIGNATURE SORONG DUO 2 IN 1 MOTIF MINIMALIS UK.120X200,2057882529,Nhà cửa & Đời sống
train_4137094413,4a98058360a529fcb4495b45fbe4f238.jpg,9f956c16626bf068,(COD) Sweater Rajut Pria / TurtlrNeck / Sweater Rajut Pria Murah,447873549,Thời trang
train_468693636,a5c82276141e8635fa1af44b4010ff8c.jpg,eb4e90e11f1c6387,Mamypoko Pants Royal Soft S46 /M42 / L34 / XL30 / XXL24 [ Boy / Girl ],22285547,Thời trang
train_250234963,8e7873b9ddb28f6eb351b6f48654e954.jpg,e61699699766c668,Charger Xiaomi Fast Charging QC 3.0 model MDY-08-EL Best OEM Quality.Charger Xiaomi Micro USB Type C,4220805733,Điện tử
train_1207972134,70c961543e43790f9e0b1762b114c963.jpg,b3bb8c44d45a931b,Koin 1 Dirham Logam Mulia LM ANTAM 2.975 Gram AG Perak Argentum 99.5%,3014041297,Nhà cửa & Đời sống
train_3940385534,4941294ace7e5463d681ac1bb2ddc68c.jpg,fbb8cbb5863a0464,Helm T1 doubel visor standart model ink cx22 good produk,1601035878,Nhà cửa & Đời sống
train_380645893,e406866d55158c56badb3fb9e3a46b62.jpg,bf7ac08495852f3a,Maspion MK 11 First Aid Box Kotak Obat Dinding,2498032570,Sức khỏe
train_429414754,e5f50fc8ede0d7720310c37b6de1c6d3.jpg,a9fc4393c46f95c0,Makanan Kucing Life Cat Sachet / Pouch 85gr,2601372504,Thực phẩm & Đồ uống
train_554019856,34e12b11da4f780cbb2cb2a39212d933.jpg,cfc00b5140f3bbb3,HEART SWEATER HOODIE (MOCCA) - PAKAIAN WANITA -  SWEATER HOODIE WANITA - ATASAN WANITA,4170748231,Phụ kiện thời trang
train_2990915947,05ce0046f45f9c599da4edf6868f7d87.jpg,fa962cab2a62d295,"Perlak Bayi Sugar Baby , Perlak Karet Waterproof Bayi Untuk Ompol , SugarBaby Perlak , Alas Ompol",197411392,Mẹ & Bé
train_2910264727,4b510f47e0841c22f6b39addfbecb8c1.jpg,b038cbcfc6c6c730,[BPOM] NACIFIC Natural Pacific - Fresh Herb Origin TONER 150mL,467973488,Sắc đẹp
train_1657812011,d90e64bea620d6e38ffe9f35b276c192.jpg,8b89c4a5f466359e,COD DNM Eyebrow Pencil Pensil Alis Anti Air Dengan 2 Pilihan Warna Kecantikan Kosmetik Mata,834066355,Sức khỏe
train_3365369196,c2b563db8ab908a2b0f914eacc8d3ac2.jpg,cbcc6603dd7ccc50,Topi golf wanita olahraga resleting Bahan Royal,1331595503,Mẹ & Bé
train_492744726,efceab19e2b58838c6498bcc7d4c1ff0.jpg,c69c3933394c39c7,Redoxon Triple Action isi 10 Tablet Vitamin Daya Tahan Tubuh,1902731777,Sức khỏe
train_1568647008,4e1b69d79c298dd80d3eada257c949fa.jpg,8f1af05ae90765b2,SWEETY SILVER PANTS M60/L54/XL44 - POPOK SWEETY SILVER PANTS,693329428,Mẹ & Bé
train_956317790,03c994ef1e7d3f5449e3975d1f5ed231.jpg,c002d9cd693f96f4,hijabinstan AURORA NONPET khimarinstan | jilbabinstant | hijabmurah | hijabinstant termurah,3513398405,Thời trang
train_215301090,ab7847ad639ceca26257e0566b99aba8.jpg,e443c3394cadf4e4,Tas Selempang Wanita Fashion,2992055559,Phụ kiện thời trang
train_3410698859,95aff9a2cb106b5a05767b24225110ea.jpg,9da4c02f43372bb9,JOLIECOLLECTIONS TENDA ANAK MODEL CASTLE / KADO MAINAN KASTIL KIDS PORTABLE TENT MATERIAL POLYESTER,572895732,Điện tử
train_3447220633,bd2be620333cecb3b1954b5949204ffa.jpg,b9c6489c6329d6cd,Singlet / Singlet Anak / Kaos Dalam Anak / Singlet Bayi / Kaos Dalam Bayi / Gambar Warna,87675941,Mẹ & Bé
train_160089901,c02bb1ad69ddf568c4981a2f159cdb98.jpg,bf6dc29092c26967,RAK DINDING DAPUR GANTUNG ALUMINIUM SERBAGUNA TEMPAT BUMBU DAN ALAT MASAK,1854662406,Thực phẩm & Đồ uống
train_1293678016,b74b32b82dcc579548589809e23c87d1.jpg,df0080d5bff8e093,BIG EMOJI SMILE Stand UNIVERSAL Karakter Pajangan Hiasan Lucu Miniatur Desk Tempel Car Mobil Gosend,2351785619,Nhà cửa & Đời sống
train_1772102284,0dc17143300cd3e2f46abcd0958303ee.jpg,b983941dc16c9e6d,PAKET Handuk Towel One Polos By Terry Palmer (3 PCS) [2 Handuk Dewasa + 1 Handuk Sedang],766988224,Thời trang
train_3292858443,83018930726c0634c7469b939080bfd7.jpg,e39885ac8d95d19d,LM 10242 10244 10246 10249 10252 Baju KOKO AGYM/Baju Koko Lengan Pendek M L XL XXL XXXL,1688689394,Thời trang
train_2842301158,5cd8a26f93690fa530c62d208490d43e.jpg,bea581d992a6cdd0,Alas setrika murah motif,2507738975,Gia dụng
train_1137777460,fe784f6c5d76bdd462e05943d06226e2.jpg,fed0d02e81b3aca5,COSRX Centella Blemish Cream 30ml,3735684299,Sắc đẹp
train_1639533062,890bfa9eac63d0a0ab5c8df9b895331f.jpg,e79c9b632452c66c,[READY] Scarlett Whitening Serum Brightly Ever After / Serum Acne Scarlett serum scarlett by felicia,1163569239,Sắc đẹp
train_1230470917,aa98fe4f2ecde2b90078464c85c2cf31.jpg,ee91d16e9194916e,PARFUM BRASOV EAU DE PARFUME / PARFUM HALAL BRASOV,894121948,Sắc đẹp
train_3967525139,4229ae2d369f3f10c085ecd33c730446.jpg,b0ce993ee6919e48,Charger aki motor mobil 12 v 6a otomatisotomatis,1914813732,Điện tử
train_275529742,69aea9f5455dec02f7811836633a14fb.jpg,d55aca2b55e43199,LANBENA Whitening Facial Mask Vitamin C Moisturizing Hyaluronic acid nourish serum Obedience,2489370416,Sức khỏe
train_2517594122,fdde7ac6a58b48a1ae3c305a17b8845f.jpg,bfe0e00eb03bc4ce,BPOM Pyunkang Yul  Eye Cream 1ml (Original)\xe2\x9d\xa4\xef\xb8\x8f,3735631261,Sắc đẹp
train_605927177,d298eab746815a6fe02ab107925457e6.jpg,e4cc9b3ac33169c3,Kunci toolset sepeda,465521228,Thể thao & Dã ngoại
train_3242846261,8504782acb418d77699478cd8e7738da.jpg,f8c843b71936365a,Grosir- T592 Topi Bayi Polos Warna / Baby Hat / Topi Bayi Warna / Topi Kupluk Bayi / Topi Rajut,1157699854,Mẹ & Bé
train_2837479071,5a0fe8e69da5cc965a51c0bbe4eaebc1.jpg,c29d37616b4f9491,"b""Bayar Di Tempat\xe2\x9c\x94SKMEI Jam Tangan Wanita Fashion Square Casual Women's Aniti Air Watch""",1557181333,Phụ kiện thời trang
train_872266635,ff82b5b85739443c7df79f4e24c91747.jpg,fa878449abb645b4,[Bayar Di Tempat]Fonge S500 Earphone Stereo Sport Super Bass untuk Lari,1835727468,Điện tử
train_1563067972,7713292f778fa921707d7712e3061367.jpg,dfc66012e83c9e5c,Keset Cendol Doff Microfiber anti slip,3593613060,Điện tử
train_591782417,59e7041a2afce25d626112357815d8c3.jpg,bf6ad07285b5c494,KENMASTER KUNCI SOK SET 27 PCS - SOCK - SHOCK MOTOR,3889888691,Nhà cửa & Đời sống
train_3133415900,f8cc5024bf2e23b2611ce7f7c0d2736c.jpg,bc4bc3b0c0dccb2b,Pembayaran Atasan Khusus Shopee live,1487412379,Phụ kiện thời trang
train_3100720541,bc45b72748fbb2a9ce9ed8aeffad6aac.jpg,a9329ab4c67c2679,[PROMO SPESIAL] Lachel Vitamin C - 2 in 1 isi 60 KAPSUL 100% ORIGINAL THAILAND TERMURAH by Skinest,1911010635,Sức khỏe
train_4027901160,aa86858760bc8b1a63b35d432aaf375a.jpg,ea32b59cc8493537,Acome Earphone Headset Super Bass 45 In-ear Angle Braided Cable Garansi Resmi 1 Tahun AW03,2357372960,Điện tử
train_823638056,b9763a4fb2449d3f9d3e2f80568bb527.jpg,aeb5c04bb15ccc63,DC048 Piring Makan Anak Set Karakter Mickey minnie mouse bayi / Piring Kartun Mickey minnie Set,1038879657,Điện tử
train_3307583095,e78bbccfefbbe11cdc3cec0bb78644d7.jpg,eb699492c6c4c33b,Celana Pendek Jeans Anak Scooder Wash List B2-LT3,1286090671,Thời trang
train_2413695895,e15e27a971ea7e6b22e8fc53d9b2a185.jpg,ea6995369595b291,Celana Jeans Pria Sobek DICKIES Skinny,3399092083,Thời trang
train_1698018535,0b5cd73c8d96abf814e88ee2957b975f.jpg,9fc1e03c1ec31f94,Promo Buy 1 Get 1 Mitu Baby Wipes Antiseptic ( 10 Sheet / Pack ) With Chamomile & Tea Tree Oil,4201525448,Mẹ & Bé
train_2616741105,1c33a835ccbd3bdde841221fb4eef21a.jpg,b9cfc608e4f12b15,"Tas Sepatu, Tempat Sepatu, Tempat Penyimpanan, Travel Organizer",237632340,Phụ kiện thời trang
train_504064537,705c07a77769eb1c93058c6208b49e50.jpg,b40ccb13c3c3cee6,Mc Lewis Barbeque Sauce 310g,2204864270,Thực phẩm & Đồ uống
train_2546708282,69eb6f146bd2908296a21a665ce4bded.jpg,e5346647cbb64cc8,Termometer Suhu Ruangan / Thermometer Digital Mini Kolam Tubuh Kulkas,4073053036,Gia dụng
train_2479553776,7d6d6722e62a9d59bc265999531ad3d9.jpg,bf61d5c4d0e5d0c4,BERGO ANAK,4286906991,Mẹ & Bé
train_825945749,fba8b8782069adbcfbc91cff45336bde.jpg,a54b9788f035cbd4,Buku Mewarnai Anak TK dan PAUD / Besar / HVS lebih tebal,2879924940,Mẹ & Bé
train_1992019142,522aef1be823f508058ed718b1472378.jpg,eb96e9e8d0381617,SPONS BEUTY BLENDER / SPONS EGG,121462973,Gia dụng
train_316320108,4d98e7581c659092f23af11bdfe5b710.jpg,c46c44aa939b1bdb,Gel Pad Nano Technology GelPad Phone Holder SerbaGuna,3671426872,Phụ kiện thời trang
train_2402173658,cb71f9b48eaffefb21f15410f2fbd336.jpg,e3b362c99c4d9c4c,Pediasure Vanila Madu 850gr,3685523557,Sức khỏe
train_3976230915,0343b74bda2d9de8f2a97c41a6b8071b.jpg,ea95970b8778854d,SG86108 syafniegalery handbag tasbatam impor tas kerja tas kantoran persit tas guru bestseller 1493,3318116205,Phụ kiện thời trang
train_1578978855,827b75e660204e4d95c225b01433e157.jpg,c4c4bb37d0a99e46,FACE SHIELD KACAMATA ANAK KARAKTER,1677383023,Phụ kiện thời trang
train_2986625214,944d68d159de542fed21f03425e23bfe.jpg,ad25878d7c727078,"Digital Thermostat, Temperature Controller, XH-W3001, 220V AC",710702403,Phụ kiện thời trang
train_443781450,f8c5afa8b89f327c0a60b101fd96f1a9.jpg,b88757d801c6ef38,[BISA COD] BAJU MUSLIM COUPLE / SAFITRI COUPLE / BAJU COUPLE MUSLIM SYARI,2809064457,Thời trang
train_3921451171,c0de70b75e3650fb9a943a392b6e0a2a.jpg,ad07c64e3f33e0c8,Sades Wings 10 Gaming Earphone SA-609 Headset with Mic,3111902365,Điện tử
train_587733705,76f073fc1a98f322c7c37d701d49eac8.jpg,b9e9c796921cc992,Tas selempang pria dengan port USB,1105071141,Phụ kiện thời trang
train_3395309503,148116d7f8816fe95e18a20061376389.jpg,f1b8c68fccc91cd0,TAS IMPORT FASHION SELEMPANG 7075 93280 3254 1572 N2594 B1669 I07448 364 2594,4289436741,Phụ kiện thời trang
train_1436274505,8e837ed17846080861cd904cfeb7298c.jpg,d9cc17f3c43b0d12,MASKER GELATIN 50GR HEMPAS KOMEDO,1140968338,Sắc đẹp
train_2498672245,50c5c15db88ea29a42b40565741a8225.jpg,e86b8718da967866,ELFYDO - Pensil Set Lengkap alat Tulis Anak 9 In 1 Set alat Tulis Anak Sekolah Import,2481155656,Nhà cửa & Đời sống
train_118181658,c53526d2c2e478b6df7cddf1f654cd75.jpg,ee2dc9623a61b49c,OBAT AMBEIEN WASIR AMBEYEN PRIA WANITA CEWE LAKI LAKI PEREMPUAN DEWASA LANSIA OBAT HERBAL DE NATURE,4212430446,Sức khỏe
train_777626447,2371d61390dd1691fb7c1e608e3de6da.jpg,8da9c1e9419f2cba,Healthy Choice Beras Rojo Gebyok Organik 1 kg,2977318960,Mẹ & Bé
train_3316636979,f4c18f36a55428a2e644bb4098396156.jpg,da9ea162f14a65a5,Lampu LED Strobo 18 Titik Stop Flash Rem Kedip Motor Mobil Kaki 2 DC,1340423251,Nhà cửa & Đời sống
train_2339161964,7540f273060a744d7393311cab93c937.jpg,95a0879c6e577827,[LOCAL] -  Kojic Sabun Whitening Pemutih Dosting BPOM,2475969854,Sắc đẹp
train_572091964,02e540982004af83f88840c15c644da5.jpg,bd939332cd61916c,Medicated Oil Four Season 40ml,1567080949,Sắc đẹp
train_2289456337,242c1924a998df253c411c7bc1724143.jpg,cc9b8e03b39b702e,Bestseller Rantai Sepeda Bahan Baja Galvanized untuk Shimano Deore LX 105,2864073974,Thể thao & Dã ngoại
train_2337803779,ef02178b00c3b0c189e131aa51720dd0.jpg,acd4d269d934e463,CELANA ANAK PEREMPUAN 1-12 TAHUN,3050187782,Mẹ & Bé
train_857974505,01a7d6604bfe8074225b9447c8aacc87.jpg,cc1c8ee3e1b60dc3,Celana training olahraga kolor pendek pria dewasa jumbo / celana kolor pria pendek dewasa jumbo,1423655715,Thời trang
train_566102721,23aa996bf98dbe346526a9e759b9ddf6.jpg,b2cd9932cc2ec933,Wardah Renew You Anti Aging Intensive Serum 17ML,1334396542,Sắc đẹp
train_3586908585,bb5a1b59b16bebc4f1cc99acb9d037ff.jpg,91d443bc68f75e84,Handsfree j1 Ace  made in Vietnam,3586500603,Điện tử
train_3011723573,f0cc76e4215370e0974c6956e73d86b0.jpg,e69999669966cc26,Oh Guan Hing Minyak Wijen Matahari (Sesame Oil) 100ml,2631092514,Sức khỏe
train_3334116861,a17a443c68b8307eb7072291e9e6b6fc.jpg,85ac07b24f1e7c0f,[IMPORT] - Mesin Jahit Mini S2 / FHSM 202 / GT 202 portable Kode MJ2,949548384,Điện tử
train_125153043,2eb84af881e1ffeced2e78b3146fe17d.jpg,e59e9a649338c669,Parfum Pewangi Mobil n Ruangan KOPI BALI ORIGINAL,4159594295,Thực phẩm & Đồ uống
train_1604867950,c322510fdff12f3750c8889612c575c4.jpg,eae09435d52662de,Sarung Tenun Sapphire Hitam Polos (HPLS),1055377026,Thời trang
train_3366353700,cf8c92954962428cc1e03c715fe96bed.jpg,bc93c36c3e92388b,TASBIH DIGITAL MINI - ALAT HITUNG ZIKIR - TALLY FINGER COUNTER,3683576220,Phụ kiện thời trang
train_2795919701,94098fee238bbd782a1fab2ca016117b.jpg,c3ace6c0a31b595b,Segiempat Swedia Hijab Square Voal saudia,1216084470,Thời trang
train_1665693208,cc846ab5e3734092aad407210e612cd1.jpg,972b3a9593484fa9,[PRE ORDER] GELANG 2GETHER | GELANG SARAWATINE | SHARING FANKIT | GELANG BRIGHTWIN,4098479810,Phụ kiện thời trang
train_3502597488,804008aa3cf804b21135144f9fb37f9a.jpg,be75c18ad6413aa5,Mainan Cash Register,1679308428,Mẹ & Bé
train_1376748780,d02f9d0a3210cd5966fa118e60b2e777.jpg,ac031bf8d8f28d27,BM-50 Refill Livina Spin Mop Lion Star,2071718004,Điện tử
train_1163739308,5aa47fac3145c3e24c09e72c1e83118b.jpg,87be8e053f0e02f9,GEA BABY KANTONG ASI 120ml THERMAL SENSOR / GEABABY BREAST MILK BAG 120ML THERMAL SENSOR,3926100920,Mẹ & Bé
train_1682471016,620cbaf8610a6aa1ca0512b254361344.jpg,f2dca9a18c238776,PROMO TERMURAH !! [COD] Lemari pakaian portable karakter 6 pintu motif anak lucu BESTSELLER !,3480879772,Điện tử
train_2917817015,2094a5eb3edc5f23639e0e8215fb13d3.jpg,eba495794c86b34a,Kabel Data Realme Micro USB 100cm Original 100% - 2 Pro 3 5 5i C1 C2 C3 C11 C12 C15 U1 CablE,1741983212,Điện tử
train_324353405,7bbd90b369725fa181bd061a9f476077.jpg,8f94f04be5701a3d,"(GOSEND , GRAB & JNT) 150ml Botol Sambal /Toples / Plastik / PET /Jar  /FoodGrade /TOPLES PLASTIK",1448039620,Nhà cửa & Đời sống
train_3861706055,76f77657b21f3edfd29b6cf5ef2919cd.jpg,bf3ec92f94c1c1c0,SPONGE MAKE UP COLORFULL UNIK BLENDED BLENDING PUFF SPONGE BEAUTY BLENDER KOSMETIK BEAUTY SPONGE,4141124289,Sắc đẹp
train_473735907,31f4d8e534100780c2be2b79f37e52c8.jpg,e93de96896439686,Express Glitter Gel by Dean Fantastis & Boombastis,1809770324,Phụ kiện thời trang
train_627703368,55a46070342ba68b7c6760fd81e600a3.jpg,e960de9617e38c4c,(COD) Charger OPPO VOOC 4A 7pin Original 100% Fast Charging 4A,4277040433,Điện tử
train_2251847720,8619130d99b5dc2a6202956f35669b1f.jpg,ef849121e49e6b71,(TERMURAH 10GR) PHILOCALY SKIN PEEL OFF MASK - 10 GR,4183994583,Sắc đẹp
train_4226986836,3051e6b3e656d271e933d5a31efd8624.jpg,d5487ee10c948db7,HEADSET SAMSUNG ORIGINAL / HEADSET EARPHONE SAMSUNG J1 J2 J3 J3Pro MADE IN INDONESIA,2368478525,Điện tử
train_2770358582,f4998d3813a94af0e9800fd10c56ed6f.jpg,bc19d66e9338d264,AS3B249 BALON BUBLE GUN GELEMBUNG SABUN DOLHPIN,1909731083,Sắc đẹp
train_969367345,cfb16ffef4a28d5284aa19b067d2d958.jpg,b3c6cd6666199899,"b""Johnson's baby powder blossoms / Bedak Bayi / perlengkapan mandi / baby powder""",1545798241,Mẹ & Bé
train_3757879175,302a600e34fa4c8ba20ca1df18b92a85.jpg,e98c873acc65946e,DC114 Flash Light Earpick / Alat Pembersih Telinga / Alat Korek Telinga Kuping Lampu LED,349297863,Nhà cửa & Đời sống
train_2594893028,ddf7b841d43432e226f1f0c2d9c8ed3c.jpg,af91f00b8f7487e0,HOLDER HANDPHONE MULTI STAND HP TABLET UNIVERSAL DUDUKAN HP KURSI HP TAB HOLDER MEJA KANTOR GAMING,3913168209,Điện tử
train_1761985642,9aca42928e99d1177415f38c96fca38a.jpg,c137524f6e4e0c3b,Celana pendek rib anak size 8-10-12,1999386573,Mẹ & Bé
train_1520514513,2e6306d5599bd03234c7a2d613ce7a13.jpg,80367f49341d3bda,Maskyourneeds 25gr,656698835,Sắc đẹp
train_233279777,8b2760d755bc3814b47ca26cf6297267.jpg,e4934bc14b4f5a1e,ACNES Creamy Wash 50g / 100g,688914303,Sắc đẹp
train_2721604133,0393e58027891808f86a4ea9db8c4168.jpg,ab08c665d3f2e992,( ADA PACKINGAN )BABY TOOTH TEETHER / GIGITAN BAYI MODEL BUAH /BABY SILICONE TEETHER,3326267479,Mẹ & Bé
train_3418370379,66ede64769acfb7b15e067ddc6a6f6d7.jpg,bee2269cf09ca507,Selimut karakter 3D selimut topi bayi,2995677151,Nhà cửa & Đời sống
train_2302471727,38d416c5c40d8301cacea682a500b887.jpg,b9cd0750b302eea7,Hijab Instan Masker Premium Instan Niqob Polos,3768186621,Sắc đẹp
train_561662786,5deef2b6b9a3973e48a9fefc115f93a5.jpg,b3bac4ca78a87692,Kamera Web Webcam 480 MP HD Dengan MIC Untuk Komputer Untuk Laptop PC Skype MSN,3746518024,Điện tử
train_4177880699,e577b3454c4fc9597f741b7eecb8b0c1.jpg,b032cb61cd93cccb,Sades Lance RGB Gaming Mouse,3635816450,Điện tử
train_3179636179,78c0d0d70460bab119b354d028450b93.jpg,8bc8c594f67a1bc2,Tali Jemuran 5 Meter Clothes Line Laundry Baju JEMURAN,2669529988,Thời trang
train_1486081314,fdba78f8e70dce529bf425abf0b34e74.jpg,bcd6c3c3c13c1e92,BAGUS SISA LEBARAN modern 2018 2019 putih adem/ FASHION BAJU BUSANA MUSLIM PRIA Baju koko lebaran,1663491238,Phụ kiện thời trang
train_3030464872,794480800086eb6a8159ca7ac8d3b4d2.jpg,eae0859b9c69913e,Makanan Basah Anak Kucing / Wet Food Kitten Whiskas Junior,3922902476,Thực phẩm & Đồ uống
train_208074744,568dd9751d6d34675331683b1376ef01.jpg,eac885953b6a668d,My Baby Gift Box Perawatan Kulit Bayi original my baby 600g,2434277179,Mẹ & Bé
train_650873796,201b69b17a6e26e3e7e8a039902375f2.jpg,fec0c1d80639cf4b,iseven p STELAN MICKEY MOUSE | SETELAN WANITA MICKEY MOUSE,4258787333,Điện tử
train_2710338125,413be26343bfb5ce6283b3fcee851e41.jpg,c2bdef40906a998f,ENBLANC INDIPINK Baby Wipes 20pcs tissue basah,713416067,Mẹ & Bé
train_910845835,e8e85052046b18cf977d3965506b8562.jpg,b31966cdc7cc1266,Mainan Bola Basket SET RING BASKET Plastik,225907367,Mẹ & Bé
train_2957294610,ead9b3a015c7f8a51e55c41c3ef7b725.jpg,b399ccc6cc36cc31,MADU URAY 330ml,3446680481,Sức khỏe
train_2649949793,d5da942ef68e8ab6a32f9f95b89535ca.jpg,b42493c6cf98ce9a,UNO DOS Card Game Permainan Edukasi Non Mattel Mainan Kartu Education,3985740167,Mẹ & Bé
train_3831905701,a1dd8a3d6dbcceb2effff8c08e1fc4cc.jpg,d244eae99d3b9470,Gula Pasir Curah 1Kg,1434307469,Điện tử
train_2718185034,d839e1305a5a29efe23399cd1f136988.jpg,e99d92926c6a9b2c,Beauty Creation Tease Me Eyeshadow Palette Glitter Beautycreation,493968131,Sắc đẹp
train_195083104,d9076a1375bb05c33edd5a1f1684e1f0.jpg,8557707a18fda04f,Hijab Instan Syria Niqob Anti corona,4184214313,Thời trang
train_3745592705,79da5c549dc932aeeca58795c28e4dbe.jpg,9fcec231c039e1b9,Jilbab Cadar Bergo Masker Bergo Lengan Panjang Jilbab Masker Jumbo Kania 4in1,502970099,Sắc đẹp
train_1029378580,68f13d95a3cd5fbd569c6912907208f4.jpg,ba7ac9c1998d4791,CIPUT TOPI MARSHA NON CEPOL TEGAK GROSIR PAD ANTEM INNER HIJAB JILBAB DAN KERUDUNG,3222645954,Mẹ & Bé
train_2799072806,d6c8266d3a37ecfcebb815e9c416ecd2.jpg,f12f0a506d8af23d,COD\xef\xbc\x88JT\xef\xbc\x89925 Silver Cincin Pasangan Berlian Mode Wanita Perhiasan Cincin Couple Rings,3906049001,Phụ kiện thời trang
train_2691955606,3fe73551d85bd1d4a19f84360ca3cd4b.jpg,bb1bc18486e5c97a,IMPORT SH - Baby Bodysuit 5pcs motif Fix It,2599895504,Mẹ & Bé
train_1077196264,39fe7c4fca9751c227c5f6aa0f109101.jpg,a1d99b61866c9e2e,Earphone Model Wireless Bluetooth Stereo Aneka Warna,1626993273,Điện tử
train_305327975,b9b18421aeb4f2b70438cf0ce1a64a0e.jpg,babebcc0999b86c0,Iner rajut termuraaaah !! ,2008989859,Điện tử
train_1015892199,b07156e7079c1d0b850b1322b717d8dd.jpg,ea2d95d2c28d96ca,"Stelan baju tidur 3in1 XL.~JUMBO ,XXL",1291273063,Thời trang
train_312506952,cfae04e668f6e671303b285dbbc54c33.jpg,bd9dc2e0c03b3bc4,DOMP007 Pouch Bag Polos Clutch Tas Serbaguna Penyimpan Kosmetik HP Uang,3626831010,Phụ kiện thời trang
train_1055004358,6772a113e19437a7d69810a006d8db5e.jpg,af74d08b0bfc2427,"Hada Labo Gokujyun Ultimate (Facewash, Facemost, Lotion, Light Lotion, Milk, Cleansing Oil)",3511195268,Thực phẩm & Đồ uống
train_3596124466,4aad3d19e46b0f1e08782fdd27b4ddbf.jpg,adf01e2fd03cf481,Sweety Bronze Pants M58 L52 XL42,24168270,Mẹ & Bé
train_2183656041,ae64de9e8d31ae6d049581aec42e0442.jpg,be93e479811886f9,Koko syubbanul muslimin koko azzahir koko baju,1918908464,Thời trang
train_1627421316,266cb99b255b3bd54f5ed137c439c547.jpg,cff4b04a5ff42094,WEEDO - JB041 - KAOS KAKI PANJANG GARIS KAOS KAKI PANJANG MURAH BATAM KAOS KAKI PANJANG IMPORT,3361632985,Thời trang
train_3735662477,a712718e25ea8cc4b8a0a1cd9d87bbcd.jpg,b197cf3cc647304a,Tas Traveling Wanita Lipat Travel Anti Air - SHONA26,3292590062,Phụ kiện thời trang
train_2278602187,896f400a65c4f3543805ab530d00a5ef.jpg,9cb4e48bf907e2a8,MADU HUTAN KALIMANTAN GOLDEN HONEY NETTO 1KG,4128338861,Sức khỏe
train_1376242057,69da53e8a55d74efe47af1e77cac0cb1.jpg,af8b83609cb4965e,Mainan Anak Avenger Iron Man Smart Dance Robot Super Hero LD155A,1889967345,Mẹ & Bé
train_1603145988,9d3d13cf07a930d2748671aff9ebb91f.jpg,b3ccc3933c4ccc33,Guess Jam Tangan Wanita W1279L1,924549906,Phụ kiện thời trang
train_1361889535,1b08ddbb4d225c66da2a5cedb3814cf9.jpg,e19696cccc399965,Madu TJ Murni 500gr 1 Botol,2630790066,Nhà cửa & Đời sống
train_2383190968,7bef1f6d43aaa5b860c868313c67b146.jpg,caacd7518a2e98ba,kaos anak laki-laki karakter spongebob squarepants - KACO,1388298198,Nhà cửa & Đời sống
train_494405797,444c81ff8b6661f1b5defdd8d71b859b.jpg,d169de8a255de42c,Gas hi - cook / Tabung gas portable / Gas kaleng / Gas hi cook murah,3199187864,Điện tử
train_74914373,3aff7ddac3db905bbc5a637cdc834e35.jpg,ab979edcf069d001,GANTUNGAN BAJU SEGITIGA - TRIANGLE STAND HANGER Rak Gantungan Serbaguna,4238528223,Thời trang
train_3338237684,8b68b824bf8306ee23d5605a3a20de47.jpg,e8c006e79a8de39d,FRAME HIASAN STOP KONTAK  LAMPU MOTIF BURUNG HANTU OWL MD828,484860573,Nhà cửa & Đời sống
train_268250660,4e05b4f06ad08e1944926f2f86fa8f1f.jpg,b3cfcc99cc30cc31,ELBINA SET GAMIS PLUS OUTER PLUS JILBAB - JOPYNA,9079959,Thời trang
train_3624188097,e2b04011572159a74ff3bda98d50af73.jpg,b6f6e8d8d2109d31,Khimar Kayla / Jilbab kayla khimar dua layers pollycotton,4237830533,Thời trang
train_335694746,19cfdf6d2d45277373533efd0ef0bae2.jpg,d11a3d74c2c3566e,GAMIS PLISKET ANAK (829.C) MAXY DRESS PLISKET PRISKET PLEATED DRESS PLISKET MAYUNG FLOWY REMPEL,3602809108,Thời trang
train_3226013843,8ed23a3fcbddac6256abbb7a18d4828c.jpg,faa5845a87f8a925,LAMPU T10 JELLY 8 LED 2 WARNA SENJA SEIN STROBO,546207374,Nhà cửa & Đời sống
train_2163084576,4d5a7163567fe4cce89485199c454035.jpg,be6ccb334a0ab46c,\xe2\xad\x90\xe2\xad\x90\xe2\xad\x90\xe2\xad\x90\xe2\xad\x90 Sirah Nabawiyah - Syaikh Shafiyyurrahman Al Mubarakfuri,3241892658,Nhà cửa & Đời sống
train_2418157841,ed78290e6172d08f42734115d2f3181e.jpg,f281d2595b65e05e,Isi daya USB \xe2\x99\xbb\xef\xb8\x8fTimbangan Badan Dengan Varian Warna Cantik Timbangan berat Timbangan Mini 180kg,3527526514,Điện tử
train_2808751710,8ff863a76324abb85f41e1176b738841.jpg,9543e20ddb3ee213,Women Korean Solid Elegant Big Hair Claws Clips /Fashion Frosted Acrylic Shower Crab Clamps Shark Clip/Chic Girls Hair Accessories,747415817,Sắc đẹp
train_4039679939,869daf266239cfa32371da797c474278.jpg,f0f294b98798a786,SLETA TUNIK CANTIK/TUNIK CANTIK BAHAN BABYTERRY,1545611339,Mẹ & Bé
train_2054070735,69a556e80466a1153a171e168c230853.jpg,afd9e01f1f604943,obat lianhua qingwen jiaonang 24kapsul original  obat china,1099725405,Sức khỏe
train_4247292321,198d0844481ac1701fdd4781d98612a1.jpg,ab2cd69681496e3e,Joyko Correction Tape / Tipex CT-533,2528145322,Nhà cửa & Đời sống
train_3928261436,c78926f66a16aaa6a124c360e4e9439b.jpg,e5879c9c969b9318,"DISKON PASTAN OSI, HIJAB SALA",2727250729,Thời trang
train_1111393330,236934d3ddd7491517e30d34f086eaa3.jpg,b30dd860cf72961b,TAS IMPORT TAS FASHION TAS BATAM MURAH TAS WANITA ( PROMO ),2298619633,Phụ kiện thời trang
train_2345115084,ec5b471411652b05146f3da48a6e98a7.jpg,afd8c161863b1e78,DOMPET PENDEK WANITA D09 FOREVER YOUNG #MURAH,4108633698,Phụ kiện thời trang
train_1445733336,ab359bdec0138d40668543102a0fed23.jpg,bec1a7969024bd4d,[BUKATOKO] PENA KACAMATA HELLO KITTY 2 PCS PENA / PENA KACAMATA HELLO KITTY UNIK,3141130737,Phụ kiện thời trang
train_4012687377,08a294778f373048ce4d275d1336ef0e.jpg,bfd4cc0b852da13c,Jeans Anak Pendek 468/141618,1713719151,Mẹ & Bé
train_526644923,36a1bab2caf5f18836b9c5adc5c73806.jpg,e2709d0f8bf2724c,R27E Mainan edukasi anak muslim - APPLE LEARNING QURAN 7 TOMBOL,998735098,Mẹ & Bé
train_1748945290,99ca05d17259eb31ffc2454d4b6f9de1.jpg,cef341f68800b75d,[Bayar Ditempat] . FARASYA ORI SOLO SELMA MAXY /GAMIS SATIN MIX TILE / GAMIS BRUKAT /GAMIS SYARI,1662373776,Thời trang
train_2954346820,42837649487ccb2e205a43a36ffaf84e.jpg,bbbdc4d85b41c438,Kacamata TaffSPORT BOLLFO & Mask Motor Retro Trail Cross - Paintball Airsoft Gun Mask,163891198,Phụ kiện thời trang
train_2039812806,a5f474ae2def233110a9a05dc2e64e34.jpg,ee40912fe8da16e5,Sandisk FlashDisk ULTRA Flair CZ73 USB 3.0 Up To 150MB/S - 128GB,3781511357,Điện tử
train_4242829135,339d7618a37ec78af63b452c11b6c3a0.jpg,e3678e9298db8331,"Semprotan KYOKAN 2 liter / Alat Semprot Tanaman Semprotan mandi burung   "" NO  COMPLANT ,""",1773602954,Nhà cửa & Đời sống
train_1920495632,60d0763286645976c74ce75eb1f4df3c.jpg,e7b6c9e1980994e3,Sirwal TEMPUR XXL - M Celana Cargo dan Outdoor Ikhwan Laa Isbal,1377282137,Thời trang
train_1331924864,6427a40c043888387958441404493ce9.jpg,b737e1e1c0493d31,\xe2\x98\x85 Cayman \xe2\x98\x85 Aksesoris Kotak Jam Tangan Kotak Gelang Kotak Perhiasan Kotak Hadiah Sourvenir HL007,2968086582,Phụ kiện thời trang
train_3133898893,fe2ca0a96e2f1e12cab5b13cb5bad07f.jpg,ea51d52eb5934ac8,MIXER ADVANCE MX133,42154368,Gia dụng
train_3778113185,185c3121c89416505bef3aece4dd70c2.jpg,e59b9a64cd309c69,KojieSan Cleanser + Toner Dual Action 60 ML,743656704,Sắc đẹp
train_1290043719,4cba22677fe9b26c1c239b569888e2e3.jpg,ad1ed26dd2c11ec1,READY 6 WARNA Jam Tangan Wanita Gucci Magnet Premium,3598366644,Phụ kiện thời trang
train_2831495025,36a9d3d20b3d724683560ea696d3f00f.jpg,e263959d95626a56,MOOI SETELAN KAOS ANAK TSHIRT RETRO SET 0-3 Tahun,1590500659,Thời trang
train_3070428467,c0a98c2dc5933cce7cc02f6956205ad9.jpg,eade9ac54165341e,Enfagrow A+ 3 Susu Formula Original 1800g,310610689,Thực phẩm & Đồ uống
train_1613662864,063444f0f4eab476bd99b9c593c242f1.jpg,ba3485cb4df00fa5,Thermostat Digital AC 220V XH W3001 Termostat Alat Pengatur Suhu Panas Dingin Mesin Tetas Telur,710702403,Phụ kiện thời trang
train_962986655,a9f3a97b182d3a9a0e454f90e8b4351e.jpg,ff6ca09b83045e5a,Ready All Varian BIOAQUA ANIMAL MOISTURIZING FACIAL Bioaqua Line Facial Sheet Mask Masker Wajah,2322582639,Sắc đẹp
train_2014256248,7998ee6fa84a97d10f38636f6e1aa638.jpg,ea97956a429d1593,BALLY - Salep Obat luka Dan Jamur Pada Kucing Aman,2148785518,Sức khỏe
train_3032730238,a3025e858bae9aa3d54da594b0a73b9a.jpg,b239c9668d9b2699,Wardah Lightening Day Cream Advanced Niacinamide 20 ml,4086310475,Sắc đẹp
train_1753709390,92d5e28cc686c089abf21c0600215d4f.jpg,efb07a68623516c9,BATERAI BATRE BATTERY JAM TANGAN  KANCING SR927 SR 927 L926F L 926 F AG7 AG 7,2031817102,Phụ kiện thời trang
train_2220429752,79c9e65c9c1257f101f011acaac10629.jpg,c97a623f2039768b,Nivea Extra White Body Serum Care & Protect,2683357169,Sắc đẹp
train_577446705,872c2d75a2d57ed38b8147bd15eb921a.jpg,ea9cc39332cc8b93,Indomilk Susu Kental Manis Plain 370gr,642625383,Thực phẩm & Đồ uống
train_1226616307,3655a31350ffd7bbd849b8ca73084365.jpg,fe2c91c0e0c3877e,(ORI KOREA) Nature Republic Real Nature Mask Sheet / Sheet Maskp,2924844683,Sắc đẹp
train_843211105,823de2396ee5be6c81fb46fa34dfd41f.jpg,d195575106474ee7,KPOP BTS Stiker Laser Lucu untuk Kulkas / Handphone / Laptop / Koper DIY,1964107584,Điện tử
train_915704478,2665e6075afa072ad514befc2e2a0867.jpg,be853e38c3b5488d,Diamond Kunci Ring Pas 11Pcs 8-22mm,2701291020,Phụ kiện thời trang
train_1325803250,a45d39951268a822f2134ad3b42e070c.jpg,ecda9365c32c3c92,Omron Blood Pressure Monitor (Alat Ukur Tensi Darah) HEM-7120,1884272532,Nhà cửa & Đời sống
train_3793771500,cabcaba180eebcdc93742a96b4713e54.jpg,da071d5ee6f85890,SALE!! Tabita Skincare Paket Trial / Paket Mini,1966793730,Sắc đẹp
train_3915633881,7c53f07a57d95242bd2ca6417504f961.jpg,bcaba59741f07c88,Pelindung Kabel 3 Warna - Cord Protector Tone Pelapis Kabel Headset,1176228392,Điện tử
train_470415393,d2922b53f231d23d66982e42ff0669fc.jpg,e59996634bb62c58,HC KAOS KAKI WANITA MOTIF 2 GARIS IMPORT#Bisa COD,3361632985,Thời trang
train_3105078336,6403081b06ac44e52b4379468d070b5f.jpg,a910e5231fcf2aec,Korea Dompet Mini Wanita Aurel Leaf Gold,3584502867,Phụ kiện thời trang
train_3950985944,21d84e011a32c269d99f75ba1bbc0e29.jpg,8f95fe154d14b226,MASKER HIJAB CORAK MIKI MOUSE 3 PLY FASHION,2192745501,Điện tử
train_1184954022,ece3e2cfd42abe116b5c78bb6a7701aa.jpg,92c56942b18d6df6,babyfit baju setelan kelinci tutu dress blus dengan rok import,4086594100,Mẹ & Bé
train_1372447206,3b3d69ece3c7a5363ed24c5690577bc2.jpg,e90b96850f96b669,Acnes Natural Care Milk Cleanser Oil Control 110 ml,1176059503,Thực phẩm & Đồ uống
train_3723189636,ea0768696160ac6842601e95febd0008.jpg,bbfc00ce06b324b7,BG / COD / RT-27-SG Sikat Gigi Anak / Electrik Toothbrush Sikat Gigi Electrik / Sikat gigi murah,2619971180,Điện tử
train_322033180,fe63b80bdd417d8c275def4cbb6bdc94.jpg,ab4fd4456b709383,Kaos Kaki Soccer Avo Panjang Original,535420180,Thời trang
train_3660341192,9398dd0b9c581137cec6c917fb4827c2.jpg,b363cc26cc9c6699,MANGO - Dress Willy,994738426,Thời trang
train_1116028411,9f17d17cce7c9abe1d1c67af3ed382b5.jpg,b973d329d11cc1d2,OTIN FASHION baju DRESS jumbo wanita PELITA konveksi murah tanah abang,3376135239,Thời trang
train_196432360,4c30fdd2e65c5c03fcf4a5edf24b1178.jpg,bfc3c02c172ccfd0,TAS SOPHIE MARTIN SELEMPANG WANITA KULIT MAROON SESYA T5941M2 BD1911 DISKON MEMBER PROMO TERMURAH,4074902263,Phụ kiện thời trang
train_3505412723,6d7938289734c48af3f2c7647612c12f.jpg,bce0873cc11ff087,Scalp Head Massager (Colors May Vary),378982106,Nhà cửa & Đời sống
train_4059954204,b33024dea4f3e58bdacce52234777034.jpg,bf36c11f46643619,PIGEON Baby Bottles & Accessories Liquid Cleanser 450ml 450 ml Refill / 500ml 500 ml Bottle,2050805990,Mẹ & Bé
train_2697736556,badee72e8006106e85fa66c0adda8102.jpg,bcd8e0a7938cc273,Tissu tempered glass / Tisu lap kain kertas pembersih layar anti gores hp Basah dan Kering,731330024,Phụ kiện thời trang
train_1788758310,e496d6d0291cebffb0470bc604385f44.jpg,a4cccb31926d3ccb,Penumbuh Rambut Paket Bio Herbal 2 in 1 : Ginseng Shampoo + Hair Tonic Original BPOM,571843828,Sức khỏe
train_1486076286,21524a1c1188696880c179c18ceb885a.jpg,fee8c094871e833e,Miki hat topi peci pemuda hijrah,4280826664,Mẹ & Bé
train_2467638773,7200b4ee2c486cf246236877340cc83d.jpg,ec1a90e5c7c5c317,WADAH SUNNRESTA PUTIH,1670550471,Nhà cửa & Đời sống
train_2720635876,a19303dfd904d9df3571aeac827e8f72.jpg,8b89b5966a58a787,Celana Dalam Sexy Gaya Korea Bahan Katun untuk Wanita Cute underwear,4038448133,Thời trang
train_3314800920,bbe7cccbda51109c197cf81b344ce4ed.jpg,b8699669c58762bc,ORI Ecer LANEIGE Water Sleeping Mask Lavender Laneige Eye Sleeping Mask Laneige Lip Sleeping Maskt,2935245097,Sắc đẹp
train_3351355979,6c35449d50a8f50fa69683580a2f5de4.jpg,be1b86ce913ab464,B3B249 BALON BUBLE GUN GELEMBUNG SABUN DOLHPIN,1909731083,Sắc đẹp
train_4120256009,5a9b4f73030f094559e46aea2eb732d5.jpg,d7c46b4a7f203531,Annata dompet lipat wanita / dompet lipat murah / grosir dompet lipat / dompet lipat anak anak,953150943,Phụ kiện thời trang
train_2124081240,930ab2f0ed55c903da592123504b5d13.jpg,c5b07a643b672e49,Dispenser Odol Rak Tempat Sikat Gigi DOM,3337049311,Nhà cửa & Đời sống
train_2143101004,d3be5b355c52d3c08cb11f46265cf431.jpg,bbbc944b8296c2e9,SMST Celana Chino Motz Reguler,554458429,Thời trang
train_1910703923,13b6c3a7fcce85e72e16f9fd7ce158d3.jpg,def6e14b4a398885,TAS  FASHION IMPORT GL182 GT120421 GQ2600 GO FASHION JAKARTA TAS SELEMPANG  SLING BAG TERMURAH,2050565864,Phụ kiện thời trang
train_1074605792,24192dfa0ad389ac88c8663f6a611002.jpg,bac29f3ce10be215,"Sedotan stainless steel, minuman ramah lingkungan, teh, sedotan kopi, sedotan stainless steel berwar",2540718433,Thực phẩm & Đồ uống
train_832268522,62f9962149a4df36fe517a41664da91d.jpg,ee87994198536e95,ACOME\xc2\xa0Kabel\xc2\xa0Data\xc2\xa0Type-C 100cm cable\xc2\xa0\xc2\xa0AiC\xc2\xa0Fast\xc2\xa0Charging Garansi\xc2\xa0Resmi\xc2\xa01 Thn\xc2\xa0original\xc2\xa0ASC-010,4047365486,Điện tử
train_539453583,65b2eb246542717fcad06407b25181d9.jpg,ba4b91e6c653c970,Sandal Slip On Karet Welcome Home meong.,1236265227,Phụ kiện thời trang
train_2312276902,0633fa896cd7435dd603e43c43d6d409.jpg,b6f70d9c09ee3803,Palmolive Luminous Oils Invigorating Shower Gel/Sabun Mandi 400 ml,2662107944,Sắc đẹp
train_359119894,e77762c00449ba5ccad57822ff1ee043.jpg,bbc2c43de4dac125,Pushop Waist Bag Mini Pria dan Wanita Colateral,71498931,Phụ kiện thời trang
train_2748376682,0c09976f6522df97baf6a9e79c452f47.jpg,a7e718be90da1dc0,Kurma Ajwa Al-Madinah Premium 330 gr NAEEM | Qurma Nabi Madinah Eksklusif Asli Original,3849544725,Thực phẩm & Đồ uống
train_973940980,85e08f516ab215cf3251dbfceaed92a9.jpg,e95ee0e185858ec7,KAOS SABLON DENGAN DESIGN SENDIRI - BAHAN POLYFLEX PVC - BAHAN COTTON COMBED 30S FREE DESIGN,1691062777,Thời trang
train_2628404353,613eb18eec0a14fffb32deddd659574a.jpg,af1390adb6d2ccc2,Sabun tzuki soap original pemutih badan dan wajah - face body soap,3489985175,Sắc đẹp
train_3527210162,1838b2255848105d1250f3083a78ba25.jpg,dcecc33aa351a992,{COD/Bayar Ditempat} Jaket Jeans Denim Pria M/L/XL/XXL/XXXL,3869100566,Thời trang
train_956826608,6fa0f02663dfc40f6eac4acffe44abef.jpg,e443c3394cadf4e4,tas import hitam dan pink,2992055559,Phụ kiện thời trang
train_853046858,1b90e55ae8b2ddc9cea7c7700d3b0d0d.jpg,ed929072b32d936c,MUKENA ANAK KATUN UNICOREN PINK SIZE XS-XXL USIA 2-12 THN,420878019,Mẹ & Bé
train_1631840955,ac6b492c3f5ae4231ebf5fbf5386c757.jpg,eb47c0b794b49538,yunyunshop - Swifty sharp / Asahan pisau otomatis / Motorized knife sharpener,944492271,Nhà cửa & Đời sống
train_2812635096,d5f4a300f110242763985adf80e92326.jpg,dce3c5c681381f2e,Legging Anak Tanggung 12-15 Tahun Spandek Premium,3155105749,Mẹ & Bé
train_1654019042,5fe75efa15ff14bbd1ead3dafdfd2671.jpg,beb6638d8afcc060,Gober - Puzzle Kayu VERSI I / Jigsaw Puzzle 9 Pcs Murah,3102277942,Mẹ & Bé
train_2024298911,79e099f9a19668ec040b30586a75f277.jpg,8f786183318f9ac7,KAPORIT TABLET KECIL 1 KG / CHLORINE TABLET,2067883744,Sức khỏe
train_104288742,dc8eb0c225d9457d5d31c89bb3e7c0d2.jpg,ea3491cb6e3491cb,Mifa K3 TWS Bluetooth Speaker Stereo Mini TV Soundbar 5Wx2,3264548226,Điện tử
train_3351803605,c7711c2f8e7efc7fda787cf0ae8cee42.jpg,edf12c1ed03ec44a,Cosmos Blenz CB-802 Blender 1.2 L,1498540656,Gia dụng
train_3572139356,748488a6b9036d34289e54b514b641f9.jpg,b83896cd6ee2c163,3.5mm 3.5 mm Microphone Youtuber With Clip ON Mic 2 garis Vlogger Vlog NEW,119853508,Điện tử
train_1912425628,fa51b1c3e7a09b6c269839a9b4b5b3c4.jpg,ed9f92600e9739c8,Stamina Dumbell / Barbel Dumbel Plastik 2kg / Dumbell Plastik 2 kg,2241765409,Thể thao & Dã ngoại
train_1594287492,26b3e8651de50c8562f16ab1822e6423.jpg,b0c396693436e697,Gomuda Sweater Rajut Pria O-Neck Blur - Navy,3140748847,Thời trang
train_442877987,1f1ddbb03f61a621a1ed407143f5e2bc.jpg,a4cdc3e01e367a33,Cover/Case Sarung Tablet Advan iLite/i7/i7U/iTab/i7plus/E1C Pro/i7D/T1J/T2J/T2K/X7 X7PRO 7MAX TAB 7,506905780,Sức khỏe
train_2624760056,914defe82867cada0bdc7baa58cee9c4.jpg,b933c4e48ece6931,Otg mini micro,512890289,Điện tử
train_356344566,2e611a55f8dee3dac18d8280a3faad54.jpg,bebdc1c2b42e4c8c,Puzzle jigsaw kayu 3d Mainan edukasi anak anak,2911646536,Mẹ & Bé
train_758837230,bb5c81f8f2fc7cf6d08520e2bfdc64b3.jpg,bf30c0cb1f20e97c,Kanebo Plas Chamois / Kain Lap Serat Sintetis Polos / Refill,1645648261,Thời trang
train_3964520326,be8acaee8338a027c72109bcfbdcc418.jpg,81785ec76ae47196,AB Parfume Thailand 55ml Original,3671076233,Sắc đẹp
train_3189990200,5df7cd222ca34e03c983a9d007c8248b.jpg,9ca0c70fb85b9b58,Sarung tangan cuci piring Sarung tangan silikon Magic gloves POLOS,2261684251,Phụ kiện thời trang
train_4078519347,6986a0b9629f0870ef3de8b6b556aad4.jpg,b925272767363839,Thayers Witch Hazel Facial Toner - Rose Petal 355ml (12oz),260863952,Sắc đẹp
train_524574047,fddd33db8ecdaa8349dd3e64b5d7de8e.jpg,e36a9a9da9359194,Mosquito Killer Lamp Purple Vortex / Lampu Pembunuh Nyamuk - Putih,1083330713,Nhà cửa & Đời sống
train_3252202177,ee20f3e3e29879f40c9e1e6894c28ed3.jpg,f3910be40f9a6732,Masker scuba anak-anak gramasi 280 motif Juventus,3193912394,Sắc đẹp
train_3695194039,b8af64515b9514292a1355a26264c3df.jpg,cce6e21bce3116d4,SHENAR JAM DINDING DIY 3D GIANT TEMPEL TEMBOK BESAR ANGKA HIASAN JUMBO RAKSASA,160355492,Nhà cửa & Đời sống
train_563193178,754e1555decabc0afe09cd971a348ba9.jpg,b4cb4b9464b76364,Jilbab instan ainun niqob ORI ZAIN,2763108409,Thời trang
train_3770852054,816258481a78d676a5224a8acbdaa83c.jpg,bd0bd5f4b20ad1b0,Baju baseball NY hitam list putih,3094586045,Nhà cửa & Đời sống
train_4165212021,c7de1f185d079f6e9d5bdc6786501bef.jpg,ae9996c0c16e9733,TOPI BASEBALL ANAK POLOS GROSIR MURAH,4281986560,Mẹ & Bé
train_596739104,9c6280bdf0560389552abbdf0c2d1d7e.jpg,b4e39bcccc3124f1,Lip Ice Matte Color Sweet Pink,2747427000,Điện tử
train_3903462741,07ae287807cc36ab5250c2ea58f1bcde.jpg,b578e286ce68351b,JBL GO Wireless Bluetooth Portable Speaker With Speakerphone (Garansi Resmi 1 Tahun),2314969351,Điện tử
train_4032180049,611895c61dbccba9537debc3518301b3.jpg,b1679c91c6cc496b,Indoganic - Beauty Lip & Cheek Crayon Natural Nude,4260496764,Sắc đẹp
train_3340090343,1ade168c70d16d78d5e75bb46c220c75.jpg,eefe29ce48c0b6c0,Shinar Glamour Ansania Square  - Jilbab Hijab Kerudung Segiempat Sinar,714405345,Thời trang
train_3380724732,a96920e2a0b5e29a7b6ca65093f3c4df.jpg,bbf2078c9837a668,Dimmer SCR 2000W Motor Speed Controller 220V AC PWM Regulator Pengatur Kecepatan Motor,3984914517,Nhà cửa & Đời sống
train_2880077040,e45fe983c04892d7e90748001481e571.jpg,a7d4ce993342c86b,HEADSET BLUETOOTH SANGAT REKOMENDED BASS MANTUL,3651308841,Điện tử
train_479440689,fc1957a2bcb42bad4add89e1c21b2d63.jpg,ed92936e8639c64c,Afis Life Susu Bubuk Kedelai Kacang Hijau Plus Daun Katuk Original Pelancar Asi Booster,2358586852,Thực phẩm & Đồ uống
train_3957225145,502c447865fd869cda358d5b07d80315.jpg,9f0fe0f0a1d29cac,Serum luminous ms glow ori / msglow original,2092002172,Sắc đẹp
train_3173616792,fea7df30a11364ca034aec9933b9190b.jpg,b30f5c684718c63f,Holesaw Set 13 pcs Bison Mata Bor Lubang Kayu Paralon Hidroponik,2332367334,Sức khỏe
train_214511419,85b2fbff416153389cc000192dd5753c.jpg,add4b203cc8b853f,TAS RANSEL SEKOLAH WANITA CASUAL STYLISH MULTIFUNGSI ADA SAKU LAPTOP GAYA BARU 2020 BACKPACK STYLISH,1664573953,Phụ kiện thời trang
train_3419767282,20137b34955b2c55e9d0994796c4a14a.jpg,f8c96687933c3296,Ksiecnalb HoodieSweater pria lengan panjang categant premium bahan fleece tebal bisa cod,941180455,Thời trang
train_1763922059,4749df1c234ae1dd340ac62837e18621.jpg,eae09135b4c9b51b,Baju bayi newborn SNI 6 pcs,3833583666,Mẹ & Bé
train_453434123,ffa4d2b6a735caccc0207b8b82d6c3f7.jpg,d66459e0e6c99971,Masker sensi anak kids face mask headloop sachet ORiginal isi 5,531266261,Sắc đẹp
train_1408861554,09505e53a0890a6c421ad3a79b0e1fa8.jpg,fc3c93c365542aa5,Crocodile Slingbag With starp,239563261,Phụ kiện thời trang
train_744741792,053aa8c91522add119f7ff8644ac49db.jpg,9c9d81a3e7c65c52,Karet Penjepit Sprei Pengait Sudut Seprei Kasur,954318740,Nhà cửa & Đời sống
train_2363287856,53b102491bf3fe9e4ce249f498cd1bdf.jpg,ad3232252c6cedcd,Mini Fan Portable ROBOT RT-BF07 Kipas Angin Mini USB Design Mermaid - Blue,351551078,Điện tử
train_2216178285,af965cae7653725d7253523a9fe0559a.jpg,9e51d29f8d1e60d8,Kipas Angin Mini Portable 0302 Karakter Mickey kipas genggam,506623322,Điện tử
train_2334887457,b106fafd3059190c85f1867e64ef1da0.jpg,9fc6f0f0c6b1f030,COD HANDAIYAN Makeup Lipstik Matte Tahan Air Tahan Lama,3215053587,Sắc đẹp
train_858821396,b6f37f74a833c5d69d40db6cadbc7b6a.jpg,b33ccc8bccc68a33,Everwhite Green Tea Clay Mask,1024684790,Sắc đẹp
train_4267691298,e34c2f4b82302f88903fded08aa5d9ca.jpg,b08d4fb16a1b8d5a,KOPI BALI Parfum Pengharum Mobil Biji Bau ASLI Pewangi Aroma Gantung,377021214,Thực phẩm & Đồ uống
train_2652800276,a4d2876dca15d4677a5bed14f6f5f1a9.jpg,ba6a3ee1276928e4,Cilok Ahaay Isi 20 Ayam Keju  & Ikan,3699296321,Sức khỏe
train_1773297074,56f545310936b945c754b74c0513c7cf.jpg,ecb494cb93b1295a,TAROTARONO!!! - Fancy Bottle 350ml Set FREE KEYCHAIN HK 285K,4016959315,Gia dụng
train_4177701863,a263d2f5cb4da85b4b21eaa4b0e2d175.jpg,ea2397dcd4b82c1c,MM -Speaker Bluetooth salon MH 36 + standing + mic speaker Aktif J f2022 F2021 + mic high quality,2468024512,Điện tử
train_625566324,2190946de150c0f37167653eadc9b6a5.jpg,97e4e8c1c837461f,Alat Mesin Cukur Rambut atau kumis Portable Sonar SN 5802 / 6020,436669169,Sắc đẹp
train_317843527,d171251f2712f6f80bd8c8b3df326d69.jpg,de85815ab077ba0e,Kaos bayi/kaos oblong bayi murah kaos harian anak/kaos sablon/kaos bergambar,4261155676,Thời trang
train_104387367,3797a7c4ac880bb1f935f354a03ef93a.jpg,ffb3c9499268c462,Headset Stereo Audio Bass With MIC FOOMEE QA30 Earphone Stereo 3.5mm Bass Boosted,3924088631,Điện tử
train_3810892578,c683b7ffce8b22609fdea580cf8cc99a.jpg,bbc6c5914e2e39c4,MOOI Setelan Kaos Baju Anak Retro Set graciellaashop,1590500659,Thời trang
train_293472293,f5be3aac36d4644423fbdfc250f28c1a.jpg,8fe4f01a39d3c6b0,DISPENSER ODOL / DISPENSER PASTA GIGI TERMURAH!,402149138,Nhà cửa & Đời sống
train_869737991,3308bd1e3043a48b6fdb3c342265aedc.jpg,b3cccc33cccccb88,Emina Bright Stuff For Acne Prone Skin Moisturizing Cream 20ml,2221115418,Sắc đẹp
train_3395842,2595007aa69bdbfdfb6fae75c3376614.jpg,b53cc3c39a86c99a,Masker Polar 6 in 1 Buff Scarf balaclava multifungsi ninja kupluk Polar 6 in 1 Full Face,1884505575,Sắc đẹp
train_510683765,bb88fcb57bd5df289ac3d912a660b590.jpg,bd3993444f0d9237,FACE SHIELD KACAMATA ANTI VIRUS ANTI FOG PREMIUM,1322749330,Phụ kiện thời trang
train_2627157701,af84c9561ba0a0358f4eee40f82bdb0c.jpg,ea21e12961fa3bc5,\xe2\x9c\x94\xef\xb8\x8fAlat Cuci Motor \xf0\x9f\x87\xae\xf0\x9f\x87\xa9 Mesin Tangguh 250PSI Kualitas DijaminTerbaik Steam,553446970,Thực phẩm & Đồ uống
train_2492678162,e94bc0c63c6dba0b4d90c40d2502c8e5.jpg,9e8961323627cddc,Headset Macaron U19 HiFi Audio Mate Color | Earphone Macaron U19,2935813666,Điện tử
train_4075718935,fdc4bb706d318d1dfd4d573619744a2c.jpg,e6999864cc339277,MABRUUK MADU RANDU 1 kg 1000GR / 1KG mabruk,2019180045,Sức khỏe
train_3799832961,a25423f6ab10d35054cf484859563ea2.jpg,ce4e0ef8dbb06145,[Bayar Di Tempat]780mm Stang Riser Sepeda Gunung Bahan Logam Campuran Aluminium,3408945279,Thể thao & Dã ngoại
train_197769535,31803e68b56c10a0c745140122f9498f.jpg,bb49d03cf0868c7b,PEEL OFF MASK 50GR MAHIRA BEAUTY,2207500054,Sắc đẹp
train_1719664856,c0a661947d0ec3cb541e1af9e6eb6ddc.jpg,ea6a9191926e6e63,Owlet - Masker Kain 2 Lapis EARLOOP dan Hijab ( Bisa Dicuci),1707910864,Sắc đẹp
train_1050063034,19f80d9d7108ff6260d72127431657d3.jpg,b8ba47c711b936e0,Aoki Antenna TV Digital AT 3000 indoor / Outdoor + Kabel dan Smart Chip,2567049045,Điện tử
train_1643513946,4b7851ca605aada8ad675c110cb85846.jpg,ef3d6662e038cbc0,RAISA DRESS (Busui),856078318,Thời trang
train_221843486,2e559c0a660bee7701962eb0e1ade84f.jpg,b6e0ec441b7b708e,PREMIUM Topi bayi carter love 5in1 boy/girl,4273863176,Mẹ & Bé
train_1097833319,6ce66d0255df5aca537b0dfa2c52ad11.jpg,b27ad29585c3d3c8,27E MAINAN EDUKASI ANAK MUSLIM-APPLE LEARNING QURAN 7 TOMBOL,998735098,Mẹ & Bé
train_4036122507,798daf2942b85a08cb010e0596b7cf0a.jpg,ea3b7e86c09d1dc0,LIP CREAM SALSA DYNAMATTE ORIGINAL,1201602115,Sắc đẹp
train_4140089078,695309371af23d8d50a34b2454b415a0.jpg,95d49a2bea09dc56,Wardah Nature Daily Sheet Mask 20 ML / Masker Wajah,1891458452,Sắc đẹp
train_2954306675,d8cd3616876eeb3fff2c920ee2af6293.jpg,bd93c21cc563386d,Acnol Lotion 10ml Obat Jerawat,1746655739,Sắc đẹp
train_2423479711,7811551ff5e0d01de2b0f57b2d9080f3.jpg,e13182f69ec2e54d,Jilbab elmo kids,2956224405,Mẹ & Bé
train_249567903,1eb95fe8b781b14fe073f010582b6db2.jpg,ea4295b5853f6a4a,Mooimom Breastmilk Collection Shells Penampung Asi,978796186,Thực phẩm & Đồ uống
train_1322284039,6967eb034deadf2cc9db60f4f786a81b.jpg,b09bce66c74dcc30,Lakban Bening 100 Yard Isolasi Selotip Clear Tape 45mm Daya Lengket Kuat,2651734974,Nhà cửa & Đời sống
train_211369303,c15e42ca45aa0644facd354917307c94.jpg,bbccc02e941b6ba5,X - Pert Eyelash Adhesive Premium / Lem bulu mata xpert,376951013,Sức khỏe
train_2428250552,e99cfde3d531fb3c0882f589f40bc7c5.jpg,b498cb61bcb4f143,HELM KYT X ROCKET #3 BLACK BLUE FULL FACE XROCKET,3168116602,Nhà cửa & Đời sống
train_2766792264,c952de573c4a3877b664fe67d5f41f4a.jpg,e83c9787c36878b4,FACE SHIELD FOR BABY,2272961187,Mẹ & Bé
train_4110011825,482bbe5914ece413b2570f258ec6d40e.jpg,e936979a9a698619,FLUFFY Celana 3/4 Bis (Isi 3Pcs) C3sb Abu/KKI S/M/L,1110840568,Thời trang
train_3471968240,7a42d63df9346cc944e18b0a0bd1d3ef.jpg,b1cece31ce4c9166,[LOKAL] DOMMO - D1093 TOTE NICE - Tote Bag Tas Wanita MORYMONY BISA COD DARI JAKARTA,3624452617,Phụ kiện thời trang
train_741662922,c7eb6545b7079a5062f9e3d104f59e86.jpg,b943c61cc3f139c3,Pixy Stay Last Serum Foundation 17 ML,2773427352,Sắc đẹp
train_818202932,acd12c7e70d90f6d660d6bbd66d19f03.jpg,be98802edde162e3,[CH88] RAK SEPATU PORTABLE / RAK SEPATU SUSUN 4 / RAK SEPATU 4 TINGKAT,4138545452,Thực phẩm & Đồ uống
train_1343196371,3e19db71c688a6b3cb5c4e42378f3a71.jpg,ecc262ce9a3c8f31,Blackmores Bio C 1000 mg 150/90 Tablet,347508552,Sức khỏe
train_2355653542,9c23b1ddd8794c8a5d5b1b90e80eca5d.jpg,ac16a47218eafacd,cempal anyam /lap tangan dapur anti panas(1pcs),2082555998,Phụ kiện thời trang
train_2663105132,6fde5f598a1ecbb9c3d242a9e503bb91.jpg,eaa5254897a697ca,Super Mop X2 Bundar BOLDe - Alat Pel Peras Dan Bilas,2802916194,Nhà cửa & Đời sống
train_2608167145,7311d167de8033ec556fa31fc31d15ee.jpg,f38585db4e384317,Scarlett whitening shower scrub (TERDAFTAR BPOM) sabun pemutih,3582011792,Sắc đẹp
train_3630987777,4034486608b9c61968d5ef8f919aade4.jpg,e487cb3896799266,TAS WANITA HQ #6528 - TAS BATAM -  GROSIR TAS,2672117886,Phụ kiện thời trang
train_82674969,1abdaacb3fec20d0cdd1ffff2d29f8cc.jpg,b1b56c6ab3951c2a,OXONE Juicer & Blender 4 in 1 OX-867,3670721629,Gia dụng
train_2904315002,5189fba533c117dba7649a2a67c393d6.jpg,b46a9fb06c8f60d8,Headset Samsung S8 design by AKG (Superbass),3047206685,Điện tử
train_2020670356,d4536da7db7d9e5e0343fb364af25282.jpg,a21e1db995f75824,MIniso Cetakan Es Popsicle ICE CREAM MOLD RABBIT,3623772033,Sắc đẹp
train_1940074314,6a03dffe95dbae887bf14849f316c53a.jpg,f5a8ca989c719d4c,OLIVARA DRESS,223918561,Thời trang
train_3285172794,1c5278487525027ba5da16bd20863377.jpg,80e130bd6ce6b29f,Kipas Lipat Motif Cherry Mekar Bahan Polyester+Bambu untuk Hadiah/Pesta Resepsi Pernikahan Asia,1818330803,Gia dụng
train_3340794377,26429f38b40c32fe5e07e98b734606aa.jpg,f3f3910ecc68813d,Bestway 51004 kolam renang anak ocean life 152cm / kolam deep dive 3ring pool / kolam anak,3153179649,Mẹ & Bé
train_675536307,cb2bc0440b1ce6cc8fd55c6cd4428700.jpg,ea95956ac47a8a95,Silk Oro Serum,1364967438,Sắc đẹp
train_110616519,66a1dd3fb8df580c4c6e5f89c632e882.jpg,c4d4739923de6465,\xe2\x9c\x94COD\xe2\x9c\x94 TERMURAH ! ATASAN ZLQ / ATASAN WANITA MUSLIM / BAJU ZOLAQU / BAJU MUSLIM / PAKAIAN WANITA,3136889376,Phụ kiện thời trang
train_978573188,8484d9a25326bbc1a5122781f98a3688.jpg,e33313c3d1d83437,Bros Pin Bentuk Kartun Kucing Dengan Mutiara Imitasi Untuk Wanita,2942125,Phụ kiện thời trang
train_3195776307,a6b3834a78033e9e741a288953c9f238.jpg,cbc6933bc95ca223,\xe2\x9d\xa4 BELIA \xe2\x9d\xa4 Mustika Ratu Hair Tonic | Minyak Zaitun Olive | Oil Cemceman | Shampoo Bayam 75 / 175 ml,712848537,Sắc đẹp
train_3593687938,9bc709678928c22002fc3f075efc145a.jpg,9e066e760ddab431,Beckam 0213 / SEPATU HIKING TOURING PENDEK / SEPATU BECKAM PARAMOUNT ORIGINAL Spadaid88,2462611284,Phụ kiện thời trang
train_863268112,0b5b077ca467e36103066d4583b310f0.jpg,d11bfc3432c4936e,SEPATU WANITA JINTU KOREA 2020,284754035,Phụ kiện thời trang
train_4116316421,a4683c4b45fb0294086d65ea405e658c.jpg,bfe31e2c611cd00f,Sarung Tangan Latex Vinyl Sekali Pakai Disposable Medis 100 pcs / box,2426631157,Phụ kiện thời trang
train_2312337653,d567b04b23cd781690917625f1d4d71b.jpg,fbe2e78b123e6101,TERMURAH!!! Sarung anak gajah manggis lembut & nyaman dipakai,3287944109,Mẹ & Bé
train_4145091985,bb88fcb57bd5df289ac3d912a660b590.jpg,bd3993444f0d9237,Face Shield Kacamata / Face Mask / Pelindung Wajah Nagita Raffi Lokal Ready Stok,1322749330,Phụ kiện thời trang
train_674056726,08eda8ae8c401fe5ee41841f7e9a4d34.jpg,eec29134911de33e,ACNOL LOTION FOR ACNE 10ml,1746655739,Sắc đẹp
train_817032823,d7a6d1661353007c486422b83d633681.jpg,8b16f4e8cbe1b815,Baby Joy Gendongan Bayi Depan Baby Joy - Baby Joy Gendongan Hipseat Kokoa Series BJG 3029,1395450541,Mẹ & Bé
train_1822026105,5b3e4135f3296b4bc3600167d4018a23.jpg,bf17cf3781c832c0,[1PAK/20PCS] MTZ kertas bunga / flower wrapping paper,4287150810,Phụ kiện thời trang
train_4079065767,5d87dab52077b5001038e9091f49689b.jpg,b8a7c7383870a7c3,COD FREE POMPOM AURORA - Tas Selempang Wanita TAS TERBARU TAS WANITA BAYAR DI TEMPAT,1957515419,Phụ kiện thời trang
train_1837400581,e3f7e43b96a4b08ee47c86ab936e6aa2.jpg,e4939b9c9e649964,Serum Ampoule Whitening Gold Serum Korean Pemutih 24K Goldzan OriginalL,3804159527,Sắc đẹp
train_981486171,abed9a0de1a2edd9e70a83fd127ef31c.jpg,f96567843236e21e,BPOM HALAL KELORCAP MOM UUNG / ASI BOOSTER / DAUN KELOR / EXTRACT IKAN GABUS / 60,2368191821,Sức khỏe
train_1696804962,029b9752f214b2d121ea62d01f0f4295.jpg,bf9ad0c5c2d2c3c1,JAM TANGAN ROLEX COUPLE,1014266988,Phụ kiện thời trang
train_4221982820,ff512b2f4ff8bb431bf089e87c212922.jpg,f94186ff8fa6b010,Sprei Lady Rose 180x200 King terlaris Keroppi,53836859,Nhà cửa & Đời sống
train_1597284852,91844a22de66c2733461fe09cc6e523a.jpg,b9b7c61ccdc23870,Acnol Lotion,1746655739,Sắc đẹp
train_3939596147,d410038f13f4e7b8e7d3b498d3a484b2.jpg,bcd00f64c99f9a91,BUFF MASKER Kain Hitam Polos Mask Slayer Bandana Buf Baff Grosir Masker Mulut Masker Hitam Polyester,710865862,Sắc đẹp
train_2070416681,adda5c6548d1930d3da8ca2df9712a2b.jpg,b0a28d8f9c3cb393,2020 Iwo 15 Smartwatch Seri W26 Layar Sentuh 1.75inci Dengan Bluetooth+Monitor Detak Jantung+Ecg Ppg,490680502,Phụ kiện thời trang
train_788055427,163e2cf53b285431257b95f2bebd0062.jpg,b277c73ce84a6035,Kabel Data Gepeng Tali Sepatu 3 Meter MicroUSB Bb Samsung,2916313489,Phụ kiện thời trang
train_714365960,ce7868655d4abbb17f095aeafc7f4a45.jpg,d2067693385bb761,Sepatu Patrobas Equip High Black White Size 38-44 Original Made In Indonesia,3912634572,Phụ kiện thời trang
train_2327350875,20bc17faa4fee4b2083602f635d269bc.jpg,fa6b952ee3509a81,Mainan stroller baby boneka premium,2825850534,Mẹ & Bé
train_2333544608,2a4ef03b2dc308500279ff78689e36f0.jpg,eae2d30e9535a4c3,IPI Vitamin C Isi 45 Tablet Rasa Jeruk,2945967054,Sức khỏe
train_4120437054,d3c024537b1da7f7f835555777e51dee.jpg,ba93858e5839a766,MamyPoko Perekat Royal Soft - M 72 - Popok Tape,887644040,Nhà cửa & Đời sống
train_734692390,c2bd436f049455a8e2a76725ad483ea7.jpg,f984c38f72b80778,BEST SELLER LEGGING ROK CELANA ( ROK DAN CELANA MENYATU),1850007430,Thời trang
train_2692613184,e0f49db7ae3662e03de323720f544936.jpg,ec5292b59b2aea2a,Lakban Besar OPP 45mm 85Y EKA TAPE by DAIMARU,2757428133,Nhà cửa & Đời sống
train_3481823466,49cf693063a8813da06427af64b7135c.jpg,aed8c10fba2e3827,SEPATU JELLY ULIR A615,1961310022,Phụ kiện thời trang
train_3620599811,0c8833ca13a99800f5d06c4973e6e054.jpg,b02ccdcfc3d33231,ORCA STORE - Slim Fit Chino Khaki  / Celana Panjang / Celana Chino / Celana Panjang Chino,2055125008,Thời trang
train_2098272543,a3a7e1358a38a039fd2b30ce857fc046.jpg,fa79c7c1d0cdc510,Baju Kaos Pria Spandek Motif asli,3529646908,Thời trang
train_44966147,ba39c169d5a3a6da82172f37baa85e3c.jpg,f3874639cd589368,Woman Independent Tas Tote Bag [C4],3791313765,Phụ kiện thời trang
train_1732981002,81d70ff9baa435f0df0c8c552d38ee27.jpg,aa19f47d86523d0d,KABEL HDMI 5M FLAT VERSI 1.4 / HDMI 5 M / HDMI 5 Meter Cabek hdmi 5 meter flat,2352146569,Điện tử
train_2940085807,21bc5605493f44fbd4f09dcd0cf2c337.jpg,bfe0d4c5ad444a96,(jakarta)Jam Tangan Pria  Casio Gshock Protection DW 5600 Full Black,2517912807,Phụ kiện thời trang
train_3801507873,b800b6b39e0148c73893ae71b605e889.jpg,fa7ebe3a482271c0,[ WBS ] Jam Tangan Silicone Quartz Analog Hello Kitty Warna Permen untuk Pelajar Import / JA003,1070755869,Phụ kiện thời trang
train_2938409868,b35a03645e2528e22163664493cd0f53.jpg,bee6b903e3325065,MINI TRIPOD OCTOPUS / TRIPOD SPIDER BONUS HOLDER U FOR SMARTPHONE DAN ACTION CAMERA,359918838,Điện tử
train_2321055884,aa3db7a83ab634a839790e31fec49745.jpg,b4c3c33c4f9658a6,PROMO !!! TURUN 5-20KG / BLN TGT SLIM 2 BOX PELANGSING BADAN HERBAL AMPUH,2931597718,Sức khỏe
train_418385389,ef1d2d9ec7cff688ca032110970ddf77.jpg,aece1dc8d291e2d2,Sarung tangan bulu polos,463116240,Phụ kiện thời trang
train_468489220,5b5c4ff113be99844abdc3299d892401.jpg,958daa23c31ec5ec,MUKENA ANAK LOL PARIS PINK ( TAS SAJADAH ),1569494229,Phụ kiện thời trang
train_3616818172,9c8c6d8823653abb8a88efd5caf15f8c.jpg,fb916d9568586661,ARIAS KOKO kemeja fashion XL / Kemeja fashion / baju koko / fashion pria / lengan 7/8,3553405586,Thời trang
train_3173072456,8ae0889d42d5b2b705ff6fa4d61233e3.jpg,a2d63ec0055be4bd,Gantungan Tempel Dinding Hook / Gantungan Handuk Kait / Hanger Baju,2609303586,Thời trang
train_2064432794,bc8e5e0606b1bb81252a2fb7de33277f.jpg,e25b7b3c8c649866,Kemeja Pria Original Kasual Casual Lengan Pendek Tactical Artelly Baby Canvas Premium,527002114,Mẹ & Bé
train_3635158195,7f56d2f186a73b226bf24f52e5c11b6a.jpg,ee66bd9de4289620,MIAO Air Frame Car Holder AC,3744057700,Điện tử
train_1236490957,a264ec823604e809e3ac3ce702cde294.jpg,fea0c6818d1e96d9,Jam Tangan Pria GOLDENHOUR 108 30m Tahan Air Desain  Military Model Dual Time untuk Pria,2790510298,Phụ kiện thời trang
train_2583435138,c75aa4e684dd695643912c8e8a096cd9.jpg,db944631a50fbcc5,Magnet Bluetooth Earphone Headphone Stereo Olahraga Headset Sweatproof,1744240905,Điện tử
train_1032038522,e31a88ca96123046c8458b488c13ae84.jpg,ba72c4ccccc9c999,Wardah Instaperfect Geniustwist Matic Counter Brow-Brushed,1175071127,Nhà cửa & Đời sống
train_2614699893,6b452555611af17cd742af5ba3b6313d.jpg,f88db368c7334c43,Celia Baguette Bag - NMR BRAND,1634894039,Phụ kiện thời trang
train_1206963201,512f433f2fe134ee65dd6377555f03e4.jpg,f25ad827a5a5a4a6,Acne Lotion / Lotion Jerawat Larissa (free buble wrap),1910606719,Sắc đẹp
train_3551399518,cdb3192c83c59c378d7b422aa1295c61.jpg,e9389e8e3161699b,RADIO PORTABLE INTERNATIONAL JADUL 3 BAND FM-AM-SW AC/DC -4250 ANTIK,1099646439,Điện tử
train_1189980728,e52e69a915a985b705abbf29af8c894b.jpg,bcc391976a4a958d,JAKET BIONDI BIONDY /  JAKET JEANS AURORA BIONDY WARNA,2782812436,Thời trang
train_1983528486,1a3885d04383f5cdfd337d4b9c4b1867.jpg,b398cc22dd669999,Viva Queen Eye Cream Revitalizing 15gr,1032307497,Sắc đẹp
train_526561251,9a65bcee28951a37bb5ab25e8d9fdac4.jpg,95c0507f78cf8475,Enzim Anak Orange 42 gr,1112224173,Mẹ & Bé
train_4263542341,31de8c179846a7b3bc1c4738743caf67.jpg,a5871371d461fac6,SANDAL PALANG,2022276255,Phụ kiện thời trang
train_3929343207,56c1e3f15aa75f99302ebbc6f2806f68.jpg,e646339b25b1ca1b,BBBC Bando Premium Bandana Simpul Twist Elastis Ala Korea Untuk Wanita Bando Polos,3763739424,Thời trang
train_1160386428,ec39397e079ea79ea702219668a4faf4.jpg,be1ed82d932cc638,Wirasha maxi dress,1765616782,Thời trang
train_1633762030,dcd1b815bcf98ae4b7f6676515f78cfb.jpg,a6c2999a9965cd39,MANGO - Dress Willy,994738426,Thời trang
train_2202815896,3024bab29796684fd0e79c209011fa94.jpg,9bb9e046ce8910fe,Couple mom and kids poppy biru,1271973692,Mẹ & Bé
train_2552801283,a55d164c21a2fc5ca1b8cd9a61cd4c66.jpg,ef1ad9d0858f2632,Jilbab serut jokowi termurah,2158251648,Thời trang
train_3552551675,76c15ca14c9d90d1473171e902cfcecd.jpg,b1f0868b1df43cc3,Lap Tangan Handuk Gambar Karakter MURAH,3761628510,Phụ kiện thời trang
train_903348982,21440947fee2e065a345f9d78a6733ed.jpg,bf35f14bec92480a,Maura dress/maxy,984884267,Thời trang
train_3185439444,14a5eed14eaeb0ad1d1b46df7de60486.jpg,aba1d41ec16fe4c8,Cover motor MATIC KECIL/sarung penutup motor BEAT VARIO SPASI FINO SCOPY/cover pelindung motor murah,2820713094,Nhà cửa & Đời sống
train_115439988,bd24f164e6bdbe2c0549881ac8809618.jpg,bf8fc0c98d30e01f,GAMIS ELBINA SET + OUTER DRESS WOLFIS PREMIUM,9079959,Thời trang
train_3814618207,1285bb743df487a9672eab82d1c0b4d0.jpg,d3dbe828872354d6,FLFASHION - KAOS STARBAKS ATASAN WANITA - FIT TO L,404428692,Phụ kiện thời trang
train_3176154511,d8cb06fc0276d116e2bb7e7ee40cf75d.jpg,e6b5510beca3827c,Cartoon TWS inpods 12 Bluetooth Wireless Silicone Case Shockproof Earphone Protective Cover for i12,1714104638,Điện tử
train_1196265464,fccd4b875dbef39097fe0c731314792b.jpg,fcbc4c387460c7e4,MOTIF 25 sd 36 BANTAL MENYUSUI GRATIS APRON MENYUSUI / KADO BAYI PREMIUM BEST SELLER,4254005647,Mẹ & Bé
train_3016630764,f0716e5985ced40cd69fefd1d2d77a7c.jpg,9ed8e18d06e3dba0,PENA KIPAS BERAGAM VARIAN / PENA BUAH MODEL KIPAS / PENA MODEL KIPAS,2681632456,Gia dụng
train_3102364034,c89a26f78298a2adba6dffe9a4747a71.jpg,d445e5450eba7b46,Multifungsi electric fry pan Panci Listrik lapisan keramik NEW (RANDOM),1226500780,Nhà cửa & Đời sống
train_2051205225,00b2375ec81ee1a5c739a62acc74f216.jpg,e5e73c3863c24a95,Totebag tote bag BTS BT21 Cooky Koya Mang Chimmy Van,2669812524,Phụ kiện thời trang
train_4232319965,3b36bc181a2b87db0adeee992a6a91fd.jpg,fa906a1fe12c93cc,Rak ikea Lerberg sedang,2150581962,Nhà cửa & Đời sống
train_2667082277,6cffce52e8576bcef12dbfbdd55c0fc1.jpg,836aad719df49494,ESKULIN KIDS mist cologne 60 ml,1539126024,Mẹ & Bé
train_3429322013,14e963cf38e1d587362b50b049e3c246.jpg,e040dfbfa081a6f6,SUNCARE CREAM THERASKIN,3503438325,Sắc đẹp
train_263002923,732850122ecf88d8c9b43165903f0c0f.jpg,bea1c55ecb34e830,Taswanita Laptop Kamera 6189VA TAS BRANDED WANITA TAS WANITA ALDO POMPOM 2IN1 TOP HANDLE SELEM X2P4,1708472517,Phụ kiện thời trang
train_797496996,5aa7e08c092b6e93d8d952b87c05cb84.jpg,ee729778914b90cc,Techdoo Olahraga Tas Pinggang Lari Jogging GoBelt Double Paket Running Bag TPL02,2049141115,Phụ kiện thời trang
train_1447952964,3e98f241bbf7b1b1b24456b66593dbf8.jpg,b6fb1c980062abd7,The Queeta - Stelan Himaru / Setelan Baju dan Rok / Setelan Baju dan Kulot / Stelan Muslim,2900950178,Thời trang
train_289543654,092c7041116871aed994c38a86fc2a93.jpg,88c3ca367d6e952c,Sweater pria Kombinasi  because termurah,1922376203,Thời trang
train_722983643,adb19945f8b180aa46dc7bb52160722e.jpg,a60999264d76d9da,Madame Gie Magnifique Lip Crayon Satin - MakeUp Lipstik,3137926024,Sắc đẹp
train_3410201577,22004a37ca153aa7eea97e102c9b2a77.jpg,8f8cf072c0a74cbd,Lamandel BOX Obat Amandel Kemasan Kotak | Sachet | Box,131021179,Sức khỏe
train_3156864112,829854a0369a945634b9b2f4cd559781.jpg,f31e8cf1b3845856,Panci  Elektrik Multifungsi Alat Masak Electric Fry Pan CERAMIC,2599759870,Nhà cửa & Đời sống
train_2599913078,e6c4dbf0814d3a2265c736bcfe432f26.jpg,a2e8d7474a74a5b2,Casing Akrilik Silikon iPhone 11 11 Pro 11 Pro Max Shockpoof Warna Permen,234286799,Điện tử
train_436867924,cb74e681e5081da194569ea708ad167d.jpg,8026dd8bdde1c786,Media Tanam Organik Tanah Subur 1 kg Pupuk Kompos,3336942941,Mẹ & Bé
train_4098126756,0cdae195eea0770a9e58b3430b91da42.jpg,ebd8d691a0f8c1a5,Key - 0655 LEILI Crop Top Full Kancing / Atasan Wanita Kemeja Pendek Full Kancing Moscrepe Halus GQ,3592666867,Phụ kiện thời trang
train_3730229113,6e899c74698f2b0d920aa725bc23f2b3.jpg,b464cd8f26f2983c,SILICONE PEMBERSIH WAJAH / FACIAL EXFOLIATING BRUSH / ZOOMSTAR,1764481177,Sắc đẹp
train_2186458747,fd3cd67314107d8016cd310395224b0c.jpg,fcb0701999c74bc3,Mini Sealer - Alat Perekat Plastik - Super Sealer - Hand Sealer Random,1065450055,Nhà cửa & Đời sống
train_2416452020,ac45797836968500eaed95728e7b3fa9.jpg,daa9e594c512c787,(BISA COD ) ALGHO SWEATER,1534504074,Thời trang
train_3298015877,80f3bf799d2d63d39e008d9f522b10b0.jpg,bfb5c142b42f4cc4,PUZZLE KAYU MAINAN ANAK EDUKATIF,2911646536,Mẹ & Bé
train_3092154520,9aa88407ce7381939668280a1f0ac118.jpg,a586492db24d65db,[AQ] Timbangan Kue / Timbangan Dapur - Timbangan Digital - Putih,1434986601,Nhà cửa & Đời sống
train_2488038529,4a05c7bd2b65c2ede323f15144d07e95.jpg,bb2590999c3e95c6,One step hair dryer and styler hot air brush sisir pengering rambut 3in1,2285573787,Sắc đẹp
train_2466769288,b801761dc9b9243d68ebc89c13933861.jpg,a6cc993366339936,MINYAK KAYU PUTIH SIDOLA (100 ml),97801740,Nhà cửa & Đời sống
train_1259367735,cd0740b095d53ea65be6e514698b27f0.jpg,b03231cfc798ce66,Anticrack Samsung A10 A20 A30 A50 A70 Silikon Case Jelly Bening Lembut Transparan Anti Crack,3435359923,Nhà cửa & Đời sống
train_1568682908,0195cc4b21fdd80c8c7d810bb42b72d6.jpg,b9b3824baf689d0a,Dot / Empeng Wide Neck Bahan Silikon untuk Bayi,1306578136,Mẹ & Bé
train_1385155314,0fc476a3a2df36aa7b0b802998b1caaf.jpg,fbf16261c9c039c9,Kantong Kolostomi  Alcare youcare D Jepang 16771 / Alcare colostomy / Alcare Colostomy Bag,28126024,Phụ kiện thời trang
train_2222094971,0a8932290adeb92498946b40aa2545dc.jpg,8f96693c4b858d8d,[Bayar Di Tempat]96 Kantong Foto Album Lomo Photocard Nama ID Card Holder,713943303,Điện tử
train_2355485408,0767e7798d3c78c1f8570dbf445a9492.jpg,a5091f8adbe452f2,AS373 COD Kaos Kaki Bayi Karakter Hewan Lucu Kaos Kaki Bayi ala Korea Lucu Anti Slip Murah Import,891248341,Nhà cửa & Đời sống
train_2857221499,655545bbb36654d70ec569b425cfad72.jpg,e6cecc64c9319993,Natur Hair Tonic Gingseng 90 Ml,122550860,Sắc đẹp
train_818312092,4fa2c15ca87f7ddc89096622f0d17662.jpg,b9c3dccc8393c472,Miranda Hair Color MC - 7  Flowerinese Red 30 ML,2854949283,Sắc đẹp
train_2143789996,74aff1d64ef6b7899985708946cc978b.jpg,bae8d21be64e420f,van belt vbelt v-belt vanbelt set xeon rc gt 125 eagle eye asli ori aspira YH-E76PA-XEO-1200,1397230201,Phụ kiện thời trang
train_1308883890,b2b904bedccbc629a4626b9207160150.jpg,ea43917cccae8566,Lap Microfiber Serbaguna Honaga Promo Murah Berkualitas 40 cm x 40 cm 320 GSM,1087160369,Phụ kiện thời trang
train_2949303392,5ed7c652f258358a5b7b3f3d50bccd1e.jpg,ec3993c687669239,Klairs Supple Preparation Facial Toner 30ml Original Korea,2463157749,Sắc đẹp
train_1137495971,91e81c71ca14efdcd37877b9516c2924.jpg,b6af077178c0cb46,Travel Bag Dewasa / Koper Besar Kanvas Selempang Multifungsi,2843717814,Phụ kiện thời trang
train_1761296074,23ce01214d120db4695f4890c407f5cf.jpg,c6e37bd54d4c3448,Sweater Tagline Tebal Hoodie Bordir knitt.id,4104210108,Thời trang
train_2445211848,a37913e0e64c39b2bd811ebae0a7823c.jpg,ab960db704dc2bd4,Garnier Light Complete White Speed Serum Day Cream Extra SPF 36/PA+++ Skin Care - 50 ml,2725797685,Sắc đẹp
train_1613478705,478d799c567721e30d9c40cbdf4704d9.jpg,bf8d6a922d6c9093,Paket Marugoto Bahasa dan Kebudayaan Jepang Pemula A2-1 Pemahaman & Aktivitas \xe3\x81\x8b\xe3\x81\xa4\xe3\x81\xa9\xe3\x81\x86,4253839258,Phụ kiện thời trang
train_4266395532,8d22095ba6f974c4999aef73d0e0cf00.jpg,ec93916c9b0e9b64,KEYGLOW Magic Acne,4183511399,Sắc đẹp
train_3223775391,782fcfe7909cb3cdefcd88d42f82b90a.jpg,bc8693c98c69dc35,NEW STRINGBAG KPOP / EXO / BTS / SEVENTEEN / WANNAONE / TAS SERUT [BAYAR DI TEMPAT] SABLON DRILL,1702933755,Phụ kiện thời trang
train_2713588832,e7e12b9907c00b016834fe7d6ce3a1e4.jpg,d091c6cdea309bc7,Holder bunga Fleksibel Magic suction cup mobile phone bracket,452508504,Điện tử
train_2802508243,18652db83e0c891fb2d7c3539f710192.jpg,bfc3684ec5589c94,LEMARI PLASTIK SUSUN 3 KUNCI CLUB GRAND MINI,1687595158,Thực phẩm & Đồ uống
train_4054725154,b2eb952c0b3b13a3938618dc061bf86a.jpg,da0440a3b9f9fe4c,Makanan Kucing Basah Sachet Life Cat Pouch Kitten Adult 85gr Tuna / 85 gr Wet Salmon No Whiskas,2601372504,Thực phẩm & Đồ uống
train_913343891,afdf03e197e201704e4a1e1b6e84979f.jpg,889d41d572722d5f,Selimut KINTAKUN Micro Flannel 160x200 queen - SPONGEBOB MARQUE SS MAGICAL ZOO,3234804620,Điện tử
train_465253690,f4c430ce939161f829aa70456f62e9a0.jpg,d356d3d67c2c0b21,SALSA DYNAMATTE LIP CREAM (MATTE LIP CREAM) 5GR,1201602115,Sắc đẹp
train_1519857078,dcae9bd729e88115761cfe862b5e674e.jpg,856e9e9a3e61c49c,Masker kain / masker pitta / masker non medis / masker scuba / masker murah / masker anak,387119468,Sắc đẹp
train_4076539821,690cd5c50e0c40ac358de463e6a5f639.jpg,f282588b5d8dad35,NIVEA Extra White Night Nourish Serum 180 ml,1666545703,Sắc đẹp
train_2089860996,a147d52f66546f50a65c125237168dd6.jpg,993ce245cc5329bd,Serum  luminous ms glow,2092002172,Sắc đẹp
train_2046420703,1f09895664d093189ed753a2a6951230.jpg,afb4c2837d6cc143,sling bag pria distro polos naon brand,3557223342,Phụ kiện thời trang
train_3338374613,3974615fd2c0d6143b136e2dc335eaab.jpg,e238986367b4a7c5,Twotone Mini Tas Slempang Polos Kombinasi Polos Sling Bag,517260836,Phụ kiện thời trang
train_836011677,d4148d0e6919c0eab127fa4638e9ea10.jpg,b43063c367c9c76c,GOON Smile Baby Night Pants [XL] Isi 26,4280488032,Mẹ & Bé
train_2239947792,af5fa9e1e52550a95fd685f381154566.jpg,b44f83a4e674d256,Sahara Drink Jar Lion Star Murah,3089782644,Thực phẩm & Đồ uống
train_187818828,f0655e534a12aa7f5c27219efe63feb6.jpg,9f467a85877c881d,( RIC ) Sikat Sabun Serba Guna,1117688849,Sắc đẹp
train_3275625316,0bb013ba24a21a4d392b5790c8db3dbc.jpg,cfa033c845d3ea0f,HELM BOGO POLOS KACA DATAR BUSA TEBAL,3242646592,Nhà cửa & Đời sống
train_589283887,aafcfe13757d9ef5649136983654ee5d.jpg,be9ce3699eb40a42,Celana Brief Seamless Mewah Low Waist Bahan Lace,2646594309,Thời trang
train_2055966190,c82a305cacb3d350c48dd9b66ca0625f.jpg,cdee3bc0b094d994,Jilbab Anak Syria 2 Bunga usia 0-3 Tahun Premium,3003147195,Mẹ & Bé
train_3798478612,f0fe006e0a08336909c0f45a13ac4fc0.jpg,a2c0911d5a77e96e,Sendok Garpu Sumpit spoon travel Portable set makan korea tupperware tempat makan kitchen dapur Q15,3379486410,Điện tử
train_4287026954,41bfd613964ea7e121ed0e1def8c00b2.jpg,f0bd83c29bcb8992,TRK Baju Muslim Kurta Kaos Polos Pria,1615893885,Thời trang
train_250257586,849068891070c7a6813c9082d4b57799.jpg,ba91c3933c1ac36e,Usb Bluetooth Receiver Music + Call Audio Receiver Plug & Play Adapter,1464918567,Điện tử
train_134811928,a88960c0171079ebfe4afd424bfae224.jpg,ff6ae891814b8527,BABYMOOV LOVENEST PLUS,3385654365,Mẹ & Bé
train_1906548158,3f52604b4446392de6d02a92a1e8657e.jpg,ed9ac2e58536146d,BABY TOOTH TEETHER / GIGITAN BAYI MODEL BUAH /BABY SILICONE TEETHER/ BABY FRUITS TEETHER,3326267479,Mẹ & Bé
train_1519424603,d2d5c862869adb306aae79ccfc1d2822.jpg,fec2d0b40f98b591,REAL PICT ! LV TABUNG SLING BAG TAS IMPORT TAS BATAM TERMURAH,1167470544,Phụ kiện thời trang
train_2968455490,d39a8335c02b3e6e4954754a876e8b95.jpg,ba6e91978c918e96,Handsfree Headset JBL Earphone  Super Bass Handset Handsfree JBL,713924350,Điện tử
train_419821150,67e0aec74d7c925c8242bc086b4541a3.jpg,95e17af55214aa95,SARUNG TANGAN CUCI PIRING BERSIH KAIN ANTI MINYAK ANTI AIR SPON CUCI PIRING PRAKTIS TERMURAH,3170475874,Phụ kiện thời trang
train_2786320685,82c37ec07197e09a93c7571a142c5666.jpg,a2b45fc98c86786d,Sepatu badminton Flypower Losari 03 new 2020,3283497182,Phụ kiện thời trang
train_515679748,e2f1134c1f682cd38acc8bc830f6867c.jpg,e22e588ddaa5526b,NM023 Payung Lipat Anti UV Matahari Hujan Payung Kubah Ajaib Motif Bunga,2389001198,Sức khỏe
train_1380291242,b1a0f9f1628d24d4ed393725a6344d86.jpg,9f1f88e1e1e1e10e,(We) Botol Kosong Bahan Plastik Transparan Kapasitas 5/10/30/60/100ml Portabel Untuk Parfum/Travel,3960232661,Phụ kiện thời trang
train_1699149769,f72f7fea6c988ad1f9fc365caf2900b2.jpg,ade030c3931bcd3d,Blackmores Kids Fruity Fishies 30s,1907964787,Mẹ & Bé
train_784212692,12661a8bef3d2fdff40c8e4717779ee4.jpg,9124fbdaec9d1126,Tali pengikat empeng bayi,46287381,Mẹ & Bé
train_327045414,5add5b60c7039e32e1317d32134a92c7.jpg,f9840437761dc3d6,Obat Haid Tidak Teratur - Haid Tidak Lancar - Sehat Wanita 100% Alami & Berkhasiat ( BISA COD ),3115178543,Sức khỏe
train_1361138247,8aa4590d606acd88a999d26c96037b1a.jpg,bc30e3c2c7c99a3c,GOON Smile Baby Night Pants [M] Isi 34,119219531,Mẹ & Bé
train_3880539643,589a169b349d705a0697965020ebdb82.jpg,9e078507a52f639d,AONEZ 4Pcs Jerami gandum Wheat straw Alat Makan Sendok Garpu Sumpit /Set Travel Cutlery 4 colors,383745941,Nhà cửa & Đời sống
train_2511894482,af7f592a45a3e810d04a2fe7911aac94.jpg,c70cc074d8f8db27,"GROSIR Teh celup jati cina,obat diet, pelangsing badan alami,peluntur lemak",3173716369,Sức khỏe
train_368733761,adc971daa0032e464190521b07e76869.jpg,fa918e956a38a58d,"STELLA Matic REFILL 225ml Pengharum Ruangan Wild Flower, Spring Garden, Orange Twist, Green Fantasy",3775010805,Phụ kiện thời trang
train_4264799018,eb113f73ed12761aa2d3d3a69eb2e7e7.jpg,ade2c015de7899ac,SANDAL ANAK JELLY FROZEN BUNGA TIGA1423-A,3097788050,Phụ kiện thời trang
train_3140563840,473e4bd2a60d395fa6ac2f28f79ee932.jpg,b6c6cd3d8b61d224,GAMIS BUSUI REMPEL BAWAH,978062057,Thời trang
train_4040109767,3aa9ce36df5c742712c29a9b45a7cda4.jpg,b0339bcb8a6ccc6c,The X Woof Basic Tas Ransel Sepatu Olahraga Tpack-Xmi 1.0 Grey Blue,3615113499,Phụ kiện thời trang
train_3919972373,550aa6a8f5bba486a98ce3e46ce596b3.jpg,b8393992968d97a5,SEPATU SPORT PRIA NIKE PRO,2294663387,Phụ kiện thời trang
train_2324634223,bc215ce4d1ff872becb707e58b056e57.jpg,ae8bc212a51e1d3f,Kabel Data Robot RDM100S Data Cable Micro 2A White,3965564025,Điện tử
train_418664845,6e740a94ea0bd036e8d8a55d493fd39d.jpg,e9434bb9b92d0d2c,[Bayar Di Tempat]Silmat/ Alas Giling Adonan Silikon Tatakan Baking Fondant Kue Roti Mat,1329595637,Gia dụng
train_86688747,bcb8b00746e8a2392601f3960175f40f.jpg,b9c49342a7e9d0ab,Mukena Dewasa Polos Mutiara Daisy,646852957,Thời trang
train_579594106,16c38ded44370ac6c408da180b73d4f1.jpg,9fc0ec170a1de32d,MINI PORTABLE PRINTER PPOB/KASIR 58MM THERMAL ZJIANG ZJ-5809 UPGRADE ZJ-5802 (USB+BLUETOOTH),3790388427,Điện tử
train_2762353219,cb1c6e8f6c20d571b59f2f8ec48322e3.jpg,a9c376c2f304057f,ERTOS MASKER JERAWAT / ERTOS ANTI ACNE MASK,37409772,Sắc đẹp
train_373439226,87d9eaf769a73e87506be886e11fc2a1.jpg,af96c06b3f359842,Porto Sepatu Sneakers Sports Pria AA001M Size 39-43,1206386793,Phụ kiện thời trang
train_2083102907,fe245442e10e66ed020623ef9768a8c1.jpg,bf35c0ca2725989e,KACAMATA MURAH OVAL FRAME GAGANG BESI 464,990609101,Phụ kiện thời trang
train_1302774700,ed223362151dc3e5357a7943b9ab537a.jpg,9ce1ead4d21aa53c,\xe2\x98\x80GUDANG666\xe2\x98\x80 [SEPASANG] Sarung Tangan R46 Cuci Piring Dapur Sarung Tangan Pembersih Tahan Air,3170475874,Phụ kiện thời trang
train_2962272674,00a8d112066ea78e33d5ef987091a6b4.jpg,ebe19ec4d31ea103,Set Boneka Jari Binatang Hewan Finget Puppet Mainan Edukasi Anak Bayi Balita PAUD Alat Mendongeng,1896239564,Nhà cửa & Đời sống
train_683001143,b8023f920ffc02edcda5fa7c63beb4e6.jpg,bbb9c446e2692f18,"Ready chino pants anak size 2,3,4,5,6Y",322841339,Mẹ & Bé
train_1047742962,599f32d983bddfc5183d97b68f1c170f.jpg,ad39c1c69398b6c9,Chil Kid Gold 800gr (2x400gr) Madu/Vanilla,1632207687,Sức khỏe
train_3202990929,e2f928487f830e567819f75db45c99f0.jpg,aad736a44bd93684,ANQI 1988 Impulse Sealer /Mmesin Pres Plastik Alat Perekat Plastik Murah / XIF 20cm-30cm,2225683072,Nhà cửa & Đời sống
train_530367509,ba8f1dbfaafd4f4b5b9b9d35e0edc6f3.jpg,bcc3c45233bccc39,BEST SELLER PUSAT GROSIR MUKENA ANAK MY MELODY FLANEL (TAS RANSEL),888065430,Phụ kiện thời trang
train_3451393883,dd44f57e609dec6477ab5b176e385c28.jpg,ee6e9933181963c6,Boneka Hello Kitty Topi SNI,1647718972,Mẹ & Bé
train_2174376851,3aeaba1786c9aeb80147593ebfb667ea.jpg,bac4c53a34e51b9a,Teri Oven Bu Rudy,3330386853,Gia dụng
train_1966121440,9a531837710fd246fb7ed019ae233a49.jpg,ae4e9391a1b1ccce,[Bayar Di Tempat]Kreatif Sederhana Multifungsi Garlic Ginger Grinder Perangkat Peralatan Dapur,683092869,Nhà cửa & Đời sống
train_3179575606,78650806af1116c540cfaef398aa003a.jpg,c07ffe80be74801e,Outdoor Quicdraw Carabiner Buckle Hanging Aluminium | Gantungan Tas,1630756483,Phụ kiện thời trang
train_3889833190,a2340a8aa253aee66526343bf5ad2097.jpg,fb2a88b784f48749,DZIKIR PAGI & PETANG DAN SESUDAH SHALAT FARDHU 09X14 (SAKU),4018561560,Nhà cửa & Đời sống
train_4105545198,eb7b6a934bd3adc804ef06ede3f04b28.jpg,c148ed232abf1e8e,M.A | PROMO FLASH SALE | Mecca Syari Size S M L XL | Dress | Gamis | Maxi | Terbaru | Baju Terlaris,1019858566,Thời trang
train_841014828,a16a8bd43f841035da20089addfff2dc.jpg,edcf8f52c720f028,Paperbag polos coklat ukuran 25x10x35 paperbag coklat 25x10x35 MINIMAL ORDER 12pcs dan kelipatan 12,1829782350,Phụ kiện thời trang
train_2294723852,9141ddab9fee41f392e56dbbb35ed745.jpg,edcbd2b4341c9661,Sudocrem Baby Care Cream Sudocream Krim Bayi Serbaguna,2399065173,Phụ kiện thời trang
train_1550866121,700d2305491d6de8cf28f1c478c2a5f3.jpg,c2e24bd51a7a6a65,Makanan Kucing Excel 500Gram MURAH,2618339302,Thực phẩm & Đồ uống
train_857485163,48529f02daec86b8b689151160b0eeb7.jpg,e992164b259636ed,MIXER / STANDING MIXER PHILIPS HR1559 / HR 1559 / HR-1559 [STAND MIXER] (GARANSI RESMI),1955022624,Gia dụng
train_1877018386,52f3564942e7233e4cd897bca6c54d94.jpg,91f104700fc75f8f,KERANJANG BAJU KOTOR LAUNDRY KOTAK MODEL RAK BASKET MOTIF,3154522271,Nhà cửa & Đời sống
train_175806026,832ff1fcedd866d62a6baa907f0eafcb.jpg,ec1d97e468588d96,Porto Sepatu Sports Sneaker Anak Unisex AA002B Size 31-35,1483666863,Phụ kiện thời trang
train_4223951707,2c1b3c6367d3733bfc81784243db107c.jpg,f1664e934b314c9e,PASHMINA SABYAN POLOS DIAMOND,165128572,Thời trang
train_2859466731,544ea45f27ce6722eb5d88dcaf0d5e26.jpg,ba3856e6d92b1703,Tas tweely Pumpkin,2153586580,Phụ kiện thời trang
train_1739433013,2956442026d96de3fa1dc52b311e9aa2.jpg,ea9594dac3399586,TASBIH KAYU 33 BUTIR / OLEH OLEH HAJI / SOUVENIR HAJI UMROH MURAH,66470530,Phụ kiện thời trang
train_3198137791,f493b6bbc3bc0186caebf1a930b1aaf5.jpg,afcc9133ec4b5813,SANDAL TEPLEK KO 09,4214786091,Phụ kiện thời trang
train_1670079968,ef4604fc0038e0f1d318b77422faf0b9.jpg,d66d229679c2c95c,Pharmaskin Paket whitening glowing series by farmacy skincare,267914218,Sắc đẹp
train_3247604450,137caa8780e7137af0871405d0926a51.jpg,bf3cc0d9e6e64482,YEGZ EYELASH KODE HW-08 / isi 5 pasang BULU MATA PALSU / ZOOMSTAR,1664263101,Sức khỏe
train_2189225264,859e7ee8eb68f32eb7cd13feef0cf236.jpg,84563f696135c79a,Jam tangan Wanita analog GARANSI HARGA TERMURAH Jam Tangan Wanita Fashion,777596345,Phụ kiện thời trang
train_2510765797,ddb5aeb71463d039fe4ded9b95d3316d.jpg,edd616d44bf40ca1,Cosmos Rice Cooker Harmond SPEKTRUM CRJ-6288 Green - 2 L,1131724280,Gia dụng
train_4156734436,6e621e0f4f974477ab35bc18098ed5eb.jpg,bf38f0e08397c712,MichelleStore Sweater Hoodie Wanita WHO Printing,3415582503,Thời trang
train_889599049,8dea48b01f4b3af334457f1f43b68c98.jpg,bedcf6608023e746,Tas Selempang Hobo Animal,1721824204,Phụ kiện thời trang
train_3203070291,4a79e73d18f4e35dea82412c80151965.jpg,c9cc3f87d03c1c53,Aida Kids | Baju Gamis Muslim Anak | Fashion Anak,3351412170,Mẹ & Bé
train_3793111673,71c60c320c8aeae402bb6ed28d90f539.jpg,fc85a4d383ccc647,makanan kucing Bolt Tuna Kemasan  repack 1kg,3146421945,Thực phẩm & Đồ uống
train_3978871475,cf7c3056361923f0598712dd19c2565c.jpg,fbd60cb50d69944a,[BEAUTY STORE] ALANA MAXI matt MOSCREPE HQ size S M L XL busana muslim stylish,2932987408,Sắc đẹp
train_2089782657,4cc4103801d417e0d7aa1a9d822f3e0c.jpg,c69b248b263f7316,Kerudung Anak kriwil karet usia 3-6 th all size,2255270710,Mẹ & Bé
train_2839236953,7ea7b3f80ae5d2a088236dd6e32a24be.jpg,ce4ab924a9a996b5,Lampu Neon USB Strip LED 22 cm Ruang Belajar Kerja Tidur Dapur Meja Rumah 22cm,103904272,Điện tử
train_2299461686,b1ddfd869adff885b61a2fc1c49104f8.jpg,b169cdc6c6c9c331,Lagi Probation : Menikmati Perjalanan Mencari Kerja,3173071687,Sức khỏe
train_4109938236,ca30d6e848701f196b308e39be2bb223.jpg,fea9c12535c05e56,Bucket Hat Polos I Topi Bahan Kanvas I Bucket Hat KPOP,821474700,Gia dụng
train_2249942478,8c108fa5294b84d366b0ab5835c017cf.jpg,f97929412a8e9e96,Handuk baju kimono,2845176350,Thời trang
train_241440525,c739a327dbeca472089a5195e898cce4.jpg,ba96cc48cc63c56b,"Anti crack soft jelly Samsung A3 2017,A5 2017,A5 2018,A7 2017, A7 2018, A8 2018,A9 2018,A2 Core,A710",3717044186,Nhà cửa & Đời sống
train_3457091023,6a6fa34292695c937555e2513678ed9b.jpg,eb979468530b2cb6,Taplak Meja Plastik Polos / Plastic Table Cover Polos,2227917026,Thời trang
train_351890215,ba1ba8ad720d2f78e6c8494991fb20e3.jpg,ef7a7c37cae080c0,Sedotan sendok stainless / sendok teh unik / sendok kopi / sedotan set,570708646,Thực phẩm & Đồ uống
train_605133466,1ac23d0bca22d49dce75da46d17edb6d.jpg,a3916eb34e9328f1,Jilbab ZAQIA SPORTY MASKER Original Shakina Hijab,1808750350,Sắc đẹp
train_1059599285,954f1d2b68461dd6f3578e663821a3c0.jpg,bb4cc4b1c3963c6c,7-Day / 7Day / 7 Day Slim Original / Jamin Original 100%,1877070886,Sức khỏe
train_3089241236,e3b4a5813214de2d0ef96cd9b3311898.jpg,aa4f52646d5bd270,Nutribaby royal 1 dan 2 (Ready),354095452,Mẹ & Bé
train_119714892,ffec183c8e5999cc11d090621a557496.jpg,bcd7c2695d38d502,Kurma Date Crown Khalas | Date Crown Lulu | Kurma Khalas Premium 1 Kg Original,3401626522,Thực phẩm & Đồ uống
train_2096461684,b106fafd3059190c85f1867e64ef1da0.jpg,9fc6f0f0c6b1f030,HANDAIYAN matte matte lipstik Abadi pelembab lip balm Pelembab lipstik matte beludru,3215053587,Sắc đẹp
train_1041715554,9fd5f06a3893fd142f9a87ab2c40b9fb.jpg,b3cdcc328ccd3326,SCARLETT WHITENING ACNE SERUM - SERUM JERAWAT SCARLETT,1163569239,Sắc đẹp
train_131796873,c99b9a9714e58dd042e2ad9ea24c7625.jpg,fec0c1d84239cf4b,XX SETELAN HALLOW /SETELAN MICKEY MOUSE/ BAJU TIDUR / SETELAN WANITA,4258787333,Điện tử
train_1488450684,2217cd314034d545ff7688b2e93c0cb0.jpg,bfc2d03968c0b3e6,EXPO CHATRAMUE Thai tea Greentea Combo 4 - isi 4 bks,2230820771,Thực phẩm & Đồ uống
train_3272832598,1502b62de734fc9f6c7f06be1e70c853.jpg,dc6452c3dc19ada3,Kemeja Pria Big size Jumbo Besar Formal Casual Trendi Hitam Navy maron Sof,4259671281,Thời trang
train_3308336522,a5950d7ae953a77d9fcbc1587d37718a.jpg,daaaa6866571f4a2,Masker Kain HeadLoop Hijab NonHijab Murah Grosir,2081817879,Sắc đẹp
train_2707442425,9776a32909ffd15e4d875a18ac1765e3.jpg,b28ccd23329bcf34,BAJU ANAK SWEATER Clock Elephant 1 - 8 Tahun MAXKENZO Baju Anak BerKualitas,4128979858,Phụ kiện thời trang
train_204890573,7e553ecd213c5666bb0b1e9d20f8373a.jpg,e68ece9399649323,JAS HUJAN ANAK 3-7 TAHUN  / JAS HUJAN KIDO FREE TAS / MANTEL MURAH KIDDO JAKET CELANA MOTIF LUCU,558088884,Phụ kiện thời trang
train_4255342732,0d3f7ce032045c711573e57fe25267a3.jpg,eaa5d2a5522d2dd2,Apple 61W USB C Power Adapter,3637565297,Điện tử
train_3560168845,f976551c2d0423889e4db7338e219f82.jpg,b55de30788d78d60,BERGO MARIAM  HARGA SUPEE MURAAAH.....!!!HIJAB MARIAM /HIJAB BERGO TALI /KHIMAR TALI/KHIMAR MINI,529859784,Thời trang
train_1915993360,1dd8159c80635739039592479528e21b.jpg,e1893e2e2a4a3fe4,Ring Light Selfie LED / Lampu Selfie Bulat Untuk Kamera Camera HP Flash Charm Eyes,2259957740,Nhà cửa & Đời sống
train_3542847405,60ba9bdfc7ae8751e208dab612c43585.jpg,bee08472c0376bb3,TAS HAPPY BQ1681 SELEMPANG MINI WANITA IMPORT B3369 LT1167 FB4478 DC2537 EL273 GT1215 CR7073,2176913327,Phụ kiện thời trang
train_3723010701,faf4a6be883830dc13dea37a2ad8df2e.jpg,e9940acbf4e41f29,Masker wajah shining masker arang Peel Off Charcoal Mask By Shining,607127945,Sắc đẹp
train_199778191,a2385d346ae75957fb084036cdf7d6e7.jpg,c590d82f3ab06f9a,[IMPOR] FOREVER YOUNG - D1238 Tas Ransel Punggung Sport Backpack UNISEX,1221416124,Phụ kiện thời trang
train_528702544,3eaec8429cdbfc2ae4a244932816e5f8.jpg,acbeb7d0c8c2c9c4,JAM TANGAN GST 8600,874403178,Phụ kiện thời trang
train_3292474029,b920ba9210b356572922244413d39c34.jpg,b3cc5e53a41aec62,Headset/Handsfree Samsung 100% Original Copotan,37526516,Điện tử
train_574318451,21d738e6bed1ae469aa372e57bf5d837.jpg,accb2e369324db38,Sikat Botol susu Bayi 2in1 NINIO Sikat Spon pembersih botol susu bayi,1659847084,Thực phẩm & Đồ uống
train_3737300062,577f20e60492ba56b0214d70d04ed264.jpg,b149ca363ccdd332,Lion Star Jepitan Baju / Laundry Clips 01 (20 Pcs),1702554643,Thời trang
train_3874240597,2ecdfea9f5254c5eea1985ab265adc17.jpg,cc4c494d36b48f3b,DN05- SANDAL KOREA GN,2394683923,Phụ kiện thời trang
train_1262569303,bc0ea8e107ee33e6907bcc701c94dfbb.jpg,b93bc2d096cc8d6a,FUJIMA FACESHIELD & FACESHIELD NAGITA / FACESHIELD KACAMATA,3941778140,Phụ kiện thời trang
train_3670469274,19749e04a4d121560968829e1c9b99a2.jpg,ea929729e0669b4d,MASKER ORGANIK YOURA OAT PREMIUM MASK 15GR,3979333992,Sắc đẹp
train_498671796,1d10cc97303c011f9694825e8e8272f2.jpg,fa95856a31874ab9,Lampu Tembak Lampu Kabut Lampu sorot Lampu Tambahan LED RTD E03 Original,3722315479,Nhà cửa & Đời sống
train_3260959403,aa23896b2432c6ae4c6414d91a5f2047.jpg,bfddc0770ce03660,SAMSUNG GALAXY T295 TAB A 2019 2/32GB GARANSI RESMI PROMO MURAH,2573626714,Điện tử
train_3333560467,e9f70d62e96ef24090e799c7d09bfcce.jpg,e68a9ea599719ca4,GAMIS POKITA MAXY MOSCREPE,2685099437,Thời trang
train_3889608726,86a562c6f8fc16f2bd972eb4cdf7b656.jpg,bfb4d350c8c2c9cc,JAM TANGAN IRON WATCH,874403178,Phụ kiện thời trang
train_1729009042,8204a9c7dbc44674d74f3d825a2f6269.jpg,a586492db24d65db,"Timbangan Digital, Timbangan Dapur, Peralatan Dapur",1434986601,Nhà cửa & Đời sống
train_936529335,8183f96cf99ec07a340da3c00c2285c4.jpg,afb6d04d904bb6e0,USB Bluetooth Audio Receiver Wireless with Mic Music Reveiver,1222676928,Điện tử
train_797504621,a7292cd14819c40c2c75cb0e01d1a933.jpg,e51c9a3098cece9b,PROMO Kunci L Panjang SET 9 Pcs ,522124087,Nhà cửa & Đời sống
train_1723452712,65e68552ebb76b04d2825accdd0ccabb.jpg,beb4c0e3071db8e8,Sikat Spons Alat Pencuci Piring Rumah Tangga TERMURAH,947551568,Nhà cửa & Đời sống
train_3551356580,ee6e07e4cf4d8882baeb7996c31d5476.jpg,bd21d2c2c3c66d2d,Tes Hamil Onemed Per Strip,2999794436,Nhà cửa & Đời sống
train_3006556371,885bd4ff28cf07452fd71c8991ac93e1.jpg,b3cecd33cc318c64,AVOSKIN  Miraculous Retinol Toner 100Ml,1268201436,Sắc đẹp
train_2012243514,86b4478bed552daaed7e0803f6a1377a.jpg,b327cc3333c98d32,PARFUM KOPI BALI botol apel-black coffe pewangi mobil ruangan,4086765071,Thực phẩm & Đồ uống
train_4076475123,c735d7d2d7b03a5c8b533802feff2799.jpg,9fe0e00ff01ee638,Foto Selfie?? Lighting Lampu Flash Penambah Cahaya saat Berfoto / Video - Bentuk Ring (USB Charge),2259957740,Nhà cửa & Đời sống
train_1689573581,8678545680ebffab495ab4d998fa5e36.jpg,df86c0a8d26cb31d,[ ECER ] LIPTINT SASIMI LINE KARAKTER,3783900790,Nhà cửa & Đời sống
train_1562459247,dfceed0842c3308f5d7b7fbe4521c667.jpg,ba33350778d887b4,Trend-[30gr] OTG Micro/Mikro USB Non Kabel - Konektor Mikro to USB Female,612013449,Điện tử
train_1235408031,3608c0ab974ff2cdc920239771d02a2e.jpg,ccccc3cb83333333,Sweater cowok | HANDLE HOODIE | sweater hoodie / sweater murah / sweater korea / sweater cewek,3202491002,Thời trang
train_64979366,27ae1ae4647e1f07994999600680cd85.jpg,a5f28e46da09ce6c,Blackmores Bio C 1000 mg 90 Tablet,347508552,Sức khỏe
train_2472857071,6c6fa7e1f372d4ad912709363ace9efb.jpg,aee19168679fc0e8,Jean.edutoys Maze prewriting magic line | motorik halus | montessori | mainan paud tk | menulis,3424223163,Nhà cửa & Đời sống
train_2221426567,40bc9dbc99b9459d7d5cfdd55bf157f4.jpg,e66e189052d973d5,LS 293 - Alat Penghalus Bawang / Parutan Bawang,290747084,Nhà cửa & Đời sống
train_1344439218,a7a48ccfcea68050a19f468fb0ae5a93.jpg,bcf4c16a91b9894b,Sarung celana jokowi | celana sarung bin affan | sarung tenun wayang,3017519116,Thời trang
train_2252301403,abb1c2d3d80635aac8ae2486e02bd3ec.jpg,fa859462c5e3cc9c,CARDIGAN WANITA - LUNA CARDI KNITE - ATASAN WANITA TERMURAH,3300201036,Phụ kiện thời trang
train_4285215036,74e682f610072f5adb396841b1093c2d.jpg,ec9a1b36a4b1326e,Pulpen Karakter Lucu Cute Model Line Character Gepeng Brown Sally Cony Tinta Gel Black MK321,4133724495,Nhà cửa & Đời sống
train_1421979580,9a5dcd1fbcf241ff6d19c38cd54bd8d3.jpg,da2cd8c6c237c1b5,Molto Softener 820ml,1203796264,Thời trang
train_3944560502,98e667fe199ed729de775d770493b0fd.jpg,bc73910d42d46b3d,Rak Shabby KARAKTER 3 Susun,188957038,Thực phẩm & Đồ uống
train_3526771004,f2045555f045033b2578edad9e659aa3.jpg,8fcbe274de88a462,Daster Batik Lengan pendek - Motif Acak / Campur - Leher Kancing (DPT001-00) Batik karakter busui,2453599242,Nhà cửa & Đời sống
train_2830103730,ef21be8d164f82e2f0d76dc1e8d04498.jpg,e6679f9c8000b3bb,SELEMPANG WISUDA BLUDRU RENDA BORDIR KOMPUTER,3489200526,Phụ kiện thời trang
train_983773162,cdcd06a23bd3f447a59b3511e3fd4180.jpg,ba94c74b66ca96c8,Hijab potton watersplash lasercut / jilbab anti air,2146953902,Thời trang
train_1307218788,d2bb411cbc491b829fad704bcb131557.jpg,bfc7c0381fc570a2,Waistbag AS Termurah / Fashion Pria Wanita Termurah,1237550763,Phụ kiện thời trang
train_1031370537,af8e73797fb55e7ad6164c9e3a06180e.jpg,af58c74f60b7b0c0,POKANA 3-ply Headloop Surgical Face Masker Kids - Box isi 30 pcs,4234543015,Sắc đẹp
train_2109927313,198dc6c474f96da1f3ea2f6b6aacaad4.jpg,e5989a6f65107693,LANEIGE Lip Sleeping Mask Berry 3gr 100% Original Korea Pelembab Bibir 4.9,1380466784,Sắc đẹp
train_3974138981,34fa3b2cb2c157c55f42b32a490288f1.jpg,eebce541c349c683,chino pants anak,2388485327,Mẹ & Bé
train_1627017490,b0b58fed21f47b6d58f7a8c00fab02dc.jpg,b5550a0beccb1b3a,Nano Spray 30ml Bisa Dicas Untuk Melembutkan Kulit Wajah - Nano Spray Portabel,3040690230,Sắc đẹp
train_513793522,ecb15a04417385c5239a29a6f12e552b.jpg,fa9275e94b9544c2,GROSIR 1 Lusin CD CELANA DALAM WANITA ESSE,2131121318,Thời trang
train_4183047147,d59a1172c61955d2e6ec9a4327b1f4fa.jpg,e3659a929cc9694d,KHANZAACC CHARGER Foomee CC20 1A (ECER 1 PCS),2874365357,Điện tử
train_3681483068,88502e399de58b65302d9af84b969751.jpg,be418ee1a732195b,MAINAN EDUKASI ANAK RUMAH RUMAHAN MEGAH LUCU / DREAM CASTLE LH4,1967101742,Mẹ & Bé
train_3595686558,ada44daf553ec8f8271c88b17bc33d5c.jpg,b665e17425377470,Deli Isolasi Bening warna kertas putih menjadi tidak terlihat EA30110,3322704189,Phụ kiện thời trang
train_48618955,e3265abc87a95fbc0aa0e74a83fb9b68.jpg,b86d9296c692c99b,Yrama Widya - Buku Sonar Eksplorasi USBN/UNBK SMA/MA untuk IPS 2020,401991387,Điện tử
train_4231297351,3b2012e8faedadb55ab5ce4a55ec8bab.jpg,bdc4c14d7733d403,16PC = 1KG - MG - NEW STYLE 2020 MAGIC WATER BOOK PB 180 BUKU MEWARNAI ANAK - PULPEN TINTA AIR PUTIH,925894523,Nhà cửa & Đời sống
train_2192091656,fe07c9eff3c736fe65e5236092c35edb.jpg,b4c6ce99cb319931,Maybelline Color Sensational Powder-Matte Plumprfct,2824381301,Thể thao & Dã ngoại
train_1056457683,2520620b394bec2b5ae6f8807580dcea.jpg,af59f06693a2ad30,(COD)YONEX LIMITED EDITION TIONGKOK Grade Ori/ SEPATU BADMINTON/SEPATU VOLI/SEPATU RUNNING,963181695,Phụ kiện thời trang
train_949087393,90b515d7ae22575508abefcfa633713f.jpg,fe5280ad3b96e449,KABEL MINI HDMI TO HDMI 1.5M (UTK TABLET / GADGET / ELEKTRONIK LAIN) - merk TREQ,2602533565,Điện tử
train_2661129964,a272dd0f9f3b07162768465fc66642d9.jpg,9229efd0e995c52a,(Ori100%) Ready Stock Maskyourneeds Product 25gram,656698835,Sắc đẹp
train_48285579,a063b3ac5da74aa1ea8293584d30c78f.jpg,b3309c66ccc9cd66,La Tulipe 2 in 1 Acne Pore Cleanser 50g,3634193612,Sắc đẹp
train_3653361744,63ec0d01b5a14065ed426bc4adfcdf3b.jpg,f4d2d203df2ddd00,Tas selempang  selebgram kekinian sling bag OZUKO backpack masa kini termurah tas kantor stylish,1680626217,Phụ kiện thời trang
train_2006218558,2abbfbdad9d36fb83b3550edb224580e.jpg,e978d292d2c5656c,ENBLANC INDIPINK Baby Wipes Tissue Basah Antiseptic Bayi Anak Natural Organic Korea,713416067,Mẹ & Bé
train_2747792400,b991ccaf20c116e6c7da3fd265439688.jpg,bf84cc3bd1683e81,SOHO NAVY - Sepatu Sneakers Pria Santai Kasual Kets Sporty Original Running | FRAZ x FSTP,2592062915,Phụ kiện thời trang
train_450344196,b1b10a56253b19e95d50b48016bad740.jpg,ebe19ec4d31ea103,Boneka jari tangan 10 bh,1896239564,Phụ kiện thời trang
train_990793677,efa5d48ffad128bf62f059f3fd2c6b0f.jpg,ac30254c5a5fe7f0,PULPEN KAPSUL / VITAMIN / PULPEN TERMURAH SOUVENIR PERNIKAHAN / pena kapsul,790291029,Sức khỏe
train_2256284311,4fb7107354b1c87fe53ec55a1e83e6a5.jpg,b9cec633388c39c3,Acnes spot care 12gr,87797993,Sắc đẹp
train_1256813925,78126062c337b48aea30fc717e364a73.jpg,fba0d88cc1c7c4b5,SS COLLECTION - Topi Kupluk Rajut Bayi Telinga Milk/ Topi Kupluk Unisex /Kupluk Keren,3068294096,Thực phẩm & Đồ uống
train_445817771,2f639af50c46ba91d80a198aea6b8ff5.jpg,e4649b9b6565a694,Wardah Nature Daily Milky Oat Exfoliating Scrub Capsule Mask,696054971,Thực phẩm & Đồ uống
train_2053257937,745599a37121c7b9343c3a44b3b88ee5.jpg,ac879785d17a4786,[Shiyan] mainan gelang tembakan anak pahlawan berkarakter pahlawan bahan plastik aman 1 kg 25 pcs,544819915,Mẹ & Bé
train_606937492,891005c8734ec10a0a51b1ec780f0838.jpg,bb3aca4ab59495a4,CELANA CHINO PENDEK PRIA AQA17 ORIGINAL,3980069326,Thời trang
train_2802015964,d49900205724e08018b719fabe953f8e.jpg,b3cf3ccf18c38c30,ROBOT Powerbank fan kipas original RT-BF07 BF07 - BLUE - 2000 mAh,351551078,Điện tử
train_3408137259,e773c3952b2b004f37bf8162e0f2f7a1.jpg,dfeba084a2361d8b,Keju KIRI With Fresh Cream isi 6pcs,1800175299,Sắc đẹp
train_632143575,c0cf0c15f521935ffe3107a1f8a310b4.jpg,cea9bdd7e0924268,Sepatu Pria Boots Safety Caterpillar Argon MBC Ujung Besi Kerja Proyek,657171882,Phụ kiện thời trang
train_1068890071,cfcb374a1b8efcf7f4a02d58cb389f68.jpg,e24b9df0d0b5ca0e,Kamera Web Webcam 1080P HD Dengan MIC Untuk Komputer Untuk Laptop PC Skype MSN,3746518024,Điện tử
train_3549038868,e1293683e0f986c872247ca55ff7da6b.jpg,af1e9190e46d9993,Kunci L Bintang Lubang Pendek Set 9 PCS Hex Key Wrench Long Star,2543306391,Nhà cửa & Đời sống
train_346284771,30525b044838c0713879a09cc441aec0.jpg,e7c693450c7cccb1,(xxl pet) KHIMAR PET TALI XXL / JILBAB SYARI,2169544552,Thời trang
train_468751922,d5dbc415d0b84889615391bb2dc441cb.jpg,ffda454958c1c859,Baju Bayi New born Baru Lahir Perempuan Laki-Laki Atasan Bayi Pakaian Bayi Cewek Cowok KBS-01,771300433,Thời trang
train_1164430959,c5e00d1b84705732c036487ed6c18e4c.jpg,bec4de39a55ac1c0,Bantal Pijat 8 Bola Massage Pillow Mobil dan Rumah Car Home Bantal Pijat Leher Punggung Portable,1514327608,Nhà cửa & Đời sống
train_3804601533,37e2f51b0d4d92dd399af18b69b0921d.jpg,e9e1871e9eb89813,[ pabrikan ] SEPATU PRIA CONVERSE ALL STAR LOW CHUCK TAYLOR CLASSIC PREMIUM SIZ 37 38 39 40 41 42 43,696782799,Phụ kiện thời trang
train_3776437086,ab4743e30983b09406a3ba5332f09fc1.jpg,edd23b59d226c512,Y2000 Hair Straightening Smoothing / Pelurus Rambut Set Mini - 125mL x 2,1904283372,Sắc đẹp
train_1607092636,2abc9b13745fdbbe9550792d34cc3939.jpg,e7a6987398cb20d9,FELISHA MIDI DRESS PLISKET BY MY JIVI,4272368458,Thời trang
train_712131030,6bc075401be8aa539ccf76e262ca920f.jpg,f87a87bd68c2812d,GOLDEN GEL Helwa Beautycare,2542004196,Sắc đẹp
train_384628346,f817a6df4cc5137955d8208fff1c0a46.jpg,ead0c51f8569998e,Buds Calming Tummy Rub Cream 30ml,612214045,Sắc đẹp
train_156238926,4b54523181d75723ef5e0c97cd75ba24.jpg,eeb1d1608a1e66ad,10pc Alat Pembersih / Pencuci Mesin Cuci Washing Machine Cleaner Washer  Detergent Effervescent Tablet Washer,1149953435,Nhà cửa & Đời sống
train_461131136,d2c70d203e9773612505867dafa941ac.jpg,f8039c8aad27d3cc,Busa pembersih gelas dan Pembersih botol,2441662411,Nhà cửa & Đời sống
train_106253212,0f0c83ef172acb4ab7913cb030e6e890.jpg,f8589a4ec62f9b30,Sepatu sneakers wanita fashion M,2470037095,Phụ kiện thời trang
train_1220919197,3e03544cf93613804658697988d44da8.jpg,b92d9592d694c6c6,mainan anak BONEKA BAYI SUSAN BISA NYANYI /LOVELY BABY SINGER DOLL,1719174086,Mẹ & Bé
train_3702635125,87b6d4c58e443ceea8f80482d466ceb0.jpg,98b1616e863c5be6,MUKENA KATUN RAYON MELINDA ANAK,1591589417,Mẹ & Bé
train_1379699273,720c2c81d1cb5e4f74d45ee975c209da.jpg,e6269986b3666666,Cif Cream Lemon Pembersih noda dengan mudah 500ml,2296246825,Sắc đẹp
train_1821709565,2f44490d375f4e9a29977dba329f5390.jpg,b89c5663f898e163,Lianhua Qinwen Jiaonang obat herbal China isi 24 BPOM,1099725405,Sức khỏe
train_2648609819,028e44ff8e5cd4f4648818410a3796fa.jpg,ac12feb6c0df8950,Bee123 Kain lap kanebo,821583868,Điện tử
train_1833837149,0de6a2025f7ba94a3df27f2c01fd3d2f.jpg,f03892e14fc62f5a,\xe2\x98\x80INDOLAND\xe2\x98\x80 R108 Kaos Kaki Polos Pria Wanita Bahan Spandek Plus Polyester Fashion Murah Import Batam,1091404026,Thời trang
train_389659505,4c42022b38ca68ab8283d3881b16677e.jpg,b8a9e1448f9e5c5a,\xe3\x80\x90Ele\xe3\x80\x91 Lampu 3 LED Gaya Retro Kuno Untuk Lampu Depan Sepeda,2290062882,Nhà cửa & Đời sống
train_1045278668,71a5f567b2d2ed3b444bffa513f10d36.jpg,b3cc2633cc33cc66,Sapu Manila Hitam Dragon,3024554511,Nhà cửa & Đời sống
train_475846900,a6e266e4a11a0f18be7f23c20dbfe912.jpg,ea72fdff4200c322,CRAYON STATIONARY SET 86 PC ALAT TULIS MENGGAMBAR PENSIL WARNA ART SET,366671785,Nhà cửa & Đời sống
train_2327511459,65c7d924fd9d3ac380cd0a2694132f29.jpg,9bd4d4c4c04ba72f,[TERMURAH] MINYAK TELON MY BABY 145 ML/150 ML PERLINDUNGAN 8 JAM [EXP 2022],3126669761,Mẹ & Bé
train_2015494134,35f65cc4f38c8e8cade411427d8fead0.jpg,b2c2981ac43de737,BABY SAFE 3in1 HIGH CHAIR  HC05 KURSI MAKAN BAYI,1436034108,Sắc đẹp
train_1432266378,13d1470e8b9a22ef2a56a065a7357782.jpg,ee9196e2b1389768,KERUDUNG SEGIEMPAT VOAL PRINTING  SET MASKER (HEAD LOOP),1926374727,Sắc đẹp
train_1031341384,791a7fa40ca8da2f9e4b6af7194ce62d.jpg,db5c3b95a6611c4a,ORI AZZORA Masker Scuba Brokat Jersey Emely Masker Pengantin Hijab Masker Kain Pesta,1595535032,Sắc đẹp
train_2876033769,5b2e853f81ca6dec88fb6b2e98115dd7.jpg,99b9fc00bbc78652,EYE KIDS SWEATER RAJUT ANAK / Baju Rajut Anak / Kaos Rajut Anak / Sweater Rajut Anak Laki Laki,554411564,Thời trang
train_241998394,47d846da8bc89d70816cbab1e83c1347.jpg,dd4c83916e4b9c2d,Masker Kain Anak (Antibacterial dan Antialergic) 1 Lusin ( isi 12 pcs ),2238979942,Sắc đẹp
train_1715965184,16643489d5029d67cbaa527a69514b6e.jpg,afcfe1d0e0360e16,damai fashion jakarta - Rok Plisket / Maxi Skirt Prisket Pleates - konveksi murah,3085681416,Thời trang
train_1864049756,d924e677604edddd414040a9d89e6b77.jpg,a59c9b679a232c9a,Joyko Desk Set Jaring Jala Tempat Alat Tulis Meja Pena DS-17 DS17,2727279155,Nhà cửa & Đời sống
train_3510917760,bd784ff5cd8e8fbf367e3d8807b03c68.jpg,ec9b936dc7317060,Celana Dalam (CD) Wanita Super Soft Merek Sorex 1239,3841870781,Thời trang
train_2925029700,b1149519fe67b118baf15f41115cc207.jpg,fe89422d39a9e952,HUSH PUPPIES RUBBER 38603 - JAM TANGAN WANITA,2395148001,Phụ kiện thời trang
train_2398474256,619b26f9e66eafeb2965eee83bfdf11e.jpg,ae2996e6c1904bbe,MASKER KAIN ( EARLOOP & HEADLOOP RUBBER / 2 ply & bisa diisi filter ) / for unisex,2494171542,Sắc đẹp
train_660894226,a57e9b10bace1bca79fdde675cf602b3.jpg,afa5d02b6ce4c2c3,Stiker Kompor 2 Tungku Motif Tropical Flamingo - KP-FL,2913883506,Gia dụng
train_3064158781,bfe9bd9f1d679cea324d566813137354.jpg,efe835aa34717428,Baju Bayi New born Baru Lahir Perempuan Laki-Laki Atasan Bayi Pakaian Bayi kaos anak KBS-01,771300433,Thời trang
train_4284629906,15e8f1bf3fa5a520b96ecc23e80f4108.jpg,aadc8dd5c2227723,Kaos distro hoodie Pria Wanita Original COD,3241294453,Thời trang
train_1859471506,c65fdbbb67d46f551286c9826e5e52d2.jpg,bb1631e2c48ecda9,Jepang CD imut fashion Undies Celana Dalam Wanita Polos high quality katunimport CD sexy import,3523663637,Thời trang
train_1488209918,ff33dba5a3a35d1aec0cfe2eb247e631.jpg,ef249c5ab513924b,ROBOT RT-CH01 Rotation 360 Degree Holder HP Mobil Android/iPhone - Garansi Resmi 1 Tahun,2397683114,Điện tử
train_1659738670,5b3fa4be043b59f1751ea96c9cf9df20.jpg,ad1fd260d09a2db6,>> Stok Baru << Sprei Katun Jepang Polos Jacquard Kendra Ukuran 180x200 & 160x200 Tinggi 20 ))>>,3042612735,Nhà cửa & Đời sống
train_1021119469,38fe66d563030f69aec504c19b8c9a9e.jpg,c63e2b747849a5d1,Lampu Tumblr / Natal LED / Twinkle Light Dekorasi Rainbow RGB,753964834,Nhà cửa & Đời sống
train_1027285265,b4f558d3c3c0f332f738cffa5f8eb724.jpg,bcd00f64c99f9a91,Baff masker Kain Hitam Polos mask slayer bandana Balaclava Motor,710865862,Nhà cửa & Đời sống
train_1460884664,03b86209a6c8c0c0a5719d308605fdca.jpg,e3189cf3429c17e3,Susu UHT Diamond 125mL (karton),2507341676,Thực phẩm & Đồ uống
train_3645662472,aff9358914d5d1f16f80ee229e8d3e42.jpg,bf26c07bc0cdc1b4,Celana aladin panjang  jumbo / celamis murah/ inner gamis/ aladin murah,3745444660,Thời trang
train_2136316400,4bf4c3e6f92257fadecacb156d7f4998.jpg,cc9b29b565b15646,[BUNDLE ISI 3] LIBBY 3stel Baju / Oblong Kutung Singlet + Celana Pendek,2412428182,Thời trang
train_2081184248,fc042c719828dfccd9e9bda1fe3398c5.jpg,e26d3564f46984cb,SOMEBYMI YUJA NIACIN 30 DAYS MIRACLE BRIGHTENING TONER 150ML,1888726407,Sắc đẹp
train_3461067879,4f25d9246df386a6608b95bfbd6ce5b9.jpg,e398d96666239939,Ortuseight Helios FB Socks (Kaos Kaki Futsal / Bola) - All Black,2219641343,Thời trang
train_2538794536,070bb981adce47ebf9488e7a8a4b7629.jpg,bb62c44cb187b6b1,Diskon  Celana Pendek Chino Pria Premium Quality,3553456838,Thời trang
train_3875880542,aafcfe13757d9ef5649136983654ee5d.jpg,be9ce3699eb40a42,\xe2\x9c\x85COD Celana Dalam Sexy Bahan Lace Breathable Hias Pita Untuk Wanita,2646594309,Thời trang
train_250877577,2371a2c35b5dd48bb07b7763a63793ea.jpg,a530d27adb6102ef,LADIESBAG 106 TAS FASHION WANITA HANDBAG FREE POM2 SELEMPANG,1450672384,Phụ kiện thời trang
train_2920436119,655d72179b4d43e2074eb1c568183b88.jpg,bbfa11ec2f10e701,Tutup Pentil LED Ban Motor Nyala lampu,1575763518,Nhà cửa & Đời sống
train_1395219642,ed56d69d53f19cb295c5d3d46c6f66a6.jpg,bf0dc09c66723e32,Boson Masker Hijab Headloop 3 Ply Isi 40PCS,1868822738,Sắc đẹp
train_3210597218,f2f669d5f2fee62e26ca25b33d7f7b55.jpg,c2520d5327da2edb,(FREE BUBBLE TEBAL + DUS) Nutrini Drink 400gr Nutrinidrink susu gizi buruk penambah berat badan anak,899136538,Thực phẩm & Đồ uống
train_941322764,24f90b4c5c05377d1b1b6da036fc024d.jpg,ac30254c5a5fe7f0,PULPEN KAPSUL / VITAMIN / SOUVENIR PERNIKAHAN / pena kapsul,790291029,Sức khỏe
train_3325457754,d4164b2aff68122b4134c3a63d2982ea.jpg,f2835a876c8da13d,NIVEA Hijab Fresh Deodorant Spray 150ml + Hijab Fresh Whitening Deodorant Roll-On 50ml,2892673176,Thời trang
train_2481347849,ddf4e85bc7220d3e3d34146b9258fd7b.jpg,fc22c64dc26dcb26,SEPATU PRIA SAFTEY CROCODILE ENDURE PVC UJUNG BESI,2738702680,Phụ kiện thời trang
train_1077066684,2cd58c3d4cb9747942e1e75f7ae666c9.jpg,ef2cdcb1c33092c6,Sekai Kipas Angin Meja Performa Tinggi HFN 1060 2 in 1,3460588245,Gia dụng
train_1008048465,da9860631b6661621726427b572fdb03.jpg,c256b5a9da162667,Ponds 100gr Facial Foam White Beauty/Acne/Tone Up/Pure White/Anti Bacterial/Clear Solutions,3727261618,Sắc đẹp
train_1334607875,302503554d6b589d3c3e0970dfb60d8a.jpg,cd0390d1fe28d9d6,Sandal Swallow,3342589544,Phụ kiện thời trang
train_461569087,a673cc690cf914577e675d321d051d64.jpg,be8f618d9c78342c,\xe2\x9d\xa4 RATU \xe2\x9d\xa4 TEH DAUN JATI CINA/TEH JATI CINA HIKMAH HERBAL/TEH PELUNTUR LEMAK/TPL SASHET (\xe2\x9c\x94\xef\xb8\x8fBPOM) (A17),3045290642,Sức khỏe
train_3193058230,49fc8d76fcbf217e4206874e17dbb37a.jpg,ae4bd13bd0cc95c4,CS - Set Pinset Alat Pencet Komedo Jerawat,1082151302,Nhà cửa & Đời sống
train_3204764093,1e04bea88181d1fae278157dad075615.jpg,9b8ce41bc4d835da,SK-C2 Stiker Bubble Kartun 3D Sticker untuk Handphone / Laptop / Dekorasi,1261987196,Điện tử
train_383479006,cb3b81b14ba1e8d50b08f41742b9722a.jpg,e9309ece96693863,NEPIA GENKI TAPE M-64,537224572,Nhà cửa & Đời sống
train_98301593,1899fdf11f08adf82e932cc4fe1edd67.jpg,bbae3919c430c63e,Cable USB OTG,1783253855,Điện tử
train_1456994857,e729528adcfcc4504611928a9288eb60.jpg,d2f2ad6d8c18bb60,Sarung Tangan Plastik Best Quality Isi perbungkus 100pcs/50psg,3484476637,Phụ kiện thời trang
train_4030550476,19d25785364aa466d7fd2cf5fa00b167.jpg,b4ccc3330cb374cd,Masker Medis Biru 3 Ply Earloop isi 10pcs (Plastik Segel Pabrik),3793015156,Sắc đẹp
train_3173439223,be9a76cfe6c1fbf3591747827f862627.jpg,d2129b7c2fcce681,RANGKAIAN BUNGA ARTIFICIAL SEPEDA VESPA MINI BP014,4212614045,Thể thao & Dã ngoại
train_93714656,a66fa661e51b758c572563485f5aa7ba.jpg,edc2853f9e30c21d,Sarung Tangan Half Finger Sepeda Taffsport Gym Ukuran L,3909815607,Thể thao & Dã ngoại
train_3562449986,9c029612094fea7ee8c44c64f4480719.jpg,8e4c93f1cc33d067,celana kolor UNISEX fit to L/XL,1423655715,Thời trang
train_451458562,82fa57b3acbeb0327c8ea49503db6ed8.jpg,add9c6269e429b23,docmart g_tsel /Sepatu Docmart Wanita/sepatu loafers wanita/terlaris/bestseller/[BISA COD],1583657189,Phụ kiện thời trang
train_2420045151,7bad9921382687e445ce26cd1caaa299.jpg,fac48d2db6d20cb4,TU88 Pouch Kosmetik Bunny POMPOM Bahan Bulu Travel Pouch Cosmetic Organizer Kelinci - PBN,4262657,Sắc đẹp
train_2375952912,34a9ff5a502537a17ffafb9474abfceb.jpg,afd0d24b602ff0a6,TONER COLLAGEN PLUS VIT.C & WHITENING 100 ml / COLAGEN,2000035616,Sắc đẹp
train_820534447,99024e6619bba4b57e3057fd16a4326f.jpg,b986c2396d9326d3,Tas selempang wanita#GG 99 VN,3555381443,Phụ kiện thời trang
train_4205038309,8ff1a4a535f10c68b2050989fa62880e.jpg,b7e6f830c969c099,HEADSET JBL XB-450 STEREO EXTRA BASS,1043565100,Điện tử
train_2473971852,637d840be9b28cbfb765123d5235ede0.jpg,be61d884a6bacaa9,(2-5thn) Koko Kurta Anak Kids Size Rysya,2924861831,Mẹ & Bé
train_62874461,f2ee86d153292c3d5b414d24fe02e919.jpg,e4c996969b33986c,Khong Guan Classic Wafer Chocolate 350 gr,1980729470,Thực phẩm & Đồ uống
train_1834178795,8c81fc7f390b2830d926c885f1cfc850.jpg,accadb3599968d42,"New Product, High Quality T-Shirt Pakaian Pria Kaos Polos Kombinasi Keren Kekinian, Int.S.M.L.XL.XXL",51422340,Thời trang
train_2794515317,52a1efe11d5798c069a20b5ea316b548.jpg,bf830384c12b3f6b,Sepatu Pria Walkers Mocasin Casual Santai Formal Kerja Kantor Slip On,2823893370,Phụ kiện thời trang
train_3141874429,7e8602c32c7737d1e5424d11bb5ff736.jpg,f6d25cdc14b301ab,EMINA Bright Stuff for Acne Prone Skin Face Wash 100mL,1980798617,Sắc đẹp
train_3516443611,82b1f17cbf18a257e7a006c50c7e7de2.jpg,b6ac49d629d42f52,Tropee Bebe Candlenut Shampoo - 100mL | Shampo Bayi Kemiri,3994076087,Mẹ & Bé
train_31658947,b4406b3d2ab5cd827a9742e028e04c2c.jpg,aff0930fd0016f96,Paket Saklar Hazard plus Flasher Universal Semua Motor,1732583105,Nhà cửa & Đời sống
train_2338443281,ee1bcca3ae3060b33dff061c2df7f8b5.jpg,c993a7ca34c49d33,(READYSTOCK)GLUTA COLLAGEN SOAP,159351600,Thực phẩm & Đồ uống
train_3127817541,99f2910a3023ab7c9ea9eecb2ca468d9.jpg,bb3e30b12c8dcb64,KIPAS ANGIN LISTRIK JEPIT GSE 600,1479871648,Gia dụng
train_3173256261,c8bb7b7156b5d72b359380e4d62385d3.jpg,b3cc9bccc6328999,TERMURAH Tempat Susu NINIO Travel / Milk Powder Container / Dispenser Susu Bayi BY-607,72036607,Thực phẩm & Đồ uống
train_1400663271,7beeba82bdf7ad208c36ee5edc7e76b0.jpg,e7b6d2c2c99c481e,Promo Cuci Gudang - Handuk Baju Wanita Motif Kartun Lucu (Smart Towel) Korea Murah,3777815423,Thời trang
train_2858380301,bf508514826b90fc940c6b4c07636f39.jpg,d445e5450eba7b46,Panci Listrik Elektrik Plus Steamer Bisa Kukus Goreng,2599759870,Nhà cửa & Đời sống
train_2718867022,69992d83e293b5bf74a5da6ac8685f4d.jpg,e1cc9e33c729c686,Nongshim Sweet Potato Snack 55 gr,325777081,Thực phẩm & Đồ uống
train_2154758897,dcef94c49b9cfa2f668555109b24e53a.jpg,bf9f58981e62611c,StarHome Dispenser Sabun Cair 2 in 1 with Key Lock - Tempat Sabun Cair 2 in 1 - Silver,3195721179,Nhà cửa & Đời sống
train_47124377,c6b6ebc511d0bb8ff3796560ee9efd0b.jpg,ea86613d4ab56c72,Charger iPhone Original 100%,2452818565,Điện tử
train_914088367,68934711fd42c764fc85939b7100a841.jpg,c09b26c6b8350efb,RAB Jam Tangan Jelly Karakter QQ 003 Angka Rubber Transparan / Jam Tangan Wanita Fashion Import,3361848919,Phụ kiện thời trang
train_3842961736,f96015ecbb7edc5c5a1717978f3d91b9.jpg,e1c696986d6d9a92,Comotomo Pink 150ml Single Pack \xe2\x80\x93 Botol Susu Bayi,1420214137,Mẹ & Bé
train_2283023883,a0cb7ee36a17dc2afc5a5e83458ed009.jpg,b38c0c330e8b6ff8,Mi Portable Electric Air Pump,383248791,Điện tử
train_3045738159,92b09a7e3aa14e57e5dd2f39d1364e3b.jpg,bcc987c91af824e9,Alat cukur Rambut ms-5019 /Jinghao / Hair Cliper Jing HAO cukuran,3381145737,Nhà cửa & Đời sống
train_2237731758,8c5da6f67d34f5f132f85c973a5c65e0.jpg,dd8a4d8ace66b270,Stick Touch Lamp - Stick and Click - Lampu Lemari - Lampu Emergency Darurat,3583220000,Nhà cửa & Đời sống
train_4150489284,2cd854a5ce19fc882e4ed7a7fd2604f8.jpg,eae09cd0770ee30e,Lactacyd Baby Cleansing And Moisturizing Sabun Bayi 60ml,1235830581,Sắc đẹp
train_848597085,87c9947e76ece5b20b3aadb4838a2363.jpg,afc09c4b956391b5,SPEAKER  BLUETOOTH JBL J-006 SPEAKER AKTIF CHARGER MINI 3 PLUS,2876907483,Điện tử
train_1044443383,bffcbfc5c94c38952de0c4c091114b3a.jpg,b4c7cb3834c764c9,Vitamin C IPI 50mg 45 Tablet [READY STOCK],1480080250,Sức khỏe
train_1935352089,728139f25913adb7511d5f437e174b6e.jpg,eb949478944f6b94,Juara Snack - MURAH - Sus Coklat GG 2kg / Sus Kering,2864178368,Thực phẩm & Đồ uống
train_1065814110,4d8b8d72868354fa800dd2b1d452e741.jpg,aa06ed94e9c6e0c7,RAK KOSMETIK GANTUNG SERBAGUNA,2097181150,Phụ kiện thời trang
train_1560579155,2fe19395df0c6aae2f5723877ba712fe.jpg,9cbb24f13bc01796,Speedy Chopper [ blender tarik ] [ pusat ],323360512,Gia dụng
train_2309045515,695426bad92ebf883168161f705210f0.jpg,e79c9b632452c66c,Scarlett Whitening Brightly Ever After Serum /  Scarlett Whitening Acne Serum,1163569239,Sắc đẹp
train_1599632573,949c06e94ac4b4a9a3daccf5a2c09de4.jpg,fbd0812f962dd285,(7PC = 1KG) EDUKASI PUZZLE ANAK PB 121 - WOODEN PUZZLE - KNOB PUZZLE - KAYU PUZZLE - BELAJAR ANAK,3205175747,Mẹ & Bé
train_4025540661,2411ccd7b60e953a574902f46e447922.jpg,a53cdec393866638,USB Digital Voice Recorder 8gb + MP3 / Handy Perekam Suara,500894758,Điện tử
train_330917563,e5a8d1a326cbe84946b14375d4d3bfbe.jpg,bb9dc3e1049e3da0,TATA GLOW LUXURY (PAKET PENGELUPASAN) CREAM PEMUTIH WAJAH,3798148356,Sắc đẹp
train_1858504256,ff9ce31c31c3cc4ae6ad41e4683db007.jpg,ea91aef7d43d80c0,kurma palm fruut / palm fruit500gr oryginal,4147939271,Thực phẩm & Đồ uống
train_3712550520,a9b7a2653d9f6f602119e332743712eb.jpg,f351c13ec3f10c36,FASmart FS - FACE SHIELD ANAK KARAKTER BUKA TUTUP / FACE SHIELD MIKA TEBAL 0.4 MM (APD),2223231779,Nhà cửa & Đời sống
train_3590438936,9edf0a89b30c1b7c4591efc87c082c80.jpg,e73790d0ce0d8d39,Oxone Panci Presto OX-2008 - 8L Aluminium,605867768,Nhà cửa & Đời sống
train_1118118251,1071c9048f6228d3e17c250a21b7db6d.jpg,bf1bccc41927930d,USB OTG type C non kabel,3335711423,Điện tử
train_2240426998,f3b43be8d3517d933404635c5f4a6cf5.jpg,a55690fe6b3ca942,Saudia Ansania Jilbab Rawis Saudi Part 2,3734383170,Thời trang
train_1209405019,65217cb6133cf1ed9f8f8cbed7cdee30.jpg,9bf919852e3fb110,NEW!! TEMPAT MAKAN LUNCH BOX KOTAK MAKAN OMPRENG POLOS SENDOK SET BPA FREE BAHAN GANDUM/JERAMI 00424,2404524611,Thời trang
train_413499534,c47ab3ebc4701715f226cf3b15f8c139.jpg,bc98c632c363c763,Madu Hitam Pahit Plus Propolis Ratu Lebah,2712108166,Sức khỏe
train_409555325,d0dd6eaa17c830de10815ec0a5894f2b.jpg,e8c79e9030c5e56d,Bayar di Tempat Sweater Ksiecnalb Hoodie keren Pria,1462893434,Thời trang
train_3422378966,113fe28087cb6b208a8bb7f5b07b84b3.jpg,be85813ac50f856f,KOKORO Pulpen Gel 0 5 mm - Zebra,1695363826,Thời trang
train_3365452522,ecdb059497916319c689242c9bec589b.jpg,abe4aca5fa309932,\xe2\x9d\xa4\xef\xb8\x8fGTB\xe2\x9d\xa4\xef\xb8\x8f E006 Lampu Natal Model Bintang Warna Warni Hias Natal 10 Meter Tahan Air Import Batam COD,1689314855,Nhà cửa & Đời sống
train_1635638130,9c7f1975a337f54c18d168b2eb61f7d5.jpg,e450da52dacf8d89,ECERAN Tao Kae Noi Big Sheet Classic Original Snack Rumput Laut Produk Import Thailand - 4gr,2919415931,Thực phẩm & Đồ uống
train_983723387,645bd436e1ec36a215343931c0a8a1c5.jpg,b098cfc73c329965,Instaperfect MATTECENTRIC Lip Crayon 03. HONOR 3 g,157683903,Nhà cửa & Đời sống
train_3916413870,0e21531549bf0e4cc9dfdad1e296136a.jpg,bb3cb44bc89447e2,Celana Legging / Celana Training / Celana Olahraga,2295418881,Thời trang
train_211686610,a7766c7b0d77ef567b94b398ee89a0f0.jpg,ecd2d22cbb2dac90,Sweety Open Comfort Gold TAPE - M 48 / M48,35254803,Nhà cửa & Đời sống
train_1159951245,05683b8ee751d0c97dda48c5290c9119.jpg,848efa71e12b8f70,Sandal Jepit Travel Togheter panorama,3493797951,Phụ kiện thời trang
train_3093557022,b3f217e5e6d7af67feb8e3bbfa759c9b.jpg,f274abad69649582,\xe2\x9d\xa4\xef\xb8\x8fSapin Babyshop\xe2\x9d\xa4\xef\xb8\x8fHolisticare Super Ester-C Strip,3902160400,Mẹ & Bé
train_3903880565,624d84e631121279b8d7a4ed365d0265.jpg,d1b12b3071eb6e15,Hand Sealer Mini Plastik Snack Makanan Mesin Las Tangan Kecil,1001789326,Thực phẩm & Đồ uống
train_1135906830,d66ce6aa321dcd101053680d8e8de1fc.jpg,c9cbe265e1e6c2c2,Ecolink LED 8 Watt Lampu Bohlam Cool Day Light (Putih),164313547,Nhà cửa & Đời sống
train_1480884871,045ef086182593ec05cda831227e8818.jpg,e3b21ee46a913bc1,\xe2\x9c\xbf GOBABYSHOP \xe2\x9c\xbf PROMO CETAPHIL!! Cetaphil Gentle Skin Cleanser 500ml,2160494726,Mẹ & Bé
train_620032589,dcabdad58689ae58497b609b707aefab.jpg,da46a71fce5884e1,Serum Vit C Dermaplus kF Skin Original,2073398389,Sắc đẹp
train_2382820825,e2b2e0375956556a6afbe7e8840f7eb4.jpg,cb8c375bb0a44ba6,JILBAB ANTI BAKTERI JILBAB segiempat SHINAR GLAMOUR gliter ansania / KERUDUNG SHINAR GLAMOR ANSANIA,1649364512,Thời trang
train_2069499190,c9b57b245ca7824e9782448be0e00337.jpg,d84aeba9b19818b7,Penyangga Masker Anti Sesak Pengap - Transparent Silicone Mask Bracket,652176199,Sắc đẹp
train_485351365,f7c17ee33b4fa3c7afd577c03e1e9478.jpg,a7271f8dc8d8c11e,Emina Bright Stuff for Acne Prone Skin Face Wash 100 ml,1980798617,Sắc đẹp
train_4006326936,27f94b3a02892af019fa4d38dacf6067.jpg,b39966cc3399c68c,ORIGINAL!!!! Himalaya purifying Neem Mask,3904189995,Sắc đẹp
train_3614849788,c6100fe60e83269e49452b41923e2487.jpg,b8c7c33d0d7164c3,Mainan Bola balon Basket karet,69923982,Mẹ & Bé
train_844780087,9d5a307d9b16e782f5c26e1603ae625f.jpg,bf39c1c7c91d31c0,Vaya Sport Bra Seamless Ada Busa Art 001,2865554998,Thời trang
train_3036280958,95d4010230fb6f6579dd7e9310a2228d.jpg,ecb4914bc6e38fc0,Pigeon Baby Powder Cake Chamomile 45Gr,3027798817,Mẹ & Bé
train_464142616,4960c6ecfc405a4917b71a288c346366.jpg,e5989ace63331c93,( Bisa COD) Kaos oblong Polos  Basic MCVOIS  Premium combed 24s,3028079387,Thời trang
train_2772495002,901db8e4f8e447981f0b5e484753024b.jpg,877c812e68d77c8a,"b""Jilbab syar'i 2aulia jumbo list Kombi min 5pcs/ model""",4184214313,Thời trang
train_3864341392,2b6825acedca3c5c4ca54191930b973b.jpg,ebd2d06ad8b49287,TAS PRIA SELEMPANG WAISTBAG ORIGINAL  Surfing TAPAX,1679930661,Phụ kiện thời trang
train_1474643472,6ad77e2d7eeedbc898f522b881ab44f3.jpg,db9487cb48c232f3,Boneka Beruang Teddy Bear Syal Topi Jumbo Murah,4133417806,Mẹ & Bé
train_2893314916,241fa28ab67fe4f65c47a3ec060f8e5c.jpg,f39c87539c62b066,dompet wanita import mini F6 real pict C5,2320051494,Phụ kiện thời trang
train_2232749522,d573ac27110fb6b37606f8c057348db1.jpg,be6593f0c2c39398,KEMEJA POLOS LENGAN PANJANG LENGAN PENDEK SLIMFIT COWOK PRIA SAMPAI UKURAN JUMBO M L XL XXL XXXL,2590812548,Thời trang
train_2258297475,23f8ca09d30a3fc713626279b8d0a70b.jpg,e6669999998c3366,SLEEK REFILL 450 ML CUCI BOTOL / LAUNDRY DETERGENT,3565023295,Mẹ & Bé
train_61534081,33da398d78d47e8ce358c56fb2eeb8c0.jpg,a97c348b82d7938d,Buku Prestasi Iqro,893981545,Phụ kiện thời trang
train_3744203137,ab60095f9d7af66c6908656cb2646ee2.jpg,bdc0c2d3c75b9286,[PIPO MEDAN 6 PCs 60 YARD] PIPO Lakban murah kualitas bagus panjang 60 yard 2 inch isi 6 Pcs,353123255,Phụ kiện thời trang
train_2482849092,01a8af0a35eca54d534b4940f24b3360.jpg,f95ac0359fc618cc,ChinaTown - Timbangan Kopi Bumbu Dapur Emas Digital Kitchen Scale 1kg 0.1g i-2000 Coffee Teh Gold,3105568663,Thực phẩm & Đồ uống
train_1296180287,85f9777c18a5b54b205cc1db7d369fd3.jpg,921b9b963bc0ba6a,GAMIS JUMBO UK L XL XXL XXXL 5L LD 100 110 120 130 140 BAHAN MOSCRAPE LEMBUT JATUH,436062812,Thời trang
train_3362629193,0525f2b5c8ac5af4fa5f4e097b27ccfd.jpg,e4669bb92bd29464,Celana Dalam Sexy Gaya Korea Bahan Lace Seamless untuk Wanita,2591672455,Thời trang
train_4222006408,4e38cc18c62db280bb1e2878dd24779a.jpg,e83d4db7b1c83e40,[KN-269] Headset Earphone Karakter Bentuk Motif Hewan Animal KEPALA KUCING / Earphone Empuk CAT HEAD,2748381195,Điện tử
train_14359232,e2cfa7fbc2e56248a0cd54f7aad6ce01.jpg,b5153466c2fae949,Lampu Senja Sein Led Colok Tancap T10 10 mata / titik Motor Mobil,2339650590,Nhà cửa & Đời sống
train_3768360655,b91aebbd01bc5d314a27793d7e6bb710.jpg,ecb7d0d8c9169968,ORIGINAL Maybelline Superstay Ink Crayon Matte Lipstick Stay,496618417,Thể thao & Dã ngoại
train_3541413154,cc2cd8da767ea38081864740329e69a6.jpg,a19283279c6dc6de,Baby Lona Jumper Anak Bayi Fashion Muslim Lengan Panjang 3-6 Bulan,1844961738,Mẹ & Bé
train_3485999019,df3f714a7e5f6f16f23747bd9df27432.jpg,dcd450da82af8f92,SHANNEN LIPSTICK CREAMY LIP PAINT,3908416576,Sắc đẹp
train_3383449710,2482bc2bce6cfd4e2ee1bc7cc7f480ec.jpg,db4ea452ceb54631,Zwitsal Kids Hair Lotion Soft And Moisturizing 100 ml,3872882463,Sắc đẹp
train_1833751999,623308c542c3182e7745c2094abfdf25.jpg,ee08d2348d4bb27d,NEW PROMO!!! Sepatu Sneakers Fashion Pria Wild & Include Box,121911022,Phụ kiện thời trang
train_2252878267,94f841f132e89a07efcbc39cb5d8362f.jpg,b005cbb2de19d8f1,\xef\xbc\xbbReady Stock\xef\xbc\xbdJam tangan wanita murah rantai s1003,3847500015,Phụ kiện thời trang
train_2725077043,dd43087feb475d3c4660b7b16b0c7103.jpg,885377ed52251975,Masker Sensi Duckbill pack isi 6 / Repack isi 5,3659553730,Sắc đẹp
train_2030553864,82de943940471bbbac6b83149b880a32.jpg,bcc7923c6fc0941b,Shinpo 123-2 Container Box Plastik Stocky CB 8 liter CB8 Kotak Kontainer,2690668631,Thực phẩm & Đồ uống
train_4120272994,a931d807c644016ec4afc89338262d47.jpg,aeb1c58cb759904e,[Paling murah] Celana dalam pria / boxer pria,4170368428,Thời trang
train_72760608,f72cdb8eca45383461dd3c5ab44f065e.jpg,adf89703e2256cc3,GROSIR CELANA CHINO ANAK RIB GYMBOREE,1198512218,Thời trang
train_3011816356,a9a6aba277c4e4238f0d2ca726904621.jpg,aed0d025d10ed3de,Rompi Motor Tebal Foam / Pelindung Dada Body Protector / Rompi Turing DEPAN BELAKANG FULL BUSA,1293916285,Nhà cửa & Đời sống
train_3924125565,f3350ebe407a2140ab49679a9e9d8b23.jpg,a1cf9b8c8531d9b2,Jam Tangan Wanita Gucci Magnet,3826971638,Phụ kiện thời trang
train_2078931849,2793665169b07407b7dffdda64ae9de8.jpg,ec6c612dcb3892b3,Atasan O-Neck Lengan Panjang Model Longgar Casual Motif Kotak untuk Wanita,2584697795,Thời trang
train_2170940353,a37c5aaeb12853a3bab83ad0c596c5bc.jpg,f173488c719cccb9,Gamis Monalisa Summer Rose Wolfis XL dan XXL Jumbo,672201501,Thời trang
train_4257347475,f6d1ef697d49db2c254c7c0ca686f121.jpg,ee64a59591da5a1a,KHANZAACC EARPHONE ROBOT RE701 Soft In-ear 3.5mm Wired Earphone with High Definition Sound Quality,3924088631,Điện tử
train_3995330724,a6fed93df91723e136ab0402a27a0e02.jpg,fab111489dc3c74e,SANDAL WANITA,1065718333,Phụ kiện thời trang
train_1120425152,d0119f8a8c38dc4a4e77b2ed7f2ce9f9.jpg,bed1e14c913bc82e,TTEOKBOKKI / TOKPOKI SAUCE 250 Gr PLAZA KOREA - SAUS KOREAN FOOD,1528144438,Thực phẩm & Đồ uống
train_525084091,a121ca3f1211b12bd63ea55f21d1b554.jpg,ea959a246bed8c52,Mini mixer electric elektrik cofee maker telur kopi minuman susu milk,1081804406,Thực phẩm & Đồ uống
train_1089765047,3aad0875c40dcf33c1b84fd341a957ef.jpg,edcfc36393309434,Xiaomi AirDots TWS Bluetooth Earphone Xiaomi Redmi Airdots like airpod Headset bluetooth xiaomi,1414256837,Điện tử
train_4066363357,b9011b3420da567676974d2ad6d79056.jpg,cebb58bf25a00f41,(BISA COD) Panci Elektrik Listrik Multifungsi Lapis Keramik Panci Praktis Serbaguna,1226500780,Nhà cửa & Đời sống
train_2283849789,575020bd40332da58c5f89b7f28eae73.jpg,bbf1c51e804c77e0,\xe2\x80\xbc\xef\xb8\x8fFREE JARING\xe2\x80\xbc\xef\xb8\x8fREADY STOCK GLUTA COLLAGEN SOAP WHITEMILKY CHOCOWHITE,159351600,Thực phẩm & Đồ uống
train_2494441632,44080ab8fd297fb936990b7f2cc5f21c.jpg,bf6ac43712b02dc3,Paket acne white glow theraskin,2167993092,Sắc đẹp
train_4083952609,ea804d52007516e5e5c440d28c98c86e.jpg,efc2579091d09d1e,JIEKAI pompa galon elektrik air mini minum portabel terbaru berkualitas,4240407085,Phụ kiện thời trang
train_3795884238,07c9ca37d416021fdbcc55c5acd8602b.jpg,b9b84ec763f19304,[Bayar Ditempat] - Jam Tangan MI 2 Band Watch/ Jam Tangan LED / Jam Tangan Unisex /Jam Sport Digital,4290248491,Phụ kiện thời trang
train_3295260741,b159c06997e9968a513efdef4f7d5fca.jpg,bb219e82636a953e,sepatu converss,1964914740,Phụ kiện thời trang
train_1471123207,7791625ea6cb83daf02aec9f69dae1eb.jpg,fa5ae15ab4c3605a,Lemari grand mini club kunci 3 susun plastik,1687595158,Thực phẩm & Đồ uống
train_3466601092,004076b57135e761ab8b41d84acc4c94.jpg,aa2c0ee4eb6ba0cd,[Shiyan] mainan gigitan bayi set pack baby teether melatih gigi bayi diatas 3 bulan atau lebih,2933791615,Phụ kiện thời trang
train_998380898,833690ffb79204261e5cb542ecf75a06.jpg,cad2b40dad394ad6,99 Sarung Penutup Kulkas - Cover Lemari Es - Alas Kulkas Anti Debu,3344025533,Gia dụng
train_360814149,648e1c893f7bdba35f1b3e74c4a6a0b1.jpg,f91286a1c4fecc69,LONG DRESS JUMBO WANITA CERIA SMILE (LD 110cm),1316653731,Thời trang
train_1450257251,b76c6971366328307b1a4c252a9b7fd1.jpg,ad3d85c0d8eddac0,Celana Dalam Pria GTman | pakaian dalam Gt man 708 | Gt-man mini spandek,3926088941,Thời trang
train_1416821031,5cfdc45e8eb12bab357f66697973a44b.jpg,e53d125398cb165b,mutiara tropical 100gr makanan pakan ikan cupang kecil hias guppy,1738097215,Thực phẩm & Đồ uống
train_4151325177,afe47cb403de072112961f112e6aafca.jpg,fb7c8889c2a681cf,Turban anak beda pita,135655018,Mẹ & Bé
train_3663692632,1e6b31127290fe216344c3dc5d6ab735.jpg,b58413d36b69dc92,KSIECNALB HOODIE PRIA TERBARU,941180455,Thời trang
train_229182727,ce911fadfefedef0074995b552966bf7.jpg,e1cd94326b99b41b,\xe2\x9c\x85 WBS [COD] DOMPET PVC LIPAT GROSIR SOUVENIR MURAH PERNIKAHAN TRANSPARANT TEMPAT SIMPAN MASKER - BE,3280718287,Phụ kiện thời trang
train_3108207374,797db2034ae90524ed20ee15f03763d7.jpg,b984f39ce6611f82,Acne mask 30gr,1722311799,Sắc đẹp
train_4088492864,b5d8149520edf4d004c9316a0937bd90.jpg,ecc19096c13ec76d,Ekonomi Sabun Cream Lavender 470 gr x12 (1 box)\r\n,3516603836,Sắc đẹp
train_2838879851,6829fbb7f5c56f7df1f60181bd307f29.jpg,a4ae6c6578b05d4e,Anting hijab Perhiasan Korea Earrings zirkon dalam deretan 7 berlian dengan bintang berlian imitasi,1968285138,Phụ kiện thời trang
train_2093117156,a90d77b5a888bb400109a8795f4a95bf.jpg,f99675618671d861,SPRAY MOP / ALAT PEL LANTAI SEMPROT,3666658388,Nhà cửa & Đời sống
train_3049053653,bee06c1ed2afed9b5f1f0c923782e44f.jpg,b44ac6e98636da5c,SAKLAR HOLDER KIRI DOMINO PCX N MAX ADV VIXION CBR SONIC FINO SATRIA FU R15 R25 VARIO,2668236919,Điện tử
train_71511156,a8e86ab4ad0c5ba703c58c54130a02ec.jpg,e1fc12e5cc1b5ca2,Payung tenda/ pantai/ parasol diameter 240cm pelangi,861028112,Thể thao & Dã ngoại
train_2921149256,458b030fafacc782234a9531303c0c24.jpg,9b9965c4c338ba93,MMTOYS MB149 Mainan Anak Pagar Tenda Bayi 6 Sisi 10pcs Bola / Pagar Pengaman Bayi Pagar Bermain Baby,1697829030,Mẹ & Bé
train_429513478,f7898899fde2997930ca236e76070809.jpg,c79bb864e4669b18,Madu vitabumin original | nutrisi otak anak | madu kecerdasan anak | Madu plus ikan gabus,2749985305,Mẹ & Bé
train_1246968706,d950cceca7b7cbc42f5ebf53acf081b4.jpg,95426ad7c867da31,Baterai Smartfren Andromax L Model H15433 B26D2H 2000Mah Original OEM Packing Mika,266865064,Điện tử
train_504835201,1882be1c1fde920890fbe2302b4ebb7c.jpg,9bc08423e8386fbf,Pengasah Pisau Batu Asah Tajam Gunting bentuk Bulat Praktis Asah Pisau Mini Murah Unik Gunting Pisau,2651648650,Nhà cửa & Đời sống
train_3115922872,15e35f1e4bcb31df0d2e524a7dcc8693.jpg,e5b190cc1e316f2e,Lampu Depan Sepeda 5 LED dan Lampu Belakang Sepeda Tahan Air,2832357206,Nhà cửa & Đời sống
train_3339055457,c5b95e18dfa96612bc53d328f92f9884.jpg,e58cce611b892ece,K-Gamat Ekstract Emulsion / Ekstrak / Klink K-Link / Minuman Kesehatan,1528766357,Nhà cửa & Đời sống
train_1856757109,ed16fe04afc6b8e3243b848a776dedb9.jpg,bbe1e09a0ee02f1b,LULU SYARI KIDS BRUKAT +KHIMAR SF,2823297437,Mẹ & Bé
train_4155823525,2d64fd1d319a246189c7994c824a367c.jpg,c3f161e63e431336,CUCI GUDANG SEPATU ADIDAS AX2 GORETX,1121516338,Phụ kiện thời trang
train_3141990319,fbd171d7bb355fd530d400de4779967e.jpg,ece5921c9c7a6127,FA23 FOCALLURE Eyebrow Cream waterproof eyebrow gel,4109046633,Sắc đẹp
train_2442368077,98c0cb23f21f53f6ccd8bd674c72fa2d.jpg,ebb6d44c9d7230c1,Speed Shifter Handle Brake Rem Sepeda 7 Speed 2 PCS - Black,184336375,Nhà cửa & Đời sống
train_1155614413,b851cb78d2bd522c21bf3b6d8cdbc2d5.jpg,ac12feb6c0df8950,Lap kanebo serbaguna,821583868,Điện tử
train_928409900,cfdf004afe5681985408c9501f800fe5.jpg,d236ce47cece3130,"b""L'Oreal Paris Total Repair 5 Shampoo Hair Care - 330 ml (Perawatan Rambut Rusak dan Mudah Patah)""",3646645968,Sắc đẹp
train_304181113,eba0bd738cf134ab9e9356763a56f50c.jpg,bb0fc7a366306958,JTM -  Mainan Keranjang Trolley Belanja My Food Shop Shopping Trolley No ST 003,2464977091,Mẹ & Bé
train_154110064,afd6b202ae5e6cab9f4390a283ea5fac.jpg,e5b09a659b933178,Apple iPhone 11 Pro Max 64GB Gold,1313788028,Điện tử
train_3971259275,18c0a18e9683b0ada841ac09b870c9e1.jpg,ee2a9091b8decea8,Fukung Kunci Set Ring 8 Pcs 6-22 mm - Kunci Ring 6mm-22mm 8pcs,2017389792,Nhà cửa & Đời sống
train_2533285904,5f68eee1e5ad896a6cd4ab2170d381b4.jpg,92cd6942b18d69f6,Setelan Kaos T-Shirt + Rok Tutu untuk Perempuan,4086594100,Thời trang
train_830247605,ce1704dffdd27882af817310f20d67bc.jpg,dbc2c3359c119dca,Rak Dinding Dapur Kitchen Rack Bumbu Gantung Aluminium Anti Karat,2325096265,Thực phẩm & Đồ uống
train_2827804475,469163df4efa3bbb665530ce2d88c719.jpg,e4a952ad69179a6c,Citra Krim Wajah Green Tea 40 g - Cream Wajah Face Cream Krim Muka Krim Wajah Moisturizer Cream,2176043810,Sắc đẹp
train_468191895,4d57003a98cbd5de3ff28a8995e59279.jpg,d4cb65bb78956094,SONAR Eksplorasi USBN UNBK untuk SMA/MA Program IPS Tahun 2020,401991387,Điện tử
train_1644433970,d65c75fe36fe586f99306b2be1035b92.jpg,d2e190bafbb2c40e,(BERAT 2KG) RAK BUKU 3 SISI LEMARI PORTABLE SERBAGUNA BOOK RACK,820177797,Phụ kiện thời trang
train_455368602,ed611a1d6f4fe412a0d408df7ea17458.jpg,f8c5879a93639668,CeLana Jeans Pull&Bear Jumbo 35-40 Bahan MeLar Biru Muda,3452237852,Thời trang
train_4164171118,0874485f9a383a338ca3963f5df0e7d2.jpg,e5668e9a8e313339,Loreal Paris Dermo Expertise Lip &  Eye MakeUp Remover Skin Care -  125ml,3979589834,Sắc đẹp
train_2405663010,5c45eced01fa5339811f58d44c0f1845.jpg,b88747b80dd635c3,Obat Sakit Gigi Cap Burung Kakak Tua,2339638407,Sức khỏe
train_3604469303,098958b2d46b730fca5eeb68427ab644.jpg,8de308afc070e7b5,Hijab Paris Segiempat Kerudung paris square cotton,1972948702,Thời trang
train_756446839,19fa761e590643e1d719ae4874358ef1.jpg,be8fc1b5c148836e,Alat Mesin Cukur Rambut Turbo Original Kemei KM-1990 KM 1990 KM1990,2646542774,Nhà cửa & Đời sống
train_623079160,a8a34c5863fb8206a9d6c006914f3ad1.jpg,be9dc13d42521dc5,Unik FC043   Travel Charger iPhone 5   iPhone 6   Tc Ipad Mini KW   OC Murah MF,3412400346,Điện tử
train_2130359180,774c942005458df381ee6254bf24fb41.jpg,fb4ac4b18749d85c,Korea style import 18 Pieces Aksesoris Ikat Rambut Jepitan Pita Anak Cewek/Children hair Clip,1251733888,Sắc đẹp
train_204736179,b399b7935687e81299e71eeb9aaf19d4.jpg,e996b669c049959b,DF - Rok Plisket Premium // belia Pleated Skirt // Jersey Moumbloe Tali Lepas,31311537,Thời trang
train_2592547475,4f402ecbfee74d16e7877b8296df0986.jpg,d2129b7c2fcce681,Rangkaian bunga mawar sepeda mini BP014,4212614045,Thể thao & Dã ngoại
train_239986417,630cfa50f39e7e24a0ba3bcbf1e522f4.jpg,b9e9e031660e9f16,Puzzle Matras EVAMAT Angka Tikar Karpet Evamats Playmat Mainan Anak Bayi Murah,3882036197,Mẹ & Bé
train_933366685,e79e08f4ff9219d464dcc657199f4871.jpg,bf8dc6116b8d8472,Baby Set - Gift Set Botol Disney Winnie The Pooh (4btls) + Drying Rack,3134200189,Nhà cửa & Đời sống
train_4239345453,69fda36cfb4adca93a613d246196dcb7.jpg,be98980e8de162f3,Rak sepatu portable 4 susun,4138545452,Thực phẩm & Đồ uống
train_915338493,3ea348bdce95780ca230ca2095006577.jpg,ec5a9a2c6985a5f2,CHARGER SAMSUNG TIPE C TYPE C S8 S9 A7 M20 M30 A20 A50 A70 A21 M21 M31 A51 A31 ORIGINAL,3007734339,Điện tử
train_3688161627,28fe1daf17c11e256d394631298320b9.jpg,e3931ce3b3934c2c,NACIFIC FRESH HERB ORIGIN SERUM 50ML (NEW PACKAGING),4289378698,Sắc đẹp
train_3739414328,5e64ca7a86c3c68b696f2789947b4182.jpg,c84de14596babb46,Electric Fry Pan Panci Listrik Multifungsi Lapisan Keramik Panci Elektrik,259006220,Nhà cửa & Đời sống
train_2343815028,aeca2d79fb223d6c4c21696b9b3509a2.jpg,ff54e8abd4518134,Lipstik Lipmatte Liptint Lip matte Purbasari varian lengkap,3335677865,Sắc đẹp
train_3785748481,49b1176d35939a4b5f53c7376ac2bbe6.jpg,8f869163c23cb8fa,Flatshoes City AA sepatu tali karet,508568758,Phụ kiện thời trang
train_3832103819,2b73b516b06880e3069e91de178133f6.jpg,bf7264c5c31b924a,SPEAKER BLUETOOTH MINI JBL J006,2876907483,Điện tử
train_613915792,b383c58d363d4addab8d13768c1860a7.jpg,f0d2cb78ce6ac624,ELFYDO - Tas Ransel Wanita Backpack Import Fashion Korean Girl Tas Punggung Hitam Tas Murah Jakarta,2672117886,Phụ kiện thời trang
train_1597766027,3a852df93a37b9d0319f4eeb7978d98f.jpg,ac75d318d30e2c67,Velvet Junior Masker Kain 2 Lapis Anak dan Dewasa Bamboo Katun,628879513,Sắc đẹp
train_2378979055,b2778f91bdb75b7646153074c75a873c.jpg,bf68c8b39c093726,Sendok makan kuat plastik 25pcs murah panjang bening per pack es kepal milo Trifinity,1210864150,Nhà cửa & Đời sống
train_424002158,3781c5a667f7c70def4f5d52906c75f5.jpg,ac98273333f9cac2,Square steady stand hanger rak buku rak lemari pakaian tanpa cover,1370938760,Phụ kiện thời trang
train_4165595447,dbb363419f84bad0f0ab9ff460d7f426.jpg,8c5df5aa9ad3450c,SKIN AQUA UV Sunscreen Series 40gr (Moisture Milk/ Moisture Gel/ Whitening Milk/ Mild Milk),2123332638,Thực phẩm & Đồ uống
train_3695725085,1d167ae46b964f780b867aeff045bfb7.jpg,ead895b5585652a9,Alat Cek EASY TOUCH GCU 3 In 1 Gula Darah Kolesterol Asam Urat,511054120,Nhà cửa & Đời sống
train_3589506283,00a5b7d85f39222ad75b0d69886a6b58.jpg,f8c7964b9e259283,The Body Shop Chinese Ginseng & Rice Clarifying Mask 15Ml,4115604501,Sắc đẹp
train_3324619166,98cb2f45def46a6c60dfe56ca1eee6dd.jpg,b914d06bce386177,GROSIR Scarlett Whitening Product Original shower scrub sabun lulur shampoo,3582011792,Sắc đẹp
train_644416456,8edda58b00a6094e69b4ca03dcd34950.jpg,99b9fc01bac78652,EYES KIDS SWEATER - Sweater Rajut - Sweater Anak - Rajut Murah - Baju Rajut Anak - Grosir Sweater,554411564,Thời trang
train_3059577431,7665ac09b908c9589baab7da629e96d1.jpg,d2e190bafbb2c40e,3 SISI RAK BUKU SERBA GUNA,820177797,Phụ kiện thời trang
train_1785659805,fc62a98a7d1ab3eb5999e06a9eca40d5.jpg,e910956bc23d3b6c,HelloMaster - 665 - Tas Handbag Wanita KOREA FASHION IMPORT,1036559319,Phụ kiện thời trang
train_1157823185,69775b0aa52dd0a1386873a9605c4597.jpg,bd16c63dc1c02d3d,KAUS KAKI MOTIF POLOS CUTE KAOS KAKI PENDEK ANKLE SEKOLAH KERJA,2221897746,Thời trang
train_1247031178,febe3b3021149984eed35b60ad70f5c9.jpg,ea6b959436264dd8,"b""SWEETY BRONZE / PASEO Baby Wipes Tissue Basah Gazette tisu 50's""",2784417036,Mẹ & Bé
train_198707056,82f4f49d6dcc144f0c9917db9d45e2a7.jpg,ade0d09a3be0b536,[ BISA COD ] SANDAL PRIA TERBARU SLIDE IMPORT,477987023,Phụ kiện thời trang
train_967357472,c178e5f11d509bb5097da60d08795843.jpg,f3c2ccdd3168c097,Sneakers K8005 Sepatu Fashion Import size 36-40,3779428082,Phụ kiện thời trang
train_1166439934,182ef6021d6b2118fb9915156cff50e6.jpg,dea1a90e55536aac,MAINAN ANAK SANSAK TINJU INTEX 44669 3D BOP BAGS DINO TIGER DOLPHIN,4008739863,Phụ kiện thời trang
train_3974559700,d657b05da0292a2ef6aeb7f22db8b629.jpg,cc4c494d36b48f3b,Sandal Wedges Korea Elana SDW334,2394683923,Phụ kiện thời trang
train_2354616796,5a7df4d79c66372548f4e3f2d00f3164.jpg,e49edb8b8b308e70,[DIAMOND] Susu UHT Full Cream 1000 ml,3336192469,Thực phẩm & Đồ uống
train_2376814932,f28d149e2464663c0173df974f16f487.jpg,ea1985c7daf42133,KABEL HDMI 10M SERAT JARING HDMI TO HDMI 10 m 1080P V1.4 3D HQ,2769175332,Điện tử
train_855486947,c0bf81f711876db936ba7300704c043f.jpg,84af1f936a44953b,Led Strip 3528 IP44 DC 12V 5M Waterproof Lampu Plafon Lampu Etalase,2807047474,Nhà cửa & Đời sống
train_708013502,4f7ba78c1df559fcbda573f43855fca5.jpg,8313595ce6f9cf20,Sandal High Heels Wanita Heels Kaca SDH191,1555312860,Phụ kiện thời trang
train_774777274,903ac286014f59a5572286934bfb8b88.jpg,e7da98259944655b,Avent Botol Classic Plus 260 ml Twin isi 2 pcs,3369236656,Nhà cửa & Đời sống
train_113816542,7f49ea59a733db31aee540176e3c996a.jpg,bbf3c48491d9c662,Tisu Wajah Multi 700 gram,2853108717,Sắc đẹp
train_1097011287,ab4b6edbe9b51fda3803ee9845830ea2.jpg,f8e36366642063db,Celemek Plastik Karakter Celemek PVC Celemek Waterproff Apron Masak Motif kg=2lusin,2460567386,Nhà cửa & Đời sống
train_3375374759,d6d163de7630821ea3b9625b9abd5fad.jpg,ab959496c93b915a,FERRIZ DROP 15 ML suplemen zat besi untuk bayi,2271401792,Mẹ & Bé
train_2906844685,367084929af04a823a4e7207fec3a0ba.jpg,ae917c7e034a137c,Jilbab bayi mahkota mutiara,1503170656,Mẹ & Bé
train_4035582527,c197eb510ab9bbbc29731c28e420fe3c.jpg,af62c3cd90b86636,Flawless Finishing Touch Women Hair Remover Face / Penghilang bulu,626965399,Sắc đẹp
train_3881175123,926ff3ad331ea02c1e1fca26c8336d9d.jpg,ec8dc5699c329ab2,"b""Loreal (L'oreal) Revitalift Face Mask Sheet Mask Crystal Essence - Lifting - Plumping - Brightening""",2968084237,Sắc đẹp
train_658190542,4a04a177cf078a92c3584f4eee8952ba.jpg,d7fc79216bc2c043,\xe3\x80\x90dudubaba\xe3\x80\x9110pcs Klip Rambut Bentuk Kartun Tidak Sakit Untuk Bayi Perempuan,3784861428,Mẹ & Bé
train_2947617779,af1536b4b4dfac7f1dafb4ab4d1ec8ab.jpg,bd2dc0c23f852c2f,SALE ! TAS selempang rwling full rantai TAS FASHION TAS BATAM MURAH TAS WANITA,3021441210,Phụ kiện thời trang
train_3316756597,c9f4a3b0e6bdd5262a8b99c1162babc4.jpg,f671612da9d286c9,SANDAL ETNIK TENUN CANTIK / SLIP SANDAL WANITA BIRKEN MURAH SURABAYA,2272508020,Phụ kiện thời trang
train_1720530417,0f459b1e8aa89ee9e79b2ec95440e9c3.jpg,fad28daa2ad05595,Perlak Karet Organik Bayi Sugar Baby uk 90x60 cm / Alas Mandi dan Ompol Bayi,997220911,Mẹ & Bé
train_2067371060,3be4b3db3a431d4e75171316193ecb9b.jpg,bb2110b12b726f6d,Jolly Tissue Wajah Kiloan Potong 2 1000 Gr,2804572755,Sắc đẹp
train_2045544506,dd8edac4431103ad018609f1640d49e4.jpg,c98d16bb2fc06971,OBRAL SEPATU SNEAKERS 70S X OFF WHITE GLOSSY HIGH BLACK WHITE 38-43,3913149996,Phụ kiện thời trang
train_3212755049,8ee923b78e7fc13ac3da6de5ef171924.jpg,e9439ab8433f3465,Kain jersey polos eceran meteran,1303037451,Thời trang
train_748415307,46830fcafccacd6e2fe018a35e44e115.jpg,b4cbc7a4437ba4e0,Dompet wanita PIDANLU murah/Dompet wanita korea,3680806664,Phụ kiện thời trang
train_2512084352,55fb3178c74e211b4f4f5887edc5f214.jpg,b3649c6137cc9c39,FREEMAN Charcoal + Black Sugar Mud Mask 175ml,2308093717,Sắc đẹp
train_3785111180,7bb8cbd8610ba9909a9f205eda67ff6c.jpg,a654fb5366368b24,Sarung tangan oven microwave masak anti panas,4000267419,Phụ kiện thời trang
train_3441052717,798a6c0066bb4252e4b16507daa9b373.jpg,b366cc33cc31cc99,Berat 1 kg!! RAK AMAZING/RAK JILBAB/RAK SEPATU TANPA COVER/ AMAZING SHOE RACK,3248382471,Phụ kiện thời trang
train_4231716969,b6a7b216f5fc0a68831e14deba7ec301.jpg,9a1537eb8888c9e7,Pantene Shampoo Hair Fall Control 750ml 750 ml 900ml 900 ml,826630839,Sắc đẹp
train_1414385957,1f03fc63613aa3d5a6d19a648c6f6754.jpg,f6a6c9d869c1c172,BREYLEE Blackhead Mask + 100pcs Sheet,3001123709,Sắc đẹp
train_2300833590,23751bf36d8bf3bb5bd783356e39650e.jpg,b9d2ce6c8c319395,AVOSKIN Miraculous Refining Serum (share in bottle 5ml),4291905065,Sắc đẹp
train_3659593509,0cf029766edcf87c466b49d03e257ee6.jpg,df8ddc9b000c8b8f,(30gr) stiker dinding dan kulkas hiasan kupu-kupu 3D isi 12 pcs,4167459216,Gia dụng
train_367298870,e920533c2c388a1db37494435e6c213e.jpg,9ee0c11f35523ed2,PHILIPS LAMPU LED BULB MULTIPACK MYCARE 6W 6 WATT PUTIH PENGGANTI 6.5W BUNDLING PAKET 3 GRATIS 1,2883859985,Nhà cửa & Đời sống
train_3106079662,fb8e872a4171e5e46602b148af97df3c.jpg,ab30c6e0152ef16f,Proclipper Happy King HK-900 / Alat Cukur Rambut / Mesin Cukur,4069163835,Nhà cửa & Đời sống
train_2244552096,d7f8de41b9182e2872ec0cf5677e5976.jpg,e7326ccc6999998c,[ORI KOREA 100%] Cosrx Centella Water Alcohol Free Toner 150ml,3822093076,Sắc đẹp
train_1770743072,fd340e400130b1e88eefd6e75e16945c.jpg,b03ecbc3969496c3,Baju Muslim Koko Boim Junior 5 - 8 Tahun MAXKENZO Setelan Baju Muslim BerKualitas,244107308,Phụ kiện thời trang
train_1614748324,0930e110beb7c744dd89f87b014ddcf5.jpg,c2524f9dac3d7942,KHIMAR AURORA PET | KHIMAR PET | JILBAB INSTAN | JILBAB KHIMAR | KHIMAR WOLFIS | HIJAB INSTAN,2820978564,Thời trang
train_2019057454,6bc5b9e1d94e1b80502b182705f9c7d6.jpg,bc93c31cc563386d,Acnol Lotion Obat Jerawat Cair 10ml,1746655739,Sắc đẹp
train_1898251215,8477b0fe5c0a85f4e10c46f2f6010f9e.jpg,b78f1ca558e063d2,"PROPOLIS SM , PROPOLIS BRAZIL , WALATRA PROPOLIS ASLI OBAT TETES HERBAL",2933434851,Nhà cửa & Đời sống
train_222327466,95b48067a52de95c81b8ec46686cae62.jpg,99c5a236c799c663,KEYGLOW ACNE SERUM,2253053678,Sắc đẹp
train_4278577450,61fdc5451b71c7165f86da57f0d95c06.jpg,e62699cd99669299,Samsung Keystone 3 B109 - Putih,3072375234,Điện tử
train_3708734743,dfa58e7acbce4d94529a43789ce51765.jpg,ec9cc134923b9ab3,Jas Hujan Ponco Lengan + Celana - Varia,1480113982,Thời trang
train_1623858437,f1638a98c657ad02abb9e4430af72aa7.jpg,ea818f8d35438dd9,Freshia biru baru free compact bowl+tas,402740243,Phụ kiện thời trang
train_3683334435,0703ea09d44d0a5bf409e3a87ca4a12e.jpg,8edbee879134f480,GAMIS ANAK DARKID / GAMIS MUSLIM ANAK TANGGUNG / GAMIS SERAGAM IBUANAK / BRUKAT TIMBUL / BRUKAT TILE,2291187811,Mẹ & Bé
train_3495901022,01dd0dba3310703f61d4376ff4e9e017.jpg,e5c79878c6189ae6,100% Cocoa Dark Unsweetened Chocolate Monggo 80g| Cokelat Hitam 100% Kakao| Coklat Premium Indonesia,4070348305,Thực phẩm & Đồ uống
train_2850080198,79ab4685c34b5a03341edc4cd6b880a2.jpg,b0c6cf39ce323199,FRESHKON TETES MATA SOFTLENS 10 ML,2469394698,Sức khỏe
train_1344648324,96dfc42699d66603c6ebe4ee0b0ed99f.jpg,afbdf204f592c00b,SPEAKER BLUETOOTH MINI SPEAKER WIRELESS PORTABLE MINI G2,1511477254,Điện tử
train_1457185113,c5fa1b24ba89918899dbbe6c7a69d213.jpg,92cf79306d3038cf,Kertas Canson Montval A3 - 220g 5 lembar,630429138,Phụ kiện thời trang
train_2839644821,030c974314707cb3ba28d0fff0dc7486.jpg,a39e6c619c619b3c,Kaos dalam Crocodile | kaos oblong pria Putih | O neck V neck,1993807088,Nhà cửa & Đời sống
train_2395391443,8ca8bec443bf8e3c1a6d7c69ac83caad.jpg,867739621bc874f2,BEST SELLER SUPER CUTE Aida kids syari | Baju Setelan Muslim Anak,3351412170,Mẹ & Bé
train_2861854125,2adc2ab666f168a2eb932ec264e7170a.jpg,a9bc6f68b4d80d92,BEBEK JARING Bebek Mainan Mandi Bayi Bath Toys Isi 4 Karet Squeez Duck Bathub Rubber Baby . MIN-175,4105255910,Mẹ & Bé
train_144756253,6c44cbccf94fcbf4d715d2d54e9d0c61.jpg,b0cbcb344d30c9d7,Obat Pembersih Jamur Kaca Mobil Cairan Penghilang Kerak Serbaguna,4012802395,Phụ kiện thời trang
train_1630486844,5d6a03b0d1768af6f124f600eef4abbe.jpg,b9c2cb39c839c63c,Flatshoes Formal or Non Formal Balance B695-D4-1,2565533507,Phụ kiện thời trang
train_833869026,7b0694b627bb90833f113a1b34c520aa.jpg,e9b9418731a625db,\xe3\x80\x90Bayar di Tempat\xe3\x80\x91IINS Fashion Mata Kucing Wanita Kacamata Hitam Anti UV400,2319338478,Phụ kiện thời trang
train_1852384558,8e577f03574e8dd3216b451e8de465e5.jpg,af9fd0604b17259a,Waist Bag - Tas Selempang Pria,1237550763,Phụ kiện thời trang
train_2416390351,184875d8a2527c901f113332aab03275.jpg,c8c85d9790f0c9ee,SANDAL WANITA selop bulu celio,2404069120,Phụ kiện thời trang
train_1063583274,a9f2190317257442cde358ff3166d5aa.jpg,b7a5d89905f0619e,MAKANAN KUCING BOLT IKAN dan Donat REPACK 1KG,2197877769,Thực phẩm & Đồ uống
train_202350967,13f02dae86266a0cf04ce12e748782b7.jpg,e39679661c718a3c,kaca Cermin Lepas Pasang Kaca Rias Make Up Persegi Portable Beauty Mirror,189460495,Điện tử
train_3548269661,7675a77df927045ce34117a517d43bd4.jpg,ef25959acac02d6c,XYLOPHONE MUSIC Mainan bayi,3206317999,Mẹ & Bé
train_2579529237,327e57bb394059bf1f6617f76825b639.jpg,d8387a616e6a2ec6,BAYAR DITEMPAT - Sarung Celana Dewasa Moisino,2317841067,Thời trang
train_3391563598,40da94cf1792cf427638a72c3c6886b8.jpg,fc0794724ecbf08c,Barbeque Grill Alat Panggangan Portable Roekre,4287268706,Điện tử
train_3151564663,82987aadb76c375b03dffddfb57c691c.jpg,ea958872996ea54d,OLOJO 6MM Cincin Pria Dan Wanita Tauhid Kalimat Syahadat Muslim Islami Kaligrafi Original Termurah,2665537113,Phụ kiện thời trang
train_250775972,30d83b47a8c1f8b53c229b77fd44c966.jpg,bc9ce361929ac94d,Cincin titanium/couple polos warna hitam termurah,2098900264,Phụ kiện thời trang
train_353691984,20be26cb3ccf154c7b14d5df9e3dde82.jpg,e6999966cccc6364,SHAMPO PANTENE ANTI KETOMBE 900 ML,975885187,Sắc đẹp
train_2801273815,0ad57247ad289917cdfce0b39173de03.jpg,fd1dad609aca1923,[ Best Product ] Baju Kaos Anak  Terbaru dan Termurah,2176056223,Thời trang
train_2141964660,41bac88bd68ebe0d4744d3232701dbba.jpg,cfb0c4b693546d64,Madu Murni Manis Multiflora Harmoni Pure Honey 500 gr Asli Original 100% Original,2489907980,Sức khỏe
train_1822046792,d40f72266f46f3dcb8facf022a8cba44.jpg,fa80957ac347f08d,Mainan Kereta Api Thamos & Friends 4 Gerbong,2765719381,Mẹ & Bé
train_1830134270,af3e8b3f18b584410802302719b5bb41.jpg,c727b14f646652d8,JG486 COD Topi Pantai Wanita Anti Panas dan Silau UV Protection Summer Cap Murah Produk Import,2677358891,Mẹ & Bé
train_3772616106,160e45f4a5fea07d37d971835b197974.jpg,b9b2346bcc319b92,Mama Lemon dan Mama Lime Pouch Sabun Cuci Piring,277181139,Sắc đẹp
train_2856183961,00d4a4865fa5c81896287fc2c3ea0e1d.jpg,ee9690c347ceb02e,"SABUN PEMUTIH TZUKI ORIGINAL PENGHILANG JERAWAT, ANTI AGING DAN FLEK HITAM",3489985175,Sắc đẹp
train_129225211,0000a68812bc7e98c42888dfb1c07da0.jpg,94974f937d4c2433,Paper Bag Victoria Secret,249114794,Phụ kiện thời trang
train_4085226353,4cc1d342bcd52f5a354bf1076d34492f.jpg,ce2db5d2a243d1a6,SANDAL JEPIT SUN SWALLOW TOKYO ORIGINAL UKURAN 9.5 \xe2\x80\x93 10.5,1600616549,Phụ kiện thời trang
train_3200034798,de485fa2218ec76ab8d0491de1fee825.jpg,b1ccceb113b321ce,Maybelline Color Sensational The Bricks 01 Mid Pink,2480586597,Thể thao & Dã ngoại
train_600248559,4bdff6fb0039e0c72eba66776aac2026.jpg,f889d524d3c9c396,MESIN BOR MINI CORDLESS DRILL 3.6V ORANGE BONUS MATA BOR OBENG SET DIY,2676142212,Sức khỏe
train_3046265046,6d3039f5cec27f3ddd0a5f6611e44ba6.jpg,856a6e8530b79e69,10 gram Masker Komedo/Masker Gelatin 10 gram Original/AMPUH BASMI KOMEDO,456689157,Sắc đẹp
train_4224532885,5a7c82f1bf8a72c4c6f351e5b834459d.jpg,bf9ce0e09c1f16c2,Mooi Celana Pendek Anak Cotton Shorts Printing,1289868198,Mẹ & Bé
train_1174770347,1aa11207c4e8709b1ea7753d7325ae5a.jpg,e99f328c37780e62,Tas Dompet doa terlaris/terbaik/terpopuler /terbaru,2718759617,Phụ kiện thời trang
train_1995257694,2ba7396f3d9d59db1da56d92b8a2278b.jpg,d66d229679c2c95c,Pharmaskin skincare Paket Whitening Glow,267914218,Sắc đẹp
train_1894176288,5bf2c3267a166a2a3af0680bdc575916.jpg,af198798d2626a4f,ORIGINAL KEMEJA POLOS DISTRO PRIA LENGAN PENDEK SURFING DAN KERJA KANTOR BAJU FORMAL,1139560147,Thời trang
train_3855318312,ec7ed6278e0b0aaddf786ede8781f74b.jpg,c4c63e2733183e5b,Anti Crack Fuze VIVO S1 Z1 PRO Mika Akrilik Real Anti Krak,1815555102,Nhà cửa & Đời sống
train_4029690899,cd44891910ba6cb1d31522e2f15a0b15.jpg,bb3ae1c32eb460c3,Emina sun screen spf pelindung wajah dari matahari,580982659,Sức khỏe
train_3415943397,83e84beb179a75c6860e9acbfea37624.jpg,b3208e1cf837ba71,Atasan Muslim - Miranda Tunik,3562398236,Phụ kiện thời trang
train_797536258,3b9275aaa23514702093e31940fec21c.jpg,a5720736b60e5b63,Masker kain murah lusinan(12pcs),2675366031,Sắc đẹp
train_271741410,1c200b607dd9c34c47b24b8a884b4c63.jpg,faf8c6c1d1c58586,[ Mz 22 ] Jersey Olahraga Baju Bola Kaos Setelan Futsal / Volly Mizuno,2013339538,Thời trang
train_2645873492,a59d9591d753a4059d1b78eaf90b1472.jpg,e0c9973b43a4395b,[ 1KG MUAT 3 ] GP 367 COD Rantang Stainless 5 Susun Protect Fresh Box 5 in 1 Murah Produk Import,2695839971,Thực phẩm & Đồ uống
train_2620814242,f01f7981d04a4b87a1002bd149f3a697.jpg,e6939b31646c9999,Cetaphil baby daily body lotion with shea butter 400ml,1301527687,Sắc đẹp
train_750601432,33ea8d53f46851e2346e0db209e0603a.jpg,dadec141a53cbc51,Lipstik Matte 4 Warna Tahan Lama Gaya Korea,3091690960,Sắc đẹp
train_2256371411,7946e4ae68af2d74d3e189231695faf0.jpg,af96d0692f94d069,[COD] Tes Kehamilan Testpack OneMed Tespek One Med hCG Urine Pregnancy / Test Pack Kesuburan,2999794436,Nhà cửa & Đời sống
train_866703063,fbb9853192e6f5c9317ab82b35298e00.jpg,ee85845ef1689565,KAP LAMPU GANTUNG/ KAP WD + FITTING GANTUNG E27 uk 27cm PLSTK,2949933659,Nhà cửa & Đời sống
train_886002087,e5763144c7850a8bf98cfe1d1f6c97c7.jpg,a1e4c5319ca616df,Meja Lipat Laptop,2435179429,Điện tử
train_3631433378,5c2393765f783724901a62bd6beec826.jpg,e69a9a6665999326,Madu Uray 330ml,3642429295,Sức khỏe
train_470018962,e099943783e1275fe1ed1d478cb30769.jpg,8b01fb29144afdb6,MINIHIRO -  EMPENG BABY FRUIT & FOOD FEEDER,1131984318,Mẹ & Bé
train_3905489438,760d513ce8b5ffe4f6fd894d8ea6b4ec.jpg,a586492db24d65db,Timbangan Dapur Digital 10 Kg Electronic Kitchen Scale Neraca Takaran Bumbu Tampilan LCD Berteknolog,878907167,Thực phẩm & Đồ uống
train_1491251301,69e534aa59c21cbd0fe232c92268dfc8.jpg,a638343133f399e6,Bisa ecer Celana anak chinos 9-15 tahun termurah,3050187782,Mẹ & Bé
train_2325982695,8cce0fec2e6a7ed87ab9973b5fac7bfd.jpg,eb699496d26a6968,Teko teh kopi dengan saringan 900ml 1100ml 1.1 liter kaca tea pot glass elegan murah,3106075278,Thực phẩm & Đồ uống
train_180471953,6688e79193fa1afef89a38cca8adfa93.jpg,8e171b6e1a9bf818,CELANA CHINO-PREMIUM(GRATIS ONGKIR),2712789376,Thời trang
train_176796082,6a692bed3870d34c2f5a0e191e0f723b.jpg,8b4efcfc96c2444a,ALFATIH STORE /JILBAB ANAK PRINCESS MAHKOTA / Variasi Mutiara / Jilbab Anak Murah/neng,1503170656,Mẹ & Bé
train_2721837433,dec7f7ba8918ef7d44cdfb6e9ff2aef1.jpg,bed848275381cdc7,HLP HL WARNA POLOS clip on 55cm hair clip warna highlight rambut palsu klip,3048199336,Sắc đẹp
train_2125530682,f4a94448161f79904144c97f07fdc323.jpg,ceb127f8c09732c3,[SET ISI 20 PCS] Ikat Rambut Headband Karet Polos Warna Warni Headband Rubber,4118122025,Thời trang
train_1230812267,31ea3956b446a78c7302b9daf12c8e56.jpg,ccc0333fee328cc3,Pentil Pompa Bola Sepak Futsal Basket Volley Gym Olahraga,2362013911,Thể thao & Dã ngoại
train_20723777,4316e9dcddeeca087e7c733851c52499.jpg,b3269999cc367331,Minyak kayu putih cap lang 210 ml,911448401,Nhà cửa & Đời sống
train_1481108896,29533d69a22284ab51123c9974448334.jpg,b3e5cc528d8c33cc,Klem tempat botol minum sepeda,507522945,Nhà cửa & Đời sống
train_3423101357,82912c138ab43a83bbd04d7da66a2ecc.jpg,bf3a609b230f85f0,FITRI DRESS MAXY BORDIR,4217461500,Thời trang
train_2299462667,7fe11c431b57f03312b575363cde2641.jpg,b2c9c9669998cd33,SCADIX SPRAY CAT - Obat Anti Infeksi Kulit Kucing Scabies Demodex Kudis Koreng Eksim Gatal Gatal,2754315562,Sức khỏe
train_1680441952,e02a196199b1861278793e9e6130bf23.jpg,eacc953987e49a32,"Kolam Mandi Bola, Keranjang Mandi Bola, Keranjang Basket Bola",3965458173,Thể thao & Dã ngoại
train_3621247215,7e8db791049cd0e732a7fe91a41a556e.jpg,ad9ec23993e18cc3,Juz Amma Doa dan Asmaul Husna Ukuran Medium Kertas HVS,377191089,Phụ kiện thời trang
train_1187841016,46b41a646b5a7f9dec038eaeb66fca33.jpg,9a016bde1999761d,5pcs gantungan tempel hook kait serbaguna / kabel / sapu dan alat lainnya,867342872,Phụ kiện thời trang
train_747822472,8dd2fc495ad010668bca3610d9d04a9f.jpg,af71f088922e9976,Defensor Lampu Sepeda 5 LED Taillight Rechargeable,955583773,Nhà cửa & Đời sống
train_5943876,e0a49e88331f11e337652a59d657d9c9.jpg,f39c1ab263a4e561,UTICON ST118 Stop Kontak 1 Lubang - TANPA KABEL,750485770,Điện tử
train_2374942748,0542372c09839b9d71fb7809259abc49.jpg,be734849262d3e72,Square Grill Pan Panci Teflon Panggangan Teplon Panggang Kompor Wajan BBQ Barbeque Anti Lengket,2172923160,Nhà cửa & Đời sống
train_2126598315,0ec04c90cebe7be60148756e6d36fc09.jpg,eb90940f947b396a,Cukur Rambut Sonar SN 5802 Alat Mesin Pencukur Kumis,436669169,Sắc đẹp
train_1683957519,3c7a8f995ed4689cd1cbd9501326e6e6.jpg,c2f12c0fb406ddf4,Masker kain tali panjang masker katun tali pisah sambung hijab hidung mulut anti virus,232318354,Sắc đẹp
train_2885093405,da41aa9feb6d261978d4458f6dd55e4d.jpg,ce99768c316c9996,[NACIFIC]Fresh Herb Origin Serum 50ml,4289378698,Sắc đẹp
train_3768498836,7e811b745243bdbb76e4f6a85bba7ccb.jpg,ec1346ceec70b2a3,Munafie Celana,2675697051,Thời trang
train_515709976,c6089f5f4945e5aaa6549e019bc8e952.jpg,e262416d94df6a78,Zwitsal Kids Hair Lotion Soft And Moisturizing/ Natural And Nourisihing 100ml,3872882463,Sắc đẹp
train_1435893644,b6d8d9bfc2ec5ba1464376df61ad7e02.jpg,e28d94694e1c95fa,GUNINCO GAPOT SIKU cantolan sangkar burung standing pot holder bunga gantung dekorasi,2360824580,Điện tử
train_1914183964,71190763c791a91b1e7c44539d3a952c.jpg,ae0ac0651fb6f0da,TaffSTUDIO Bluetooth Audio USB External Soundcard Live Broadcast Microphone Headset - V8 Plus,4115079820,Điện tử
train_2036692085,4da88ffd8fe4add17661276ae2b2d08c.jpg,e995708f83b8cb62,JBS New York Makeup Brush Brush Egg Pad / Pembersih Kuas Makeup / Brush Cleaner,3243846557,Sắc đẹp
train_1672586850,59dcf623035d33f318a2fa3a2c5dc8b7.jpg,966b2fa8f554402f,Thinwall 1000ml REC / Box Microwave 1000ml / Thinwall Box 1000ml,3173192028,Điện tử
train_427935921,d363f1149b4514b1d2ec3c55ae57c763.jpg,84253f879b1ee19c,KACAMATA AUTO FOKUS PLUS GLORIA KACAMATA BACA AJAIB CANGGIH UNTUK SEMUA KEBUTUHAN KACAMATA BACA PLUS,2997210298,Phụ kiện thời trang
train_2100532330,c173c19049373581342c87cd6d249b15.jpg,fe954ec0925ae1d1,Kurma Shoidi 1kg Premium Pulen Dan Lembut - Kurma Manis Rasa Sukari Kering,2098588136,Thực phẩm & Đồ uống
train_667046692,673a96f73cfa9df7c4a746d8a7511fe8.jpg,a3f88cf402cbac6e,BANTAL SETIR MOTOR/BANTAL ANAK UNTUK STANG MOTOR/BANTAL BONCENGAN MOTOR KARAKTER,1386397669,Nhà cửa & Đời sống
train_2653559230,f34b4b71fb5cf3dab6015c6415228363.jpg,bbd0d4c6c4699533,Sambucol Kids UK Version ( Ready Stock ) Exp 10/2022,1176544901,Mẹ & Bé
train_2894038843,83c67cb1307bb4d4a8d10cb07226c2e1.jpg,ed87946d879069d2,Madame Gie Eyeshadow Sensous Drama Queen - MakeUp,2895371757,Sắc đẹp
train_414310144,735dc45505472ad01f94e18428a155aa.jpg,e7d298696696650d,LANEIGE WATER SLEEPING MASK - LANEIGE WATER SLEEPING MASK LAVENDER | LANEIGE WATER SLEEPING CICAPAIR,2935245097,Sắc đẹp
train_2590335778,61b451b1faf23ab6f25c335ed5b643ba.jpg,a7c01e32dc2f689e,Korek Kuping Nyala Earpick With Flashlight Alat Korek Kuping Pembersih Telinga Lampu Senter LED,498816931,Nhà cửa & Đời sống
train_1330154482,62ddaf58eea4c131d15a2f04538c9e3a.jpg,e83196ce95c37a38,[DAVIS]Kertas Lipat Origami Sidu 16x1 6 cm,1790182175,Phụ kiện thời trang
train_3055138439,58c6fb04c811fab750380aea119e9ddb.jpg,e8d68f2ad015e3d2,Dompet Mini Murah Import Jimshoney Katy / Dompet Kartu Wanita Katy Wallet Card Original Jims Honey,1174107761,Phụ kiện thời trang
train_759678684,720aba87b91c13533e69c624d71bb842.jpg,fe5fc19890e7c160,MILKZONE/ Nutricia Nutrinidrink Cair 200ml,2155479250,Thực phẩm & Đồ uống
train_3135417229,ce1d98af9e4a308a6c7245c5eb007c32.jpg,ea85941c9676956d,BOXY ABG PREMIUM - Baju Rajut Korea - Sweater Rajut Wanita - boxy sweater - sweater oversize,900624427,Thời trang
train_1446377604,ec8e59ab8d08d5af5bac7a003de3257c.jpg,a3c894e64e727d29,Casing dengan Holder Gambar Kamera Bahan Silikon untuk Oppo A5 2020 A9(2020),4131178565,Điện tử
train_229000892,a91446320ccb763449224d14ee04aba0.jpg,87b89e63dc21d899,"Bergo REMPEL Maryam wolfis, Hijab instan",1192200504,Thời trang
train_1654827745,8381182c51086000d852d15a3223604d.jpg,bacdc462a70b4f86,Gamis Anak Perempuan 5-11tahun 5tahun 6tahun 7tahun 8tahun 9tahun 10tahun 11tahun LECETIA KISD,1274738046,Thời trang
train_2406838817,faf28bf1715f8e4b1e2b84af1b594e19.jpg,fac815a64cea2799,PANTENE SHAMPO HAIR FALL 900ML EXP 2023,317365383,Sắc đẹp
train_3677835897,56814b4220395e95ea3d5210ad1043fd.jpg,877cf840d243db5a,atasan wanita delica blouse rajut outfit wanita berkualitas,686888451,Phụ kiện thời trang
train_1704440710,5b6322ad44ef0d2f888e639835a5dd01.jpg,b9e0c6b838c66d39,"Asepso Sabun 80 gr Original - Kulit, Antiseptik, Gatal, Alergi original",1931898332,Sắc đẹp
train_3177332159,7eaeccce3f7e069a717ab08791996fa6.jpg,fbb4c44b1bc56035,KISONLI - Gaming Speaker 2.1 Bluetooth U-2500BT  X-Audio With Remote Controlled,3212656814,Điện tử
train_893186053,11bb573d07f15f372d13abd594ffe21c.jpg,ca5a6d912db0a59b,50Pcs Masker Wajah 3 Lapis Sekali Pakai,2458550285,Sắc đẹp
train_4093187571,0e0c497b0619f6491d30f2f2db6147ff.jpg,fae0878fb80d847c,Sepatu 5AA Tactical Army Boots / Ada 2 Model,2458770510,Phụ kiện thời trang
train_3846257125,7fab54d124736200122ecbbd0074e7c0.jpg,fad234e18d0d0ade,CARTER - Jumper Bayi Laki Laki,3645608002,Mẹ & Bé
train_1315934554,bc921dde40eae6e26f6a523cfc4526be.jpg,b3cccc3298c76339,Viva Milk Cleanser Bengkuang,672499766,Thực phẩm & Đồ uống
train_1373140230,ade5071e0850e8f5e0deb6a9befbfffb.jpg,80d2fb3fd60185f8,LAMPU T10 JELLY 8 LED 2 WARNA SENJA SEIN STROBO,546207374,Nhà cửa & Đời sống
train_2824601705,d91cc0ef48df682017443e70378ea9d4.jpg,f08683598d6df4e4,Sprei murah Natasha Bedsheet Ukuran King size 180 x 200,2658143760,Phụ kiện thời trang
train_3724765127,143632cfd07032b7591d9bfe8c4fb678.jpg,b78fcc589321e236,SANDAL Kickers COWOK DEWASA KODE JAPIT (SIZE 39-43) SANDAL TERLARIS,220825668,Phụ kiện thời trang
train_3977598551,faaf652eddc8a0635da7460ecd5f7976.jpg,f9ccceb1c6d22590,Celana Tidur Wanita Murah,945684308,Thời trang
train_726830311,aff936534db08d2b8bcef53a98cb941f.jpg,bf96c0682fb73058,Sepatu Sneakers Pria Varka V 442 Sepatu Kets Kasual Sepatu Santai - Hitam,2375968302,Phụ kiện thời trang
train_332142770,92c33b246823fe8d7e44d7ebf94fa9ca.jpg,bae51c8de62a594a,LAMPU LED MATA ELANG EAGLE AYE 12V 1.5 W,3626995778,Nhà cửa & Đời sống
train_3292447549,4f0ddb91458905f62bb2053c18075b46.jpg,e7b2da8d313982c3,"Pashmina Bella,Jilbab pashmina ukuran 175 x 70 cm",3876139929,Thời trang
train_218255708,8b07518a9be1728fd448978728607fad.jpg,b34ee131c4f19c9c,Terlaris Pompa TABUNG Sepeda BEE ODESSY / Floor Pump WITH VALVE / Pompa ANGIN TANGAN,964348113,Phụ kiện thời trang
train_354820436,eb8764321af7ef9caee09bf3a029fa14.jpg,bc3dd0b0c2c2e64f,Headset Bluetooth ZBOX M5,1744240905,Điện tử
train_3941806551,27cf51b2f0ecdfb390f29ebdfab7649b.jpg,fe95916ac1786591,MASPION Mixing Bowl 5 Pcs Set - Mangkok Susun Enamel - Lunch Box,2929965798,Thực phẩm & Đồ uống
train_3684396189,42a7dbda699ec3f593bbf1499b8a7ed3.jpg,f18e9e31649a31ce,BEST SELLER! Mamabear ASI booster tea / teh penambah atau pelancar ASI Mama Bear,1088754866,Thực phẩm & Đồ uống
train_3134909453,d88efd9e44d190d1b51a7724b05efd34.jpg,f2803664dcb8ebb1,BESS - Sweater Crop Murah Wanita / Sweater Crop RAINBOW,983044057,Thời trang
train_3852293821,da9033aa4092cd166b9af0224f396cd2.jpg,dacda132961f48e9,[COD] PAKET PERAWATAN KULIT HANASUI | Pemutih Kulit Menghaluskan Membersihkan Wajah dan Tubuh | BPOM,2880426007,Sắc đẹp
train_2081946985,4d75ec0831cf709eeb019eff391f27c5.jpg,eca193164fa965b4,SADA Full Range 3D Stereo Subwoofer 2.1 Small PC Speaker Aktif Portable Bass Music DJ USB Computer,1562389066,Điện tử
train_4023331311,c78f597bf4dff2cdc25d1e7a46c5d237.jpg,d1072e3e3be4683c,TEPUNG BUMBU CAP CITRA PUTRI 250 GRAM,591338133,Thực phẩm & Đồ uống
train_252985147,cc496b883895b6b13189a151c068991c.jpg,bb69c4fee1c1c4c0,Stelan baju tidur 3in1~ XL,1291273063,Thời trang
train_3134786169,ecdc45d6711ae7aeedb3b71cad8c7f29.jpg,ebe2da8c84339c6c,Chil Kid 3 Madu/VANILLA 1600g,4161804285,Sức khỏe
train_2580072885,f57f27b1e25259c3b37a58648108dfac.jpg,b8f78518c7edc086,TEETHER RATTLE Mainan kerincingan genggam gigitan bayi bunyi kerincing,2415538143,Mẹ & Bé
train_3663338754,825d9f73242ba2609e567984f2a25253.jpg,eccc91b24b6c2ec9,"[Beli 1 Gratis 1] Beli Dompet Headset BESAR, GRATIS Dompet Headset KECIL (Seri 1)",2593171562,Phụ kiện thời trang
train_2147207422,bd92b082b7cfc43f1235c08eefa0275f.jpg,96c0e63bb3b9890e,Tote Bag Wanita FISKA JAIT-JAIT | tas wanita murah,970314315,Phụ kiện thời trang
train_3209405510,f24462e060f07611f9395a96a6cd7b78.jpg,b9e0c71d36c63931,dbE GM350 3.5mm Professional Gaming Headphone,72307877,Điện tử
train_3433674398,99f3a14fe4586e6842cc850d645448ad.jpg,dc9d2bc360b0b61e,RB RA257 Ikat Rambut Karet Pita Anak 18in1 Aksesoris Jepit Rambut Import Accesories Scrunchie,539292045,Mẹ & Bé
train_296287688,7e60353a3f87849153632dfbe2f4ca6f.jpg,bce7831ce74a9832,GANTUNGAN HANDUK TANPA PAKU RAK HANDUK SUCTION TEMPEL STAINLESS,976867359,Nhà cửa & Đời sống
train_1711728185,739f7c1c9ff0b676edb83c0b44db0d67.jpg,eb1dbfa160970ce0,Jilbab Instan Zaqia Masker Series Sporty Ori Shakina Danisha Hijab,1808750350,Sắc đẹp
train_3771232329,ad8477825995b8f4080bedc95abd3282.jpg,e84795c8dbb49703,Bluetooth speaker ACOME A5 (Jam digital alarm) bluetooth 5.0 garansi resmi 1th,4125147820,Điện tử
train_687173318,c5e0d3da9c2ddca654e8895dfe56da2c.jpg,d36eac70ac119e2b,1Pc Tas Ziplock Anti Air untuk Travel,1426270134,Phụ kiện thời trang
train_516234893,0558ff7a7c65595d93d79bb6fa3e2d11.jpg,bb95d84ac473c68c,FOLAMIL GENIO ISI 30 KAPSUL / VITAMIN IBU HAMIL & MENYUSUI [KEMASAN BARU],1840323610,Sức khỏe
train_445269708,8be0ddd9370782c39a2313b7b00be55b.jpg,e5c59b9a32c42d69,berkattoserba kuas masker wajah facial make up murah import,1251645465,Sắc đẹp
train_1302066437,a6377dd5b1ffb5f67396b954af5cfbc9.jpg,e6cc99729b629a13,JF AntiAcne Facial Foam,385158859,Sắc đẹp
train_2559002791,4c3071df74bf60f311772c99d1176256.jpg,bb29855cec4ed096,"Hijab Segi Empat Art Premium Voal Motif Square Printing,Kerudung Segi Empat Grosir",3547938707,Thời trang
train_1740344938,cabe8e26188ee6ffb36325b6dff126cd.jpg,dea5ccf1f00e851a,Baby Safe Teether Bayi / Baby Safe Gigitan Bayi,2720138789,Mẹ & Bé
train_471237989,fdd02ea6361fd8b75a5bcaa748fb65f9.jpg,bce7c819c63ee188,LOREAL REVITALIFT FACE MASK (SHEET MASK),2968084237,Sắc đẹp
train_4136669705,a5c1fc9bebb6d50596923153316ec8a4.jpg,e14f36926bc99692,VACUUM BAG 3PCS + POMPA ANGIN LISTRIK,621827368,Phụ kiện thời trang
train_1232041720,062f953544732d620d8d8c50a89e4cef.jpg,bf1ac0e51f802c7b,HENGREDA Tas Pinggang Pria Waistbag Bahan Kulit - JP9080,3337341827,Phụ kiện thời trang
train_374337004,2df3324f088a74486852a7ad82f7c2e0.jpg,bf2cc0d3992c3f90,Keyboard Toshiba L600 L630 L640 L640D L645 L645D L730 L735 L740 L745 C600 C640,3479259768,Điện tử
train_455831627,7d764a3de46c8b7aa18092bdf1849e48.jpg,eb309668b1cbb41e,Salep Gatal Obat Kulit Anti Jamur Panu Kadas Kudis Kurap Kutu Air Herpes Eksim Gatal-Gatal Alergi,4198624904,Sức khỏe
train_2291650986,10939fc8fd12df88727bcce284383ce2.jpg,e5d207da998d6625,Kemplang Ango Asli Lampung Pak Besar Isi 40pcs,2778287870,Nhà cửa & Đời sống
train_6930451,cf1cab25465ce4076145760686561e01.jpg,ed929072b32d936c,MUKENA ANAK KARAKTER UNYCORN PINK TAS SAJADAH PAUD TK SD,420878019,Phụ kiện thời trang
train_1031915409,b4f3a24a8f3051e55f7206a736c7aef3.jpg,b1674eac39983dc2,Susu Kambing Murni Etawa Al Hijaz Ettawa BPOM 250gr Seduh,2925334956,Thực phẩm & Đồ uống
train_2705300432,9cf5af0b75cab54bf80169dc37d70d39.jpg,f9d29638c3659c92,1Pcs Tresno Joyo Minyak Telon Herbal 100ml + FREE Minyak Telon 30ml,737541829,Sức khỏe
train_1885696213,77e25c7767bf9c33976b038dcb0cba73.jpg,ea89b352699a35ac,Stretch Mark Minimizing Cream SA Naturel by Shandy Aulia,572085747,Sắc đẹp
train_3263517101,13b6c3a7fcce85e72e16f9fd7ce158d3.jpg,def6e14b4a398885,(1 kG MUAT 2PC) G1415 1575 E182 14271 BQJ2600 HANDBAG/TAS WANITA FASHION BATAM IMPORT,2050565864,Phụ kiện thời trang
train_208831436,923805c3ecae8ef8a6e2ad7906d89996.jpg,d2a152a6ce0f32cf,Lux Botanicals Body Wasg Yuzu Blossom Vitamin C Essence 450 ml,3699648654,Sức khỏe
train_920310303,e7d220776f00cd00c44013ffd2c915fb.jpg,e699996498639acd,CANTONESE SUKI SAUCE 435ml 480g,2659286920,Thực phẩm & Đồ uống
train_3351248344,492049d12d51ab5b51d92ddf2d333d73.jpg,f96af9c491b90a25,Helm jp8 cx22 model ink T1 double visor bukan kyt nhk centro,1601035878,Nhà cửa & Đời sống
train_1414609542,8563f71914848e493213cc2ee5129bd1.jpg,d199ae46d03d0bda,KOLAM RENANG ANAK KOTAK POLOS BESTWAY KECIL 54005,3700967864,Mẹ & Bé
train_3580464545,e8c80c2c7929be74df88b1cf563a6295.jpg,af97d078c825f612,Bandana Warna Warni Bando Plastik Polos,4036630965,Thời trang
train_2523248394,42e185fb51ba8c0e9eaf742e440b2ddb.jpg,f1a4dea453ca8c9a,BENG BENG Drink Chocolate 10 Sachet x 30gr - Bengbeng Drink - Minuman Coklat,2797212838,Thực phẩm & Đồ uống
train_2760452222,c092e4adb922929383bcb42091c85adf.jpg,be1ec0e0e61dc1d3,Tenda Anak Model Castle Kado Mainan Kastil AN8109,1181341714,Mẹ & Bé
train_2064309819,18cdccebeef0723ba5370d9018f055fb.jpg,b5d198c74d3a54a5,Casing Belakang Hard Case Bahan TPU Silikon Tekstur Matte untuk iPhone 6 6s 7 8 Plus 6Plus 6sPlus 7Plus 8Plus SE 2020 SE2 XR Back Cover,234286799,Điện tử
train_3863897626,b9700b27310744d24e71ffd7eeb580d8.jpg,f34814b5507f6aa9,Sprei KENDRA POLOS 160X200 TINGGI 30 warna MERAH PINK HIJAU COKLAT UNGU PUTIH - Queen 160 T30 - SP,3272244682,Nhà cửa & Đời sống
train_2593211921,aace1eb0fff1e8a094bdaf65e84adb39.jpg,9d78d5426be371c0,Kompor Gas Kaca SUGGO 2 Tungku SG-208,709475359,Gia dụng
train_3319611878,d6be81bf0ea26a7a007ecc295ab27a09.jpg,ec92934fce709964,NEW INNISFREE - SUPER JEJU Volcanic Pore Clay Mask 100ml 2X ORIGINAL,3603284255,Sắc đẹp
train_599597383,5b5a4d9aa3163bb813ba1a31de0ef11c.jpg,c2e1b89eb9491397,BAJU KOKO DONY SIZE XL / ATASAN PRIA / PAKAIAN MUSLIM PRIA,1034637425,Phụ kiện thời trang
train_3947184090,b26c60e745762ac0cf7d1714a5b5b4d6.jpg,c59249b559273ec3,Grosir - H690 Rak Jaring Wastafel Sponge Cuci Piring / Perlengkapan Rumah / Homeware / Rak Wastafel,3418578881,Nhà cửa & Đời sống
train_3027513151,c5d5df3a4b0f72f342778e0f4182488f.jpg,cc2c4bb3739931e4,Tas kosmetik pouch polos wanita TPS,553594330,Phụ kiện thời trang
train_1308249282,865b97a640c9888669fb77fec9ab95a1.jpg,dd56b641c85bc1b4,Dompet kartu motif slot 20,577526007,Phụ kiện thời trang
train_3975028088,01929997e48e6b2ed01e983bf537a881.jpg,bfb5c04a2d352ad8,Wardah Refill Instaperfect Matte Fit Powder Foundation (100% Original),1166175991,Nhà cửa & Đời sống
train_4149928554,1fe46cd31bc98f83a384a80b4b7fcaf8.jpg,b3cccc99cc33338c,Scarlett Whitening Facial Wash ORIGINAL / Sabun Wajah,211154299,Sắc đẹp
train_2839307977,f5f7f07018ae2430d80f90e91fb3839d.jpg,837bf1905b28d4b5,Jilbab anak elmo,3149716162,Mẹ & Bé
train_1366911356,21f5c5fa4e22971a50cc631e9489a0a2.jpg,ce4d92929b6aa536,MARSHA CIPUT TOPI NON CEPOL TEGAK GROSIR PAD ANTEM INNER HIJAB JILBAB DAN KERUDUNG DISKON,3222645954,Mẹ & Bé
train_1495418601,9c0de9617d6b8e7173f848675cd336dd.jpg,c13d605b52ddb3a4,Jam Tangan Wanita Analog 1400,1567186112,Phụ kiện thời trang
train_2804745276,0be2f38a2ca491ffcb2d3af349f016db.jpg,af3f94c0da4be130,Robot Dots RB100 Speaker Bluetooth 5.0 Support Micro SD & USB,3868183614,Điện tử
train_870455986,580f1f3f95694119e2b15f71be98cc3e.jpg,eb99c69fa5c09249,KERTAS ORIGAMI SIDU BESAR 16X16 Cm,1790182175,Phụ kiện thời trang
train_1553061748,baeae9974a007dd2f80374ef078094e6.jpg,e69999669976a906,Madame Gie Lip Crayon Satin - Lipstik,3137926024,Sắc đẹp
train_3528169735,5cbbb30b381137802f3a1254840b418f.jpg,b421970f0b979cd3,Sarung Tenun SAPPHIRE HITAM POLOS / SAPHIRE TUMPAL /pcs Oleh Oleh Haji dan Umroh,1055377026,Thời trang
train_2646390451,57f5f850c84fe3586b0590c6ecd2ea2d.jpg,95b253cd508f6dc2,[BPOM] Pure Kids Fever Free Isi 4 lembar Cooling Patch Gel / Pure BB Fever Free Pure Baby / MY MOM,1715041013,Mẹ & Bé
train_3965540126,8ec0f7ad2b3cc754ac4ef36579e95ad1.jpg,af85b5b54a86c25a,Topi Face Shield Baby usia 2bln sd 3th,975789094,Mẹ & Bé
train_3312232868,38634473d85b7d7e5d3d83cc6fbf7e45.jpg,be27c3d0c863270f,RAK PIRING SETAINLES 2 SUSUN,3228859801,Thực phẩm & Đồ uống
train_3680569832,4fa59a0dce898fa6549e5dacc920ad5d.jpg,f834966bc38e9661,Ester C Holisticare Botol Isi 30 Tablet,3142856809,Nhà cửa & Đời sống
train_221361016,100bf80ab38fba18225daaa0837bb328.jpg,aec9e4a45a36951e,Speaker mini bluetooth usb Advance TP600 TP 600 (Tanpa micro sd),39139032,Điện tử
train_3370996463,9cd413550e08be950c206467739fe79e.jpg,b6e0c71bcc0f1f06,PARFUM SWITZAL BABY 30 ML,3497975685,Sắc đẹp
train_447269474,39cb35f940fc54cf08ff6d5a0b007d70.jpg,efe5cd4e908d1630,Aztec Secret Indian Healing Clay Bentonite Mask Share 200 100 60 20 15 10 gr gram In Jar full size,2094606688,Sắc đẹp
train_3526414204,14f27da9d5a6dac9810c00e4a078dcbc.jpg,e3f3989d161b491c,TAS RANSEL BABY SHARK NEW PREMIUM IMPORT,1919874911,Phụ kiện thời trang
train_2169488176,de6282d3fe37348e10922c64126e2a02.jpg,e2f19d2e68d40b0f,ONYX Alat Cukur Pencukur Kumis Jenggot Dan Rambut Multifungsi Professional Trimmer OX - 216,1105034441,Nhà cửa & Đời sống
train_3151680118,8677d4c6d563a0cc289db0723c1fbec1.jpg,f893c4c44739e13d,JUAL MUKENA DEWASA KATUN BALI RAYON BALI POLOS PREMIUM,4204571891,Thời trang
train_188566971,b0d8655e8f186860caacc07c8a191f33.jpg,adc3908de78cd233,TU88 Gantungan Handuk Perlengkapan Kamar Mandi Vakum Tanpa Paku Rak Gantung Kamar Mandi - RHT,4267606127,Nhà cửa & Đời sống
train_583425776,88de66d53a371c1e5582ecc2a53d24f0.jpg,dcd979cdb5588230,TERPAL KOLAM 200x100x50 SERBA GUNA KWALITAS PRODUK ORIGINAL UKURAN SESUAI GAMBAR,2074039420,Phụ kiện thời trang
train_1904735012,6be097d9a3e4efa1ee9e90ab1f185ccb.jpg,ab0191a13acf957e,"Dispenser Sabun Cuci Piring , Tempat sponge cuci piring , Soap Pump Dispenser Holder",2272493560,Điện tử
train_1516573836,eed96c04380dc143e1eee859b3f31371.jpg,bf7264c5c31b924a,Portable Wireless Speaker J JBL J-006 Charge Mini II Bluetooth Super Bass J006,2876907483,Điện tử
train_4186246464,241facb63a3c92fde2be740c69ce4658.jpg,bc2fc3c3c3a4943c,MamyPoko Pants X-tra Kering - S 22 - Popok Celana,3167087141,Mẹ & Bé
train_3799411842,6973b5bbaaec11ea935f8d50593b210e.jpg,ee9b31c46dc036c9,EPRINT DARK T SHIRT TRANSFER PAPER KERTAS FOTO,4243912284,Phụ kiện thời trang
train_3631729014,bdb2d0f27f8a81ba87501b7b435d8937.jpg,eac25acb7ac25a83,Sophie Paris Tas Selempang Wanita Sourdiere Cream Bag - T6456C7,1845612899,Phụ kiện thời trang
train_2661766651,4d2ea5b082aadddd41790b25b55a8749.jpg,9b9ae4b5a55ac2c2,Paket Tempered Glass Samsung A21s Free Lensa Camera,45321459,Điện tử
train_3506528946,b48f0c71dc77613575e35d85d90ef632.jpg,f1de8290bf483764,LV SELEMPANG DEWI KARDASHIAN 2RUANG SUPER QUALITY SLING BAG IMPORT BATAM,3229305269,Phụ kiện thời trang
train_4063579498,38608c32ae3bc684f9f072284b34df99.jpg,be95c9e99406a33a,BAJU TSHIRT KAOS DISTRO BUSHIDO / ATASAN PRIA / T-SHIRT PRIA,3806704121,Phụ kiện thời trang
train_1777444494,ad9c6ccd7609da61106f547adc6bbe98.jpg,bfc1c2cc9273b30c,Madu Gibran Bantu Optimalkan Tumbuh Kembang Anak,2214168875,Sức khỏe
train_160127518,0f3b47ec4ced45dee73ae5e74c81274f.jpg,e6a6f089916913bb,kabel data ViVan Lighting for iphone 5/6/7plus BWL100 Datacable Gold,2237563696,Điện tử
train_904254461,4e9b7a4fa90a56e0ccbe09058b9d9564.jpg,8b0e4d0ee3b2aa75,READ !! NEWW !! ORY SHR MAXI jEANS KIDS  PREMIUM READY  SIZE 14 dan 16,2620599495,Mẹ & Bé
train_2936323341,4007ab48dbea13e21196a0ac0382149b.jpg,a39d0cb60eec23cb,Garnier Light Complete Vitamin C 30x Booster Serum 30ml,650812621,Sức khỏe
train_3804196065,7d01309d92f71eb76520fb985f02f16a.jpg,e992966d4ba49761,Musical Toy Nursery MERRY GO ROUND / Krincingan Bayi Musik Baby,1983510531,Mẹ & Bé
train_1176101979,67a3ca4df2f1c54aa45d897e90429177.jpg,ea7a963f852a854a,Cutter Besar / Cutter Jumbo / Cutter Serbaguna,1059535039,Phụ kiện thời trang
train_3880464742,c9a1181b98f33223669185a455ed69b8.jpg,e593334c994ee22d,Amira Dress Gamis Polos Set Khimar Jilbab Instan Pet Murah,178205299,Thời trang
train_612560094,ef4778773545f408fb791e2cf66147da.jpg,e4d69b218e29a3f2,Botol Susu + Drying Rack Set Disney Isi 4 Winnie The Pooh | Kado Bayi,3134200189,Thực phẩm & Đồ uống
train_330552204,0d88a0db34f403810b1d5de082cfb36a.jpg,e9619696484fb1b3,OTG TYPE C / CONNECTOR OTG TYPE C MURAH,500010212,Điện tử
train_3677621829,25c18b12fc8416c764610f43c9d3ae4a.jpg,fbe4f4a581568591,JAM TANGAN G-SHOCK CASIO GWG 1000 JAM TANGAN TALI RUBBER  BEST SELLER BANGET HITAM  GOLD READY,3601891778,Phụ kiện thời trang
train_2784743828,90c9e719d07ed91b2eed99abe3366cd2.jpg,ccbbb34444a31bba,Tenda Kastil Kerucut Bermain Anak Model Castle Kids Portable Tent Material Polyester,1181341714,Điện tử
train_2569015259,d2aa21f8606856b8871445fd43274865.jpg,e15f1e3a96668a25,Roasted Almond Whole 500gr (Almond Panggang / Matang) Ukuran Besar 27-30 Tanpa Cangkang,2804991449,Sức khỏe
train_1594091164,e9aa3c2e123d2d17df1fdea8aa112bff.jpg,ba85c55a817a3bc5,Tasbih Digital Led / Finger Counter Digital Led Besar Ada Lampu Led,3793406295,Phụ kiện thời trang
train_1806909711,133eb0009f4870d06da92b3a63de4b2b.jpg,a63789990f9d6662,YOU Golden Age Illuminating Day Cream 18g [SPF 30++] Original BPOM,791476097,Sắc đẹp
train_1659227489,468176f16d26a41572fa04a97dc34fec.jpg,fa334e5ea55350a4,mukena sarmilla katun polos renda rajut 2 | seri warna,661566022,Thời trang
train_4076254937,11b7a4efe6c116acbf3815ff8f11909e.jpg,b30793f8d2d0ca69,VALERI JEANS(HW TALI)/CELANA JEANS PANJANG,3947389405,Thời trang
train_2383209978,fb3a1e0de1a5678d51bdcdee9e737f44.jpg,fdc38268a23ebc83,Whipping Cream Anchor 1 LTR Best Price,3176460569,Sắc đẹp
train_1974573008,409c6ef28214604e04156e8e3262ba68.jpg,be37c378cc92c1c4,HARGA TERMURAH SHOPEE BIO AQUA ORI  berkwalitas,3083543407,Phụ kiện thời trang
train_767763075,1ff602714e8098bf4aff8b6043455215.jpg,efc40de46e843e94,Cadar Tali 2 Layer Wolfis Tebal Tidak Menerawang Niqob Tanpa Jahitan Di Bawah Mata,3528566903,Sức khỏe
train_568622705,203696ace7cfc46bb7e4bbc6884ba73f.jpg,f25a9e8e21bdae40,Puzzle block busa spon Huruf Angka evamat kecil isi 42 Kping Mainan Anak Edukatif Edukasi DiasahToys,3134039974,Mẹ & Bé
train_2066020280,4806b40de9af64d5b764de8740b7b3fc.jpg,bce39169639c266c,Herbal Essences Hello Hydration Deep Moisture Shampo 300 ml,712775796,Sức khỏe
train_943245845,b78d1ce2eb484febe35c86e9baaa7d24.jpg,eae2d31e9515b4c1,"b""Vitamin C ipi 45's & vitamin B complex ipi 45's""",2945967054,Sức khỏe
train_1514891344,20858f005a5f29451336bee3aee3c3de.jpg,e9e1e105c736817e,LED MODUL SMD 5050 WATERPROOF 6 mata LED 12V 12VOLT,1322783678,Sức khỏe
train_497438430,7c829837456d7d9280633d1d7a550c22.jpg,e6b9994e23649c33,Whitening Serum for Acne,58377970,Sắc đẹp
train_4161174502,8b17361d45898a6a6cec6ae9f1b073ac.jpg,afa704a070b44f9f,Garnier Serum Mask Bright Up Skin Care x 5 - Masker Wajah Untuk Kulit Cerah Seketika,1332568669,Sắc đẹp
train_2255217317,5741151ecc3cac47817598996c75b952.jpg,85e907b5598672da,Satu7an PS01 POP SOCKET HP 3D KARAKTER CARTOON POP SOCKET  AKSESORIS HP TERLARIS IMPORT COD,1931494374,Nhà cửa & Đời sống
train_1303998779,7aed3e126cbc9c8098b6215985ef470e.jpg,ea9cb733c9c260c3,RUDY HADISUWARNO HAIR GROWTH SERUM 6x9 Ml,1231764906,Sắc đẹp
train_3550051722,ba9f2f61c42543d37648574e29e69386.jpg,eaa4c019b5639dd9,[CH88] STAND HANGER BERDIRI - STAND HANGER MULTIFUNGSI - RAK GANTUNGAN BERDIRI - RAK BERDIRI,4044205497,Nhà cửa & Đời sống
train_3205849397,f0a752a6446bb0e6699d36a695a123f8.jpg,eab4954b2c3ac2e5,"Meja Lipat Belajar,ngaji,laptop simple 6030",2867962563,Điện tử
train_947523960,bb6db3fa62dbe2a5821598d678f59880.jpg,acf713c47d83641c,Makanan Anakan Kucing Murah Life Cat Kitten 400 gr Non Whiskas,3068055054,Thực phẩm & Đồ uống
train_4192368104,e0b37b311224d60586465f78c6b35b15.jpg,be95ab95832bc584,Minyak butbut Hpai | Minyak herba sinergi,797001514,Điện tử
train_2312204588,8fd6b47a7ae1b14307d95b9ca07d6382.jpg,bf83d0c0c9e0dce6,Jam Tangan Digital Kalibre Watch Vergus artikel 9961240000,1896303791,Phụ kiện thời trang
train_4063398487,3a491861eb274af64012cf74b60fc936.jpg,ce4f1e3e98f1c106,Kalung Liontin Tanduk Rusa Warna Rose Gold untuk Wanita,813514928,Phụ kiện thời trang
train_2966656749,e056ee6db11c90725fd85421087caf18.jpg,b739896f492d9226,[TERLARIS] CELANA ANAK JOGER JOGGER POLOS LAKI PEREMPUAN KATUN BERKUALITAS HARGA MURAH KONVEKSI,2198030198,Phụ kiện thời trang
train_2652611679,aa8826691fa04596537266d3cc096dc2.jpg,a14be94d4b690b5b,Somethinc niacinamide + moisture beet serum 20ml or 40ml,48783168,Sắc đẹp
train_252917753,a15131ab9ac32a58e255935ec39b2e70.jpg,fa8784698bb654b4,Sport Earphone Stereo Bass Waterproof with Microphone,1835727468,Điện tử
train_3530384427,31f6a282ad54095cd41f1240f9a11142.jpg,8f9f9fe0e0e0f060,Set Alat Pembersih  Telinga Bahan Stainless Steel,2151413694,Nhà cửa & Đời sống
train_114108818,f855cf31c6a5c9124e20fb7fdf57a0de.jpg,b9b08eb2c71ec94c,ALAT CUKUR RAMBUT G-MAX MX-4607 / HAIR CLIPPER,3134042463,Nhà cửa & Đời sống
train_624792372,516cf70aac8491f54374a24591c0c615.jpg,a9f0d02d969a9ec6,Tas Paha Tas selempang tas touring motor Tas pinggang merk Ozone Tipe2,98869859,Phụ kiện thời trang
train_3921688844,15cf6bcb7ae53b1a81aa96d5bb41497b.jpg,e93b90e494866773,Mainan Mandi Bayi Kura kura berenang Toy Turtle Kualitas Import- Honey Boo,3254898805,Phụ kiện thời trang
train_3284990257,fca3ed0782054ac993f1d32048cf2133.jpg,fbc49f8a0e374861,KOKO COUPLE AYAH DAN ANAK,3553405586,Mẹ & Bé
train_1632488499,d9f1a27ce5b8fbdd91ed314b0730618f.jpg,eaf1950e62d93a62,Oxone OX-867 Juicer & Blender 4 in 1 - Putih,3670721629,Nhà cửa & Đời sống
train_3660315992,9bb5387210ccb504b202fd1d814a91bd.jpg,bfc1686e3a66d038,Serum Dermaplus / serum Vit c,2073398389,Sắc đẹp
train_601495002,bf6a2ee0b28d75662e89d3affa3b22cb.jpg,cfb1b00ed6a10bf1,CELEMEK PLASTIK TIPIS MOTIF KARAKTER ANAK - APRON DAPUR MASAK LUCU WATERPROOF ANTI AIR UK. STANDARD,296475017,Nhà cửa & Đời sống
train_3068628939,90711f8f0173782619d3382d20435169.jpg,e34bc86ac933369c,Wardah Lightening Night Cream Advanced Niacinamide 20 mL,2076605315,Sắc đẹp
train_33605390,75fe692b259bd8b86be65d75d94dc8d3.jpg,9f0ec49fc7612836,Sepatu Wanita Slip On Kiara sp51,1844958752,Phụ kiện thời trang
train_2163962683,d45bb55d107419e003dadde382861fb8.jpg,8477dad0792cc1cd,BUKU MOMMYCLOPEDIA 78 RESEP MPASI 567 FAKTA TENTANG MPASI NUTRISI MERAWAT BAYI BATITA BY DR META,1963870236,Mẹ & Bé
train_351834623,63c2f2874988e1641a55052babf6273f.jpg,feeac135b01c5b82,KURMA SUKARI 500gr / SUKARI BASAH / SUKARI MADINAH / KURMA RAJA / KURMA SUKARI / KURMA SUKKARI,2063618224,Thực phẩm & Đồ uống
train_2851333115,89d88939ebc40b2c99c521c0e9670645.jpg,eed0914f983c2ee1,[ MIKA ] SPONGE MIKA / SPON MIKA / BEAUTY BLEND SPONGE WAJAH,882155223,Gia dụng
train_3125040478,a8647324c67f7cb7faf8a7a3ca15d49b.jpg,a459a6b6c918d36d,Facial Wash MS GLOW/sabun MS GLOW,2613177548,Sắc đẹp
train_1053373785,997cc87d6c809dccc52f4c4d5ffff173.jpg,bb969bd940ab0475,kaos truk origonal RFOUR truk mania driver muda diskon termurah kaos kata-kata KODE; ANTI GENGSI,1889186348,Thời trang
train_2640870552,3d34465bfbb4b37076c7521066e398de.jpg,dae1cc87b6b19134,TSHRIT LOVERA KMCT / KAOS RINGER TUMBRL TEE,830415545,Thời trang
train_2904228356,d0327c46f36e7b504a49fdee1a738d14.jpg,c5ec4a376c0d9336,Tung Hai Fish Liver Oil / Minyak Ikan Tunghai Isi 500 Kapsul,4239903747,Sức khỏe
